PLAYER_NAME,LOC_X,LOC_Y,MADE_SHOT
Stephen Curry,238.8,251.4,True
Stephen Curry,40.800000000000004,81.0,True
Stephen Curry,-214.79999999999998,347.4,False
Stephen Curry,210.0,379.8,True
Stephen Curry,-164.39999999999998,106.19999999999999,False
Stephen Curry,-193.20000000000002,207.0,True
Stephen Curry,24.0,65.4,False
Stephen Curry,30.0,282.6,True
Stephen Curry,-154.8,365.4,False
Stephen Curry,-6.0,148.2,True
Stephen Curry,57.6,73.80000000000001,True
Stephen Curry,-63.599999999999994,76.2,False
Stephen Curry,-58.8,99.0,True
Stephen Curry,-26.400000000000006,390.59999999999997,False
Stephen Curry,-162.0,359.4,True
Stephen Curry,13.200000000000003,429.0,False
Stephen Curry,58.8,82.19999999999999,False
Stephen Curry,-74.4,99.0,True
Stephen Curry,-56.4,95.4,False
Stephen Curry,276.0,107.39999999999999,False
Stephen Curry,46.8,67.80000000000001,False
Stephen Curry,103.19999999999999,353.4,False
Stephen Curry,-4.8,389.40000000000003,False
Stephen Curry,144.0,173.39999999999998,True
Stephen Curry,-165.6,364.20000000000005,True
Stephen Curry,-43.2,99.0,True
Stephen Curry,-58.8,395.40000000000003,True
Stephen Curry,184.79999999999998,300.6,False
Stephen Curry,-27.599999999999998,117.0,False
Stephen Curry,-54.0,371.4,False
Stephen Curry,-246.0,253.79999999999998,True
Stephen Curry,-157.2,70.2,True
Stephen Curry,176.39999999999998,315.0,True
Stephen Curry,150.0,400.2,False
Stephen Curry,-12.0,415.8,False
Stephen Curry,217.20000000000005,288.59999999999997,True
Stephen Curry,24.0,421.8,True
Stephen Curry,4.8,72.6,True
Stephen Curry,196.79999999999998,315.0,False
Stephen Curry,-230.4,283.8,True
Stephen Curry,-110.39999999999999,263.4,False
Stephen Curry,190.8,88.19999999999999,False
Stephen Curry,182.4,324.6,True
Stephen Curry,112.8,354.6,False
Stephen Curry,-15.600000000000001,183.0,False
Stephen Curry,-214.79999999999998,315.0,True
Stephen Curry,-261.6,203.39999999999998,False
Stephen Curry,-51.599999999999994,151.8,False
Stephen Curry,8.399999999999999,64.19999999999999,True
Stephen Curry,-183.60000000000002,321.0,False
Stephen Curry,188.4,129.0,False
Stephen Curry,-76.8,371.4,True
Stephen Curry,45.6,88.19999999999999,False
Stephen Curry,-92.39999999999999,412.2,False
Stephen Curry,-24.0,82.19999999999999,True
Stephen Curry,43.2,96.60000000000001,True
Stephen Curry,260.4,240.6,False
Stephen Curry,279.6,133.8,True
Stephen Curry,165.6,342.6,False
Stephen Curry,-74.4,396.59999999999997,True
Stephen Curry,-32.4,414.5999999999999,False
Stephen Curry,267.6,65.4,False
Stephen Curry,-15.600000000000001,75.0,False
Stephen Curry,267.6,65.4,False
Stephen Curry,-98.39999999999999,400.2,False
Stephen Curry,139.2,167.39999999999998,False
Stephen Curry,84.0,372.59999999999997,False
Stephen Curry,-223.2,274.20000000000005,True
Stephen Curry,7.2,101.39999999999999,True
Stephen Curry,-51.599999999999994,375.0,False
Stephen Curry,-134.39999999999998,161.39999999999998,True
Stephen Curry,-138.0,353.4,False
Stephen Curry,1.2,371.4,False
Stephen Curry,-267.6,97.8,False
Stephen Curry,-118.8,349.79999999999995,False
Stephen Curry,-27.599999999999998,72.6,False
Stephen Curry,-19.2,78.6,False
Stephen Curry,-15.600000000000001,78.6,True
Stephen Curry,-268.79999999999995,196.20000000000002,False
Stephen Curry,-241.20000000000002,244.20000000000002,True
Stephen Curry,-142.79999999999998,351.0,True
Stephen Curry,276.0,73.80000000000001,True
Stephen Curry,-20.400000000000002,84.6,True
Stephen Curry,-61.19999999999999,364.20000000000005,False
Stephen Curry,171.60000000000002,316.2,False
Stephen Curry,206.39999999999998,333.0,False
Stephen Curry,-51.599999999999994,102.60000000000001,False
Stephen Curry,282.0,75.0,False
Stephen Curry,248.4,251.4,True
Stephen Curry,8.399999999999999,115.8,False
Stephen Curry,1.2,144.60000000000002,False
Stephen Curry,-282.0,189.0,True
Stephen Curry,-194.4,155.4,True
Stephen Curry,38.4,88.19999999999999,False
Stephen Curry,278.4,60.6,True
Stephen Curry,-206.39999999999998,325.79999999999995,False
Stephen Curry,40.800000000000004,226.2,True
Stephen Curry,-226.8,300.6,False
Stephen Curry,274.79999999999995,130.2,False
Stephen Curry,267.6,66.6,False
Stephen Curry,-246.0,285.0,True
Stephen Curry,-225.6,299.4,False
Stephen Curry,-286.8,125.39999999999998,True
Stephen Curry,19.2,395.40000000000003,True
Stephen Curry,265.20000000000005,165.0,False
Stephen Curry,-19.2,430.20000000000005,False
Stephen Curry,33.599999999999994,375.0,True
Stephen Curry,-18.0,573.0,False
Stephen Curry,13.200000000000003,97.8,True
Stephen Curry,-61.19999999999999,163.8,True
Stephen Curry,-34.8,81.0,False
Stephen Curry,-38.4,90.6,False
Stephen Curry,-242.4,246.60000000000002,True
Stephen Curry,255.60000000000002,265.79999999999995,True
Stephen Curry,-262.79999999999995,220.20000000000005,False
Stephen Curry,229.2,403.8,False
Stephen Curry,46.8,101.39999999999999,False
Stephen Curry,-292.8,223.79999999999998,False
Stephen Curry,-279.6,148.2,True
Stephen Curry,-291.59999999999997,148.2,True
Stephen Curry,-13.200000000000003,72.6,True
Stephen Curry,160.8,87.0,True
Stephen Curry,147.60000000000002,45.0,True
Stephen Curry,-14.4,47.4,False
Stephen Curry,-48.0,370.20000000000005,True
Stephen Curry,-20.400000000000002,470.99999999999994,False
Stephen Curry,208.79999999999998,382.2,False
Stephen Curry,20.400000000000002,64.19999999999999,False
Stephen Curry,1.2,71.39999999999999,True
Stephen Curry,7.2,95.4,False
Stephen Curry,-144.0,359.4,True
Stephen Curry,-156.0,370.20000000000005,True
Stephen Curry,154.8,91.80000000000001,True
Stephen Curry,-27.599999999999998,83.4,False
Stephen Curry,-151.2,363.0,False
Stephen Curry,4.8,379.8,True
Stephen Curry,190.8,315.0,False
Stephen Curry,-152.4,359.4,False
Stephen Curry,-46.8,91.80000000000001,False
Stephen Curry,198.0,309.0,True
Stephen Curry,130.8,354.6,False
Stephen Curry,13.200000000000003,82.19999999999999,True
Stephen Curry,8.399999999999999,85.80000000000001,True
Stephen Curry,-69.6,360.59999999999997,False
Stephen Curry,-19.2,93.0,False
Stephen Curry,276.0,127.80000000000001,False
Stephen Curry,-58.8,115.8,False
Stephen Curry,188.4,238.20000000000002,True
Stephen Curry,-262.79999999999995,223.79999999999998,True
Stephen Curry,198.0,316.2,False
Stephen Curry,-12.0,77.4,True
Stephen Curry,-0.0,72.6,False
Stephen Curry,10.8,101.39999999999999,True
Stephen Curry,280.8,48.6,False
Stephen Curry,1.2,76.2,True
Stephen Curry,-162.0,313.8,False
Stephen Curry,-246.0,221.4,False
Stephen Curry,-64.8,78.6,True
Stephen Curry,-40.800000000000004,91.80000000000001,False
Stephen Curry,208.79999999999998,289.8,True
Stephen Curry,-39.599999999999994,70.2,False
Stephen Curry,37.2,70.2,False
Stephen Curry,-267.6,250.20000000000002,True
Stephen Curry,252.0,252.60000000000002,True
Stephen Curry,-10.8,97.8,True
Stephen Curry,-14.4,71.39999999999999,True
Stephen Curry,-50.400000000000006,72.6,False
Stephen Curry,-272.4,76.2,True
Stephen Curry,-10.8,77.4,True
Stephen Curry,-78.0,166.2,True
Stephen Curry,-174.0,328.2,False
Stephen Curry,188.4,40.2,True
Stephen Curry,-198.0,327.0,True
Stephen Curry,-157.2,354.6,False
Stephen Curry,142.79999999999998,341.4,True
Stephen Curry,-134.39999999999998,358.20000000000005,False
Stephen Curry,280.8,189.0,False
Stephen Curry,270.0,196.20000000000002,True
Stephen Curry,210.0,315.0,True
Stephen Curry,174.0,299.4,False
Stephen Curry,246.0,243.0,False
Stephen Curry,-43.2,414.5999999999999,False
Stephen Curry,-98.39999999999999,363.0,False
Stephen Curry,-80.4,251.4,True
Stephen Curry,158.39999999999998,327.0,False
Stephen Curry,13.200000000000003,376.2,True
Stephen Curry,136.8,342.6,True
Stephen Curry,-0.0,168.60000000000002,False
Stephen Curry,-164.39999999999998,330.6,True
Stephen Curry,-273.6,84.6,True
Stephen Curry,134.39999999999998,339.0,False
Stephen Curry,253.20000000000002,348.6,False
Stephen Curry,21.6,89.4,True
Stephen Curry,-73.2,423.0,True
Stephen Curry,25.200000000000003,84.6,True
Stephen Curry,-91.2,367.8,False
Stephen Curry,19.2,77.4,True
Stephen Curry,-19.2,84.6,False
Stephen Curry,-241.20000000000002,252.60000000000002,False
Stephen Curry,126.0,139.8,False
Stephen Curry,241.20000000000002,244.20000000000002,True
Stephen Curry,57.6,144.60000000000002,True
Stephen Curry,84.0,361.8,True
Stephen Curry,-4.8,81.0,True
Stephen Curry,267.6,301.8,False
Stephen Curry,-246.0,243.0,False
Stephen Curry,66.0,156.6,True
Stephen Curry,-117.6,353.4,True
Stephen Curry,-170.39999999999998,351.0,True
Stephen Curry,-4.8,77.4,True
Stephen Curry,229.2,162.6,False
Stephen Curry,238.8,246.60000000000002,True
Stephen Curry,2.4,70.2,False
Stephen Curry,219.6,303.0,False
Stephen Curry,-216.0,89.4,False
Stephen Curry,285.59999999999997,30.599999999999994,False
Stephen Curry,-272.4,177.0,False
Stephen Curry,-122.39999999999998,357.0,False
Stephen Curry,10.8,72.6,True
Stephen Curry,-48.0,415.8,True
Stephen Curry,-1.2,66.6,False
Stephen Curry,-189.6,306.6,False
Stephen Curry,-242.4,293.4,False
Stephen Curry,152.4,391.8,True
Stephen Curry,-148.8,445.79999999999995,False
Stephen Curry,200.39999999999998,322.2,True
Stephen Curry,200.39999999999998,328.2,True
Stephen Curry,-201.60000000000002,319.79999999999995,True
Stephen Curry,254.39999999999998,341.4,False
Stephen Curry,280.8,88.19999999999999,False
Stephen Curry,274.79999999999995,166.2,False
Stephen Curry,154.8,341.4,False
Stephen Curry,-169.2,419.40000000000003,True
Stephen Curry,130.8,426.5999999999999,True
Stephen Curry,-132.0,388.2,False
Stephen Curry,-195.6,330.6,True
Stephen Curry,-141.60000000000002,377.4,False
Stephen Curry,182.4,307.8,True
Stephen Curry,-279.6,111.0,False
Stephen Curry,-26.400000000000006,343.79999999999995,False
Stephen Curry,270.0,91.80000000000001,True
Stephen Curry,-66.0,381.0,False
Stephen Curry,99.60000000000001,414.5999999999999,False
Stephen Curry,-57.6,198.6,False
Stephen Curry,-18.0,385.8,False
Stephen Curry,-27.599999999999998,409.8,False
Stephen Curry,-63.599999999999994,229.8,False
Stephen Curry,-150.0,328.2,True
Stephen Curry,19.2,301.8,False
Stephen Curry,-111.6,227.4,False
Stephen Curry,-216.0,303.0,True
Stephen Curry,216.0,274.20000000000005,True
Stephen Curry,84.0,82.19999999999999,False
Stephen Curry,-97.2,133.8,False
Stephen Curry,104.39999999999999,243.0,True
Stephen Curry,-0.0,66.6,True
Stephen Curry,-284.4,101.39999999999999,False
Stephen Curry,60.0,377.4,False
Stephen Curry,-0.0,76.2,True
Stephen Curry,-44.400000000000006,82.19999999999999,True
Stephen Curry,-25.200000000000003,85.80000000000001,True
Stephen Curry,188.4,285.0,False
Stephen Curry,-222.0,495.0,False
Stephen Curry,-194.4,184.2,True
Stephen Curry,50.400000000000006,379.8,False
Stephen Curry,10.8,198.6,False
Stephen Curry,-238.8,295.8,False
Stephen Curry,90.0,358.20000000000005,False
Stephen Curry,-40.800000000000004,81.0,False
Stephen Curry,-26.400000000000006,72.6,True
Stephen Curry,157.2,383.4,False
Stephen Curry,196.79999999999998,334.2,True
Stephen Curry,57.6,95.4,False
Stephen Curry,-38.4,373.8,True
Stephen Curry,-241.20000000000002,301.8,False
Stephen Curry,-243.6,264.6,True
Stephen Curry,-31.200000000000003,93.0,False
Stephen Curry,39.599999999999994,109.8,False
Stephen Curry,-106.8,269.4,True
Stephen Curry,7.2,447.00000000000006,False
Stephen Curry,27.599999999999998,383.4,True
Stephen Curry,-238.8,316.2,False
Stephen Curry,-24.0,214.20000000000005,False
Stephen Curry,-15.600000000000001,409.8,False
Stephen Curry,38.4,69.0,True
Stephen Curry,180.0,334.2,True
Stephen Curry,-181.2,358.20000000000005,True
Stephen Curry,52.80000000000001,100.19999999999999,True
Stephen Curry,142.79999999999998,335.4,False
Stephen Curry,130.8,340.20000000000005,False
Stephen Curry,-241.20000000000002,283.8,True
Stephen Curry,200.39999999999998,293.4,False
Stephen Curry,84.0,67.80000000000001,True
Stephen Curry,-64.8,108.60000000000002,False
Stephen Curry,246.0,456.59999999999997,True
Stephen Curry,51.599999999999994,160.20000000000002,False
Stephen Curry,129.6,163.8,False
Stephen Curry,223.2,313.8,False
Stephen Curry,-282.0,47.4,False
Stephen Curry,147.60000000000002,327.0,False
Stephen Curry,175.2,306.6,False
Stephen Curry,164.39999999999998,315.0,False
Stephen Curry,1.2,82.19999999999999,False
Stephen Curry,-8.399999999999999,421.8,False
Stephen Curry,-57.6,364.20000000000005,False
Stephen Curry,-198.0,304.2,False
Stephen Curry,-177.60000000000002,331.79999999999995,False
Stephen Curry,158.39999999999998,304.2,False
Stephen Curry,-78.0,379.8,True
Stephen Curry,-104.39999999999999,360.59999999999997,False
Stephen Curry,198.0,101.39999999999999,True
Stephen Curry,-193.20000000000002,315.0,True
Stephen Curry,-262.79999999999995,199.79999999999998,False
Stephen Curry,-147.60000000000002,331.79999999999995,False
Stephen Curry,-266.4,187.8,True
Stephen Curry,57.6,87.0,False
Stephen Curry,-208.79999999999998,282.6,False
Stephen Curry,-148.8,340.20000000000005,True
Stephen Curry,79.19999999999999,257.4,True
Stephen Curry,-24.0,371.4,False
Stephen Curry,26.400000000000006,81.0,True
Stephen Curry,162.0,336.6,False
Stephen Curry,-72.0,361.8,True
Stephen Curry,-158.39999999999998,340.20000000000005,True
Stephen Curry,-2.4,367.8,True
Stephen Curry,-18.0,179.4,False
Stephen Curry,48.0,372.59999999999997,False
Stephen Curry,-145.2,180.60000000000002,False
Stephen Curry,-177.60000000000002,382.2,False
Stephen Curry,-176.39999999999998,377.4,False
Stephen Curry,144.0,340.20000000000005,False
Stephen Curry,-181.2,317.40000000000003,True
Stephen Curry,8.399999999999999,443.40000000000003,False
Stephen Curry,230.4,310.2,True
Stephen Curry,62.400000000000006,291.0,False
Stephen Curry,165.6,227.4,False
Stephen Curry,51.599999999999994,82.19999999999999,False
Stephen Curry,-33.599999999999994,390.59999999999997,False
Stephen Curry,276.0,129.0,False
Stephen Curry,-20.400000000000002,77.4,True
Stephen Curry,-7.2,125.39999999999998,False
Stephen Curry,-163.20000000000002,340.20000000000005,True
Stephen Curry,4.8,408.5999999999999,False
Stephen Curry,202.79999999999998,307.8,True
Stephen Curry,-193.20000000000002,315.0,False
Stephen Curry,168.0,373.8,False
Stephen Curry,-33.599999999999994,83.4,True
Stephen Curry,-156.0,367.8,True
Stephen Curry,-156.0,340.20000000000005,True
Stephen Curry,-105.60000000000002,377.4,False
Stephen Curry,19.2,262.20000000000005,False
Stephen Curry,-261.6,258.6,True
Stephen Curry,-123.60000000000001,136.2,True
Stephen Curry,156.0,175.8,True
Stephen Curry,33.599999999999994,89.4,False
Stephen Curry,260.4,213.0,False
Stephen Curry,-63.599999999999994,125.39999999999998,True
Stephen Curry,238.8,258.6,False
Stephen Curry,139.2,329.40000000000003,True
Stephen Curry,-229.2,306.6,False
Stephen Curry,27.599999999999998,69.0,True
Stephen Curry,-270.0,114.6,True
Stephen Curry,150.0,405.0,True
Stephen Curry,123.60000000000001,359.4,False
Stephen Curry,-229.2,297.0,False
Stephen Curry,-154.8,347.4,True
Stephen Curry,145.2,201.0,True
Stephen Curry,190.8,315.0,True
Stephen Curry,-238.8,301.8,True
Stephen Curry,63.599999999999994,85.80000000000001,True
Stephen Curry,-241.20000000000002,316.2,False
Stephen Curry,142.79999999999998,217.79999999999998,True
Stephen Curry,-208.79999999999998,286.20000000000005,False
Stephen Curry,-32.4,381.0,True
Stephen Curry,-39.599999999999994,425.40000000000003,False
Stephen Curry,-174.0,274.20000000000005,False
Stephen Curry,252.0,303.0,False
Stephen Curry,79.19999999999999,89.4,True
Stephen Curry,-96.0,387.0,False
Stephen Curry,-39.599999999999994,187.8,True
Stephen Curry,-38.4,131.39999999999998,False
Stephen Curry,-242.4,246.60000000000002,False
Stephen Curry,-80.4,258.6,False
Stephen Curry,-46.8,84.6,False
Stephen Curry,-194.4,311.4,False
Stephen Curry,-32.4,371.4,False
Stephen Curry,-142.79999999999998,337.79999999999995,False
Stephen Curry,-60.0,372.59999999999997,False
Stephen Curry,31.200000000000003,120.60000000000001,True
Stephen Curry,13.200000000000003,369.0,False
Stephen Curry,-2.4,105.0,False
Stephen Curry,157.2,381.0,False
Stephen Curry,-198.0,341.4,True
Stephen Curry,51.599999999999994,131.39999999999998,False
Stephen Curry,64.8,381.0,True
Stephen Curry,-45.6,408.5999999999999,False
Stephen Curry,254.39999999999998,247.79999999999995,False
Stephen Curry,-200.39999999999998,309.0,True
Stephen Curry,-129.6,358.20000000000005,False
Stephen Curry,196.79999999999998,313.8,True
Stephen Curry,6.0,120.60000000000001,False
Stephen Curry,-38.4,113.4,False
Stephen Curry,-229.2,267.0,True
Stephen Curry,15.600000000000001,114.6,True
Stephen Curry,278.4,131.39999999999998,True
Stephen Curry,69.6,208.20000000000005,False
Stephen Curry,-169.2,335.4,True
Stephen Curry,-67.19999999999999,76.2,True
Stephen Curry,-27.599999999999998,335.4,False
Stephen Curry,-176.39999999999998,365.4,True
Stephen Curry,-111.6,420.5999999999999,True
Stephen Curry,175.2,220.20000000000005,True
Stephen Curry,24.0,433.79999999999995,True
Stephen Curry,86.4,383.4,True
Stephen Curry,92.39999999999999,100.19999999999999,True
Stephen Curry,2.4,383.4,False
Stephen Curry,-278.4,70.2,True
Stephen Curry,-37.2,78.6,True
Stephen Curry,228.0,269.4,True
Stephen Curry,-19.2,430.20000000000005,True
Stephen Curry,220.79999999999998,345.0,True
Stephen Curry,-80.4,76.2,True
Stephen Curry,45.6,85.80000000000001,True
Stephen Curry,-101.99999999999999,353.4,False
Stephen Curry,19.2,385.8,False
Stephen Curry,-190.8,357.0,False
Stephen Curry,220.79999999999998,324.6,False
Stephen Curry,134.39999999999998,418.20000000000005,False
Stephen Curry,138.0,185.4,False
Stephen Curry,-50.400000000000006,373.8,True
Stephen Curry,-175.2,189.0,True
Stephen Curry,120.0,370.20000000000005,True
Stephen Curry,-162.0,341.4,False
Stephen Curry,-213.6,328.2,True
Stephen Curry,206.39999999999998,309.0,True
Stephen Curry,273.6,69.0,False
Stephen Curry,144.0,339.0,True
Stephen Curry,-8.399999999999999,421.8,True
Stephen Curry,-138.0,388.2,False
Stephen Curry,52.80000000000001,100.19999999999999,False
Stephen Curry,196.79999999999998,306.6,False
Stephen Curry,280.8,167.39999999999998,True
Stephen Curry,91.2,351.0,True
Stephen Curry,34.8,87.0,True
Stephen Curry,-249.60000000000002,423.0,False
Stephen Curry,-70.80000000000001,438.59999999999997,False
Stephen Curry,120.0,131.39999999999998,True
Stephen Curry,-217.20000000000005,378.6,False
Stephen Curry,-88.80000000000001,82.19999999999999,True
Stephen Curry,4.8,389.40000000000003,False
Stephen Curry,213.6,304.2,False
Stephen Curry,-30.0,88.19999999999999,True
Stephen Curry,-61.19999999999999,316.2,True
Stephen Curry,254.39999999999998,255.00000000000003,False
Stephen Curry,-73.2,395.40000000000003,True
Stephen Curry,74.4,88.19999999999999,False
Stephen Curry,136.8,61.800000000000004,False
Stephen Curry,-171.60000000000002,345.0,False
Stephen Curry,-147.60000000000002,370.20000000000005,False
Stephen Curry,292.8,151.8,False
Stephen Curry,-272.4,240.6,False
Stephen Curry,105.60000000000002,372.59999999999997,False
Stephen Curry,-284.4,132.60000000000002,False
Stephen Curry,-279.6,184.2,False
Stephen Curry,-88.80000000000001,81.0,False
Stephen Curry,123.60000000000001,365.4,True
Stephen Curry,112.8,369.0,False
Stephen Curry,284.4,145.79999999999998,False
Stephen Curry,-4.8,214.20000000000005,False
Stephen Curry,46.8,418.20000000000005,True
Stephen Curry,-151.2,81.0,False
Stephen Curry,66.0,391.8,False
Stephen Curry,63.599999999999994,106.19999999999999,False
Stephen Curry,235.2,269.4,True
Stephen Curry,-169.2,333.0,False
Stephen Curry,-12.0,366.59999999999997,False
Stephen Curry,139.2,171.0,True
Stephen Curry,98.39999999999999,472.20000000000005,True
Stephen Curry,67.19999999999999,400.2,False
Stephen Curry,-0.0,78.6,True
Stephen Curry,-12.0,257.4,True
Stephen Curry,-170.39999999999998,309.0,False
Stephen Curry,-128.39999999999998,231.0,True
Stephen Curry,18.0,142.2,True
Stephen Curry,-44.400000000000006,389.40000000000003,True
Stephen Curry,206.39999999999998,282.6,False
Stephen Curry,261.6,193.79999999999998,True
Stephen Curry,-50.400000000000006,217.79999999999998,False
Stephen Curry,-2.4,73.80000000000001,False
Stephen Curry,-188.4,357.0,True
Stephen Curry,-174.0,307.8,True
Stephen Curry,-138.0,341.4,True
Stephen Curry,-225.6,265.79999999999995,False
Stephen Curry,51.599999999999994,364.20000000000005,False
Stephen Curry,-187.2,228.6,False
Stephen Curry,-1.2,81.0,False
Stephen Curry,-1.2,101.39999999999999,True
Stephen Curry,-165.6,371.4,False
Stephen Curry,-0.0,78.6,True
Stephen Curry,-238.8,244.20000000000002,True
Stephen Curry,-273.6,207.0,False
Stephen Curry,1.2,197.39999999999998,True
Stephen Curry,-40.800000000000004,184.2,False
Stephen Curry,74.4,135.0,False
Stephen Curry,268.79999999999995,139.8,True
Stephen Curry,220.79999999999998,265.79999999999995,False
Stephen Curry,274.79999999999995,102.60000000000001,True
Stephen Curry,217.20000000000005,297.0,False
Stephen Curry,-268.79999999999995,214.20000000000005,False
Stephen Curry,-276.0,97.8,True
Stephen Curry,31.200000000000003,184.2,False
Stephen Curry,62.400000000000006,412.2,True
Stephen Curry,-50.400000000000006,77.4,True
Stephen Curry,78.0,387.0,False
Stephen Curry,46.8,102.60000000000001,False
Stephen Curry,-25.200000000000003,78.6,True
Stephen Curry,268.79999999999995,118.2,False
Stephen Curry,262.79999999999995,203.39999999999998,True
Stephen Curry,259.2,240.6,False
Stephen Curry,247.20000000000002,790.1999999999999,False
Stephen Curry,34.8,76.2,True
Stephen Curry,-124.80000000000001,366.59999999999997,False
Stephen Curry,-32.4,82.19999999999999,True
Stephen Curry,-48.0,89.4,True
Stephen Curry,-156.0,343.79999999999995,False
Stephen Curry,-150.0,371.4,False
Stephen Curry,-50.400000000000006,106.19999999999999,True
Stephen Curry,148.8,331.79999999999995,True
Stephen Curry,-238.8,299.4,False
Stephen Curry,145.2,377.4,False
Stephen Curry,-170.39999999999998,329.40000000000003,False
Stephen Curry,240.0,335.4,True
Stephen Curry,-195.6,358.20000000000005,False
Stephen Curry,-203.99999999999997,322.2,False
Stephen Curry,115.2,108.60000000000002,True
Stephen Curry,56.4,101.39999999999999,True
Stephen Curry,211.20000000000005,299.4,False
Stephen Curry,99.60000000000001,400.2,False
Stephen Curry,-154.8,333.0,True
Stephen Curry,1.2,245.4,False
Stephen Curry,-208.79999999999998,352.20000000000005,False
Stephen Curry,247.20000000000002,243.0,True
Stephen Curry,-72.0,85.80000000000001,False
Stephen Curry,-132.0,364.20000000000005,True
Stephen Curry,-246.0,288.59999999999997,False
Stephen Curry,106.8,370.20000000000005,True
Stephen Curry,-43.2,79.8,True
Stephen Curry,-256.79999999999995,246.60000000000002,False
Stephen Curry,54.0,99.0,True
Stephen Curry,-45.6,108.60000000000002,True
Stephen Curry,88.80000000000001,63.0,True
Stephen Curry,-10.8,251.4,False
Stephen Curry,10.8,108.60000000000002,False
Stephen Curry,202.79999999999998,373.8,False
Stephen Curry,-46.8,107.39999999999999,True
Stephen Curry,-246.0,249.0,False
Stephen Curry,-6.0,156.6,False
Stephen Curry,-255.60000000000002,243.0,True
Stephen Curry,160.8,239.4,False
Stephen Curry,-252.0,274.20000000000005,False
Stephen Curry,-103.19999999999999,635.4000000000001,False
Stephen Curry,-148.8,378.6,True
Stephen Curry,-30.0,76.2,True
Stephen Curry,-222.0,329.40000000000003,False
Stephen Curry,238.8,270.6,True
Stephen Curry,52.80000000000001,191.4,True
Stephen Curry,-132.0,361.8,False
Stephen Curry,27.599999999999998,389.40000000000003,False
Stephen Curry,-163.20000000000002,214.20000000000005,True
Stephen Curry,-194.4,310.2,False
Stephen Curry,-216.0,299.4,True
Stephen Curry,256.79999999999995,303.0,False
Stephen Curry,189.6,210.6,False
Stephen Curry,13.200000000000003,157.8,False
Stephen Curry,-270.0,222.6,True
Stephen Curry,-278.4,84.6,False
Stephen Curry,97.2,401.40000000000003,True
Stephen Curry,4.8,133.8,False
Stephen Curry,214.79999999999998,301.8,True
Stephen Curry,48.0,72.6,False
Stephen Curry,-36.0,114.6,True
Stephen Curry,33.599999999999994,387.0,False
Stephen Curry,235.2,282.6,False
Stephen Curry,109.2,127.80000000000001,True
Stephen Curry,-115.2,138.60000000000002,False
Stephen Curry,-174.0,343.79999999999995,False
Stephen Curry,-20.400000000000002,203.39999999999998,False
Stephen Curry,-50.400000000000006,155.4,False
Stephen Curry,54.0,376.2,False
Stephen Curry,-78.0,105.0,False
Stephen Curry,203.99999999999997,309.0,False
Stephen Curry,-130.8,349.79999999999995,False
Stephen Curry,-144.0,413.40000000000003,False
Stephen Curry,-34.8,79.8,False
Stephen Curry,-7.2,112.2,False
Stephen Curry,-187.2,363.0,False
Stephen Curry,-222.0,133.8,False
Stephen Curry,-138.0,249.0,True
Stephen Curry,111.6,142.2,False
Stephen Curry,-279.6,71.39999999999999,True
Stephen Curry,39.599999999999994,378.6,False
Stephen Curry,145.2,355.8,True
Stephen Curry,130.8,420.5999999999999,True
Stephen Curry,198.0,413.40000000000003,True
Stephen Curry,182.4,359.4,False
Stephen Curry,-132.0,431.40000000000003,True
Stephen Curry,30.0,400.2,False
Stephen Curry,33.599999999999994,369.0,False
Stephen Curry,-1.2,131.39999999999998,True
Stephen Curry,-33.599999999999994,76.2,False
Stephen Curry,-230.4,343.79999999999995,False
Stephen Curry,-66.0,207.0,False
Stephen Curry,223.2,118.2,True
Stephen Curry,-135.60000000000002,190.2,True
Stephen Curry,-79.19999999999999,120.60000000000001,False
Stephen Curry,76.8,435.00000000000006,False
Stephen Curry,-129.6,359.4,False
Stephen Curry,184.79999999999998,384.59999999999997,True
Stephen Curry,52.80000000000001,96.60000000000001,True
Stephen Curry,-4.8,305.4,False
Stephen Curry,282.0,67.80000000000001,False
Stephen Curry,246.0,281.4,False
Stephen Curry,98.39999999999999,114.6,True
Stephen Curry,213.6,286.20000000000005,False
Stephen Curry,-21.6,73.80000000000001,True
Stephen Curry,278.4,69.0,False
Stephen Curry,115.2,127.80000000000001,False
Stephen Curry,198.0,297.0,False
Stephen Curry,-247.20000000000002,241.79999999999995,False
Stephen Curry,103.19999999999999,357.0,False
Stephen Curry,-195.6,351.0,False
Stephen Curry,16.799999999999997,127.80000000000001,True
Stephen Curry,-6.0,384.59999999999997,True
Stephen Curry,-235.2,276.6,False
Stephen Curry,40.800000000000004,399.0,True
Stephen Curry,-134.39999999999998,114.6,False
Stephen Curry,76.8,279.0,True
Stephen Curry,-51.599999999999994,161.39999999999998,False
Stephen Curry,-28.8,385.8,False
Stephen Curry,96.0,111.0,True
Stephen Curry,225.6,271.79999999999995,False
Stephen Curry,39.599999999999994,89.4,False
Stephen Curry,-110.39999999999999,132.60000000000002,False
Stephen Curry,-15.600000000000001,403.8,False
Stephen Curry,48.0,233.4,False
Stephen Curry,-50.400000000000006,285.0,True
Stephen Curry,-74.4,358.20000000000005,False
Stephen Curry,193.20000000000002,304.2,False
Stephen Curry,-79.19999999999999,114.6,False
Stephen Curry,-84.0,273.0,True
Stephen Curry,-207.6,289.8,True
Stephen Curry,-128.39999999999998,163.8,True
Stephen Curry,279.6,133.8,False
Stephen Curry,10.8,372.59999999999997,True
Stephen Curry,73.2,375.0,False
Stephen Curry,-96.0,70.2,False
Stephen Curry,93.6,136.2,False
Stephen Curry,-32.4,130.2,True
Stephen Curry,-151.2,376.2,False
Stephen Curry,-174.0,299.4,False
Stephen Curry,-249.60000000000002,279.0,True
Stephen Curry,282.0,95.4,False
Stephen Curry,-175.2,306.6,False
Stephen Curry,43.2,78.6,False
Stephen Curry,19.2,369.0,False
Stephen Curry,-168.0,339.0,True
Stephen Curry,-105.60000000000002,369.0,False
Stephen Curry,214.79999999999998,276.6,True
Stephen Curry,272.4,95.4,True
Stephen Curry,126.0,353.4,False
Stephen Curry,156.0,79.8,True
Stephen Curry,33.599999999999994,78.6,True
Stephen Curry,-69.6,142.2,False
Stephen Curry,-44.400000000000006,89.4,False
Stephen Curry,-162.0,328.2,False
Stephen Curry,-151.2,339.0,False
Stephen Curry,145.2,331.79999999999995,False
Stephen Curry,-21.6,93.0,True
Stephen Curry,-20.400000000000002,76.2,False
Stephen Curry,-4.8,94.2,False
Stephen Curry,-187.2,335.4,False
Stephen Curry,-90.0,363.0,False
Stephen Curry,-70.80000000000001,379.8,True
Stephen Curry,73.2,192.6,True
Stephen Curry,-13.200000000000003,81.0,True
Stephen Curry,-14.4,82.19999999999999,True
Stephen Curry,-175.2,331.79999999999995,False
Stephen Curry,169.2,353.4,False
Stephen Curry,118.8,83.4,False
Stephen Curry,279.6,125.39999999999998,False
Stephen Curry,43.2,103.8,False
Stephen Curry,-6.0,94.2,False
Stephen Curry,-171.60000000000002,342.6,True
Stephen Curry,2.4,598.2,False
Stephen Curry,-2.4,139.8,True
Stephen Curry,51.599999999999994,400.2,True
Stephen Curry,189.6,340.20000000000005,False
Stephen Curry,18.0,100.19999999999999,True
Stephen Curry,-104.39999999999999,358.20000000000005,True
Stephen Curry,85.19999999999999,384.59999999999997,False
Stephen Curry,229.2,307.8,True
Stephen Curry,177.60000000000002,112.2,False
Stephen Curry,-90.0,352.20000000000005,False
Stephen Curry,-92.39999999999999,364.20000000000005,False
Stephen Curry,-69.6,96.60000000000001,False
Stephen Curry,-93.6,403.8,True
Stephen Curry,13.200000000000003,94.2,True
Stephen Curry,-6.0,403.8,False
Stephen Curry,-2.4,397.79999999999995,False
Stephen Curry,-202.79999999999998,352.20000000000005,True
Stephen Curry,-195.6,324.6,True
Stephen Curry,228.0,423.0,False
Stephen Curry,240.0,257.4,True
Stephen Curry,219.6,282.6,False
Stephen Curry,-174.0,340.20000000000005,False
Stephen Curry,-187.2,370.20000000000005,True
Stephen Curry,180.0,340.20000000000005,True
Stephen Curry,150.0,369.0,False
Stephen Curry,-230.4,303.0,True
Stephen Curry,22.8,186.60000000000002,True
Stephen Curry,249.60000000000002,246.60000000000002,True
Stephen Curry,156.0,339.0,False
Stephen Curry,34.8,70.2,False
Stephen Curry,-40.800000000000004,243.0,True
Stephen Curry,-72.0,370.20000000000005,True
Stephen Curry,-25.200000000000003,415.8,False
Stephen Curry,261.6,215.39999999999998,False
Stephen Curry,274.79999999999995,64.19999999999999,True
Stephen Curry,48.0,388.2,True
Stephen Curry,144.0,357.0,False
Stephen Curry,176.39999999999998,333.0,True
Stephen Curry,120.0,345.0,False
Stephen Curry,270.0,173.39999999999998,False
Stephen Curry,-189.6,70.2,False
Stephen Curry,123.60000000000001,369.0,False
Stephen Curry,93.6,153.0,True
Stephen Curry,-86.4,378.6,False
Stephen Curry,-15.600000000000001,78.6,True
Stephen Curry,-282.0,47.4,False
Stephen Curry,130.8,46.199999999999996,True
Stephen Curry,10.8,70.2,True
Stephen Curry,-116.4,135.0,False
Stephen Curry,-135.60000000000002,353.4,True
Stephen Curry,34.8,402.59999999999997,False
Stephen Curry,-230.4,282.6,False
Stephen Curry,-7.2,71.39999999999999,True
Stephen Curry,56.4,397.79999999999995,True
Stephen Curry,-198.0,309.0,True
Stephen Curry,118.8,397.79999999999995,False
Stephen Curry,-4.8,72.6,True
Stephen Curry,253.20000000000002,255.00000000000003,False
Stephen Curry,40.800000000000004,198.6,True
Stephen Curry,-236.4,249.0,False
Stephen Curry,-262.79999999999995,190.2,False
Stephen Curry,142.79999999999998,330.6,True
Stephen Curry,272.4,103.8,False
Stephen Curry,254.39999999999998,227.4,False
Stephen Curry,-1.2,81.0,True
Stephen Curry,24.0,77.4,True
Stephen Curry,-268.79999999999995,113.4,False
Stephen Curry,-278.4,97.8,True
Stephen Curry,-33.599999999999994,76.2,False
Stephen Curry,-90.0,108.60000000000002,False
Stephen Curry,52.80000000000001,215.39999999999998,False
Stephen Curry,-84.0,94.2,False
Stephen Curry,-30.0,89.4,True
Stephen Curry,86.4,340.20000000000005,False
Stephen Curry,-64.8,363.0,False
Stephen Curry,130.8,337.79999999999995,False
Stephen Curry,-278.4,76.2,True
Stephen Curry,-101.99999999999999,360.59999999999997,False
Stephen Curry,-249.60000000000002,232.2,True
Stephen Curry,48.0,58.2,False
Stephen Curry,20.400000000000002,73.80000000000001,True
Stephen Curry,200.39999999999998,291.0,True
Stephen Curry,-248.4,238.20000000000002,False
Stephen Curry,272.4,59.4,False
Stephen Curry,280.8,106.19999999999999,True
Stephen Curry,214.79999999999998,372.59999999999997,False
Stephen Curry,-282.0,114.6,False
Stephen Curry,-21.6,82.19999999999999,True
Stephen Curry,-13.200000000000003,78.6,True
Stephen Curry,-158.39999999999998,312.6,True
Stephen Curry,13.200000000000003,364.20000000000005,False
Stephen Curry,230.4,276.6,False
Stephen Curry,-70.80000000000001,363.0,False
Stephen Curry,112.8,136.2,False
Stephen Curry,169.2,303.0,True
Stephen Curry,-126.0,340.20000000000005,False
Stephen Curry,-4.8,181.79999999999998,False
Stephen Curry,138.0,333.0,True
Stephen Curry,278.4,76.2,True
Stephen Curry,-46.8,124.2,True
Stephen Curry,-177.60000000000002,347.4,False
Stephen Curry,4.8,78.6,False
Stephen Curry,-172.8,358.20000000000005,False
Stephen Curry,148.8,117.0,True
Stephen Curry,50.400000000000006,106.19999999999999,True
Stephen Curry,-192.0,317.40000000000003,True
Stephen Curry,-280.8,91.80000000000001,False
Stephen Curry,231.6,310.2,False
Stephen Curry,278.4,52.199999999999996,True
Stephen Curry,-280.8,106.19999999999999,False
Stephen Curry,-79.19999999999999,390.59999999999997,True
Stephen Curry,12.0,112.2,True
Stephen Curry,39.599999999999994,107.39999999999999,False
Stephen Curry,-20.400000000000002,97.8,True
Stephen Curry,-174.0,335.4,True
Stephen Curry,-135.60000000000002,168.60000000000002,False
Stephen Curry,-64.8,103.8,True
Stephen Curry,-190.8,375.0,False
Stephen Curry,18.0,399.0,False
Stephen Curry,-30.0,109.8,True
Stephen Curry,37.2,78.6,True
Stephen Curry,214.79999999999998,348.6,False
Stephen Curry,58.8,171.0,True
Stephen Curry,50.400000000000006,100.19999999999999,True
Stephen Curry,26.400000000000006,371.4,False
Stephen Curry,82.8,143.4,False
Stephen Curry,-50.400000000000006,99.0,True
Stephen Curry,-169.2,376.2,True
Stephen Curry,190.8,307.8,True
Stephen Curry,-80.4,221.4,True
Stephen Curry,-57.6,433.79999999999995,False
Stephen Curry,-31.200000000000003,384.59999999999997,False
Stephen Curry,-8.399999999999999,97.8,False
Stephen Curry,-97.2,365.4,False
Stephen Curry,-148.8,370.20000000000005,False
Stephen Curry,-90.0,365.4,True
Stephen Curry,91.2,354.6,True
Stephen Curry,-24.0,114.6,True
Stephen Curry,10.8,378.6,False
Stephen Curry,295.20000000000005,59.4,False
Stephen Curry,45.6,101.39999999999999,True
Stephen Curry,-181.2,131.39999999999998,True
Stephen Curry,-220.79999999999998,258.6,False
Stephen Curry,33.599999999999994,70.2,True
Stephen Curry,-174.0,327.0,False
Stephen Curry,-256.79999999999995,294.59999999999997,True
Stephen Curry,181.2,391.8,False
Stephen Curry,34.8,93.0,True
Stephen Curry,-168.0,407.40000000000003,True
Stephen Curry,-20.400000000000002,121.8,True
Stephen Curry,21.6,432.59999999999997,True
Stephen Curry,-60.0,324.6,False
Stephen Curry,105.60000000000002,71.39999999999999,False
Stephen Curry,-135.60000000000002,358.20000000000005,True
Stephen Curry,229.2,346.20000000000005,False
Stephen Curry,-73.2,667.8,True
Stephen Curry,-260.4,238.20000000000002,True
Stephen Curry,-247.20000000000002,281.4,False
Stephen Curry,-170.39999999999998,336.6,True
Stephen Curry,244.79999999999995,283.8,True
Stephen Curry,-280.8,147.0,True
Stephen Curry,-44.400000000000006,253.79999999999998,True
Stephen Curry,-74.4,198.6,True
Stephen Curry,241.20000000000002,287.4,False
Stephen Curry,-264.0,263.4,False
Stephen Curry,-241.20000000000002,276.6,True
Stephen Curry,208.79999999999998,325.79999999999995,True
Stephen Curry,-226.8,299.4,False
Stephen Curry,-123.60000000000001,377.4,True
Stephen Curry,-246.0,288.59999999999997,False
Stephen Curry,10.8,379.8,True
Stephen Curry,64.8,365.4,False
Stephen Curry,117.6,76.2,False
Stephen Curry,-12.0,69.0,True
Stephen Curry,206.39999999999998,287.4,True
Stephen Curry,-134.39999999999998,407.40000000000003,True
Stephen Curry,-33.599999999999994,415.8,False
Stephen Curry,-86.4,349.79999999999995,False
Stephen Curry,-56.4,73.80000000000001,True
Stephen Curry,-13.200000000000003,69.0,True
Stephen Curry,112.8,340.20000000000005,False
Stephen Curry,-7.2,396.59999999999997,True
Stephen Curry,-254.39999999999998,261.0,True
Stephen Curry,33.599999999999994,78.6,True
Stephen Curry,6.0,88.19999999999999,True
Stephen Curry,230.4,313.8,False
Stephen Curry,21.6,378.6,False
Stephen Curry,-66.0,379.8,False
Stephen Curry,154.8,241.79999999999995,True
Stephen Curry,-106.8,354.6,True
Stephen Curry,-13.200000000000003,378.6,False
Stephen Curry,-40.800000000000004,82.19999999999999,True
Stephen Curry,-222.0,271.79999999999995,False
Stephen Curry,-110.39999999999999,358.20000000000005,False
Stephen Curry,98.39999999999999,375.0,True
Stephen Curry,67.19999999999999,444.59999999999997,False
Stephen Curry,226.8,274.20000000000005,False
Stephen Curry,6.0,97.8,False
Stephen Curry,-30.0,95.4,False
Stephen Curry,-6.0,211.79999999999998,True
Stephen Curry,-216.0,322.2,True
Stephen Curry,228.0,265.79999999999995,False
Stephen Curry,-18.0,71.39999999999999,True
Stephen Curry,-0.0,373.8,False
Stephen Curry,-230.4,263.4,True
Stephen Curry,-30.0,76.2,False
Stephen Curry,-20.400000000000002,72.6,False
Stephen Curry,246.0,241.79999999999995,False
Stephen Curry,-13.200000000000003,70.2,False
Stephen Curry,-7.2,64.19999999999999,True
Stephen Curry,-7.2,113.4,False
Stephen Curry,-19.2,136.2,False
Stephen Curry,-15.600000000000001,76.2,True
Stephen Curry,151.2,145.79999999999998,True
Stephen Curry,-228.0,301.8,False
Stephen Curry,-168.0,341.4,True
Stephen Curry,37.2,81.0,False
Stephen Curry,-97.2,187.8,True
Stephen Curry,-57.6,371.4,True
Stephen Curry,-120.0,357.0,False
Stephen Curry,-241.20000000000002,240.6,True
Stephen Curry,-4.8,144.60000000000002,False
Stephen Curry,-147.60000000000002,334.2,True
Stephen Curry,168.0,329.40000000000003,True
Stephen Curry,157.2,348.6,False
Stephen Curry,70.80000000000001,112.2,True
Stephen Curry,-50.400000000000006,102.60000000000001,True
Stephen Curry,122.39999999999998,143.4,False
Stephen Curry,-34.8,383.4,False
Stephen Curry,147.60000000000002,328.2,False
Stephen Curry,188.4,313.8,True
Stephen Curry,190.8,322.2,True
Stephen Curry,-0.0,63.0,False
Stephen Curry,-93.6,510.59999999999997,True
Stephen Curry,6.0,70.2,True
Stephen Curry,15.600000000000001,70.2,True
Stephen Curry,-138.0,357.0,False
Stephen Curry,-273.6,70.2,True
Stephen Curry,14.4,67.80000000000001,True
Stephen Curry,-163.20000000000002,318.6,True
Stephen Curry,190.8,299.4,False
Stephen Curry,268.79999999999995,29.4,True
Stephen Curry,99.60000000000001,436.20000000000005,False
Stephen Curry,-198.0,322.2,False
Stephen Curry,278.4,47.4,False
Stephen Curry,288.0,90.6,True
Stephen Curry,-126.0,252.60000000000002,True
Stephen Curry,-48.0,383.4,False
Stephen Curry,-129.6,89.4,True
Stephen Curry,-156.0,84.6,False
Stephen Curry,-182.4,330.6,False
Stephen Curry,-97.2,399.0,False
Stephen Curry,79.19999999999999,357.0,False
Stephen Curry,-234.0,304.2,True
Stephen Curry,-177.60000000000002,334.2,True
Stephen Curry,-165.6,28.2,False
Stephen Curry,-88.80000000000001,348.6,False
Stephen Curry,30.0,83.4,True
Stephen Curry,-243.6,268.20000000000005,False
Stephen Curry,-101.99999999999999,354.6,False
Stephen Curry,-255.60000000000002,245.4,False
Stephen Curry,-267.6,243.0,False
Stephen Curry,-60.0,101.39999999999999,False
Stephen Curry,-246.0,307.8,True
Stephen Curry,25.200000000000003,83.4,True
Stephen Curry,252.0,54.6,False
Stephen Curry,256.79999999999995,238.20000000000002,True
Stephen Curry,-44.400000000000006,73.80000000000001,True
Stephen Curry,-242.4,253.79999999999998,True
Stephen Curry,-194.4,339.0,False
Stephen Curry,-31.200000000000003,87.0,False
Stephen Curry,255.60000000000002,269.4,False
Stephen Curry,216.0,303.0,True
Stephen Curry,236.4,327.0,True
Stephen Curry,-136.8,355.8,True
Stephen Curry,87.6,403.8,False
Stephen Curry,-188.4,353.4,False
Stephen Curry,-273.6,72.6,False
Stephen Curry,241.20000000000002,371.4,False
Stephen Curry,-30.0,81.0,True
Stephen Curry,262.79999999999995,234.6,True
Stephen Curry,-56.4,414.5999999999999,False
Stephen Curry,56.4,100.19999999999999,False
Stephen Curry,187.2,384.59999999999997,False
Stephen Curry,45.6,75.0,True
Stephen Curry,-235.2,297.0,True
Stephen Curry,240.0,252.60000000000002,False
Stephen Curry,-208.79999999999998,363.0,False
Stephen Curry,-176.39999999999998,340.20000000000005,False
Stephen Curry,147.60000000000002,348.6,False
Stephen Curry,-170.39999999999998,361.8,True
Stephen Curry,265.20000000000005,237.0,False
Stephen Curry,-52.80000000000001,141.0,False
Stephen Curry,20.400000000000002,282.6,True
Stephen Curry,-58.8,406.2,True
Stephen Curry,188.4,345.0,False
Stephen Curry,122.39999999999998,196.20000000000002,False
Stephen Curry,-76.8,198.6,True
Stephen Curry,193.20000000000002,372.59999999999997,True
Stephen Curry,129.6,409.8,True
Stephen Curry,2.4,385.8,False
Stephen Curry,30.0,78.6,True
Stephen Curry,109.2,384.59999999999997,False
Stephen Curry,-162.0,373.8,False
Stephen Curry,-30.0,99.0,True
Stephen Curry,8.399999999999999,397.79999999999995,False
Stephen Curry,50.400000000000006,129.0,False
Stephen Curry,223.2,269.4,False
Stephen Curry,-115.2,385.8,False
Stephen Curry,182.4,322.2,True
Stephen Curry,18.0,189.0,True
Stephen Curry,208.79999999999998,305.4,False
Stephen Curry,208.79999999999998,103.8,False
Stephen Curry,-110.39999999999999,397.79999999999995,False
Stephen Curry,-175.2,330.6,False
Stephen Curry,-43.2,93.0,False
Stephen Curry,-24.0,425.40000000000003,True
Stephen Curry,278.4,94.2,True
Stephen Curry,12.0,414.5999999999999,False
Stephen Curry,-24.0,84.6,False
Stephen Curry,38.4,82.19999999999999,False
Stephen Curry,7.2,100.19999999999999,True
Stephen Curry,-174.0,365.4,False
Stephen Curry,144.0,352.20000000000005,False
Stephen Curry,-198.0,214.20000000000005,False
Stephen Curry,-265.20000000000005,262.20000000000005,True
Stephen Curry,-109.2,384.59999999999997,False
Stephen Curry,-7.2,363.0,False
Stephen Curry,-235.2,343.79999999999995,False
Stephen Curry,-142.79999999999998,343.79999999999995,True
Stephen Curry,-203.99999999999997,299.4,False
Stephen Curry,-39.599999999999994,91.80000000000001,True
Stephen Curry,-78.0,372.59999999999997,True
Stephen Curry,165.6,342.6,False
Stephen Curry,31.200000000000003,109.8,True
Stephen Curry,-115.2,87.0,True
Stephen Curry,-24.0,84.6,True
Stephen Curry,274.79999999999995,137.39999999999998,False
Stephen Curry,-85.19999999999999,397.79999999999995,False
Stephen Curry,-253.20000000000002,238.20000000000002,True
Stephen Curry,-69.6,162.6,True
Stephen Curry,-100.80000000000001,99.0,True
Stephen Curry,-69.6,376.2,True
Stephen Curry,-201.60000000000002,331.79999999999995,True
Stephen Curry,-72.0,371.4,False
Stephen Curry,-13.200000000000003,129.0,False
Stephen Curry,244.79999999999995,249.0,False
Stephen Curry,-148.8,345.0,True
Stephen Curry,-104.39999999999999,405.0,False
Stephen Curry,-249.60000000000002,261.0,True
Stephen Curry,159.6,341.4,False
Stephen Curry,262.79999999999995,238.20000000000002,False
Stephen Curry,-26.400000000000006,184.2,False
Stephen Curry,-240.0,281.4,False
Stephen Curry,279.6,136.2,False
Stephen Curry,-219.6,377.4,False
Stephen Curry,-127.19999999999999,418.20000000000005,False
Stephen Curry,-50.400000000000006,154.2,False
Stephen Curry,164.39999999999998,258.6,True
Stephen Curry,219.6,373.8,True
Stephen Curry,-164.39999999999998,383.4,True
Stephen Curry,-130.8,303.0,False
Stephen Curry,12.0,81.0,False
Stephen Curry,139.2,345.0,False
Stephen Curry,7.2,63.0,True
Stephen Curry,-132.0,337.79999999999995,False
Stephen Curry,2.4,69.0,False
Stephen Curry,13.200000000000003,240.6,False
Stephen Curry,14.4,78.6,True
Stephen Curry,-48.0,357.0,True
Stephen Curry,201.60000000000002,276.6,True
Stephen Curry,-66.0,379.8,True
Stephen Curry,238.8,233.4,True
Stephen Curry,40.800000000000004,349.79999999999995,False
Stephen Curry,-39.599999999999994,79.8,True
Stephen Curry,-132.0,358.20000000000005,True
Stephen Curry,152.4,69.0,False
Stephen Curry,70.80000000000001,371.4,False
Stephen Curry,-122.39999999999998,427.8,True
Stephen Curry,-56.4,252.60000000000002,True
Stephen Curry,-18.0,245.4,False
Stephen Curry,-183.60000000000002,63.0,False
Stephen Curry,272.4,88.19999999999999,True
Stephen Curry,-252.0,322.2,True
Stephen Curry,78.0,364.20000000000005,False
Stephen Curry,243.6,255.00000000000003,True
Stephen Curry,273.6,87.0,True
Stephen Curry,-27.599999999999998,445.79999999999995,False
Stephen Curry,-72.0,393.0,True
Stephen Curry,57.6,165.0,False
Stephen Curry,13.200000000000003,138.60000000000002,False
Stephen Curry,-67.19999999999999,365.4,False
Stephen Curry,247.20000000000002,232.2,False
Stephen Curry,-10.8,95.4,True
Stephen Curry,-261.6,221.4,False
Stephen Curry,-50.400000000000006,103.8,False
Stephen Curry,-43.2,119.4,False
Stephen Curry,274.79999999999995,71.39999999999999,True
Stephen Curry,247.20000000000002,280.20000000000005,False
Stephen Curry,-18.0,105.0,True
Stephen Curry,38.4,93.0,True
Stephen Curry,80.4,376.2,False
Stephen Curry,202.79999999999998,283.8,False
Stephen Curry,-7.2,150.6,False
Stephen Curry,37.2,91.80000000000001,True
Stephen Curry,-30.0,100.19999999999999,False
Stephen Curry,-63.599999999999994,427.8,True
Stephen Curry,-4.8,129.0,False
Stephen Curry,176.39999999999998,364.20000000000005,False
Stephen Curry,-72.0,385.8,True
Stephen Curry,-13.200000000000003,145.79999999999998,True
Stephen Curry,-170.39999999999998,309.0,False
Stephen Curry,15.600000000000001,71.39999999999999,True
Stephen Curry,-188.4,345.0,False
Stephen Curry,32.4,108.60000000000002,False
Stephen Curry,-272.4,101.39999999999999,True
Stephen Curry,274.79999999999995,69.0,False
Stephen Curry,-20.400000000000002,82.19999999999999,True
Stephen Curry,-144.0,373.8,False
Stephen Curry,220.79999999999998,316.2,True
Stephen Curry,-198.0,324.6,True
Stephen Curry,-38.4,87.0,True
Stephen Curry,-162.0,207.0,True
Stephen Curry,76.8,373.8,True
Stephen Curry,-151.2,414.5999999999999,False
Stephen Curry,25.200000000000003,87.0,True
Stephen Curry,-182.4,319.79999999999995,True
Stephen Curry,4.8,126.60000000000001,True
Stephen Curry,-190.8,347.4,False
Stephen Curry,-40.800000000000004,297.0,False
Stephen Curry,1.2,486.59999999999997,False
Stephen Curry,-279.6,99.0,True
Stephen Curry,33.599999999999994,407.40000000000003,False
Stephen Curry,-211.20000000000005,219.0,False
Stephen Curry,-78.0,364.20000000000005,True
Stephen Curry,270.0,37.8,True
Stephen Curry,37.2,106.19999999999999,False
Stephen Curry,-196.79999999999998,58.2,True
Stephen Curry,-183.60000000000002,313.8,False
Stephen Curry,-270.0,163.8,True
Stephen Curry,176.39999999999998,335.4,False
Stephen Curry,-198.0,192.6,True
Stephen Curry,273.6,201.0,False
Stephen Curry,-207.6,353.4,False
Stephen Curry,190.8,322.2,False
Stephen Curry,273.6,114.6,False
Stephen Curry,-203.99999999999997,453.00000000000006,True
Stephen Curry,-182.4,367.8,False
Stephen Curry,-157.2,348.6,False
Stephen Curry,34.8,90.6,False
Stephen Curry,-124.80000000000001,371.4,False
Stephen Curry,88.80000000000001,135.0,False
Stephen Curry,176.39999999999998,334.2,False
Stephen Curry,-98.39999999999999,406.2,False
Stephen Curry,-183.60000000000002,315.0,True
Stephen Curry,-284.4,61.800000000000004,True
Stephen Curry,249.60000000000002,294.59999999999997,False
Stephen Curry,27.599999999999998,135.0,False
Stephen Curry,-8.399999999999999,118.2,True
Stephen Curry,-21.6,255.00000000000003,True
Stephen Curry,-112.8,75.0,True
Stephen Curry,46.8,77.4,True
Stephen Curry,-157.2,339.0,False
Stephen Curry,56.4,132.60000000000002,True
Stephen Curry,-111.6,375.0,False
Stephen Curry,-235.2,285.0,False
Stephen Curry,-61.19999999999999,417.0,False
Stephen Curry,278.4,126.60000000000001,True
Stephen Curry,-44.400000000000006,114.6,True
Stephen Curry,-21.6,100.19999999999999,False
Stephen Curry,-226.8,309.0,False
Stephen Curry,34.8,187.8,True
Stephen Curry,210.0,281.4,False
Stephen Curry,-183.60000000000002,193.79999999999998,True
Stephen Curry,247.20000000000002,252.60000000000002,True
Stephen Curry,278.4,49.800000000000004,False
Stephen Curry,-8.399999999999999,383.4,False
Stephen Curry,-24.0,75.0,True
Stephen Curry,-48.0,99.0,False
Stephen Curry,-207.6,319.79999999999995,False
Stephen Curry,171.60000000000002,359.4,True
Stephen Curry,-46.8,409.8,True
Stephen Curry,-154.8,221.4,True
Stephen Curry,6.0,425.40000000000003,False
Stephen Curry,-106.8,370.20000000000005,True
Stephen Curry,-13.200000000000003,106.19999999999999,False
Stephen Curry,-39.599999999999994,109.8,False
Stephen Curry,69.6,389.40000000000003,True
Stephen Curry,-210.0,348.6,False
Stephen Curry,-105.60000000000002,114.6,True
Stephen Curry,254.39999999999998,241.79999999999995,False
Stephen Curry,-37.2,65.4,True
Stephen Curry,184.79999999999998,348.6,False
Stephen Curry,-39.599999999999994,100.19999999999999,True
Stephen Curry,-19.2,427.8,False
Stephen Curry,111.6,359.4,False
Stephen Curry,20.400000000000002,78.6,True
Stephen Curry,217.20000000000005,387.0,False
Stephen Curry,-30.0,93.0,False
Stephen Curry,96.0,126.60000000000001,True
Stephen Curry,254.39999999999998,311.4,True
Stephen Curry,193.20000000000002,215.39999999999998,False
Stephen Curry,-4.8,377.4,True
Stephen Curry,162.0,415.8,False
Stephen Curry,4.8,72.6,True
Stephen Curry,27.599999999999998,66.6,True
Stephen Curry,-175.2,349.79999999999995,False
Stephen Curry,-136.8,413.40000000000003,False
Stephen Curry,-80.4,377.4,False
Stephen Curry,210.0,281.4,True
Stephen Curry,101.99999999999999,136.2,False
Stephen Curry,145.2,168.60000000000002,False
Stephen Curry,103.19999999999999,378.6,False
Stephen Curry,-279.6,106.19999999999999,False
Stephen Curry,-241.20000000000002,270.6,True
Stephen Curry,-122.39999999999998,358.20000000000005,False
Stephen Curry,243.6,250.20000000000002,True
Stephen Curry,32.4,101.39999999999999,False
Stephen Curry,1.2,143.4,True
Stephen Curry,-193.20000000000002,353.4,False
Stephen Curry,-82.8,184.2,False
Stephen Curry,164.39999999999998,396.59999999999997,True
Stephen Curry,-27.599999999999998,90.6,True
Stephen Curry,-37.2,190.2,True
Stephen Curry,284.4,108.60000000000002,True
Stephen Curry,116.4,370.20000000000005,True
Stephen Curry,-20.400000000000002,82.19999999999999,False
Stephen Curry,-216.0,311.4,True
Stephen Curry,242.4,809.4000000000001,False
Stephen Curry,273.6,102.60000000000001,True
Stephen Curry,-78.0,384.59999999999997,False
Stephen Curry,-268.79999999999995,197.39999999999998,True
Stephen Curry,4.8,198.6,True
Stephen Curry,201.60000000000002,327.0,False
Stephen Curry,-194.4,313.8,False
Stephen Curry,19.2,76.2,False
Stephen Curry,-13.200000000000003,67.80000000000001,True
Stephen Curry,-150.0,390.59999999999997,False
Stephen Curry,-174.0,195.0,False
Stephen Curry,120.0,258.6,True
Stephen Curry,27.599999999999998,69.0,True
Stephen Curry,-101.99999999999999,101.39999999999999,True
Stephen Curry,-91.2,352.20000000000005,True
Stephen Curry,138.0,270.6,False
Stephen Curry,85.19999999999999,354.6,False
Stephen Curry,54.0,353.4,False
Stephen Curry,-216.0,336.6,True
Stephen Curry,202.79999999999998,323.40000000000003,True
Stephen Curry,-122.39999999999998,395.40000000000003,False
Stephen Curry,-219.6,309.0,True
Stephen Curry,-194.4,339.0,False
Stephen Curry,165.6,336.6,True
Stephen Curry,-24.0,75.0,False
Stephen Curry,-219.6,312.6,True
Stephen Curry,30.0,78.6,True
Stephen Curry,-46.8,79.8,False
Stephen Curry,285.59999999999997,42.599999999999994,True
Stephen Curry,-69.6,67.80000000000001,False
Stephen Curry,50.400000000000006,101.39999999999999,True
Stephen Curry,-219.6,299.4,False
Stephen Curry,-8.399999999999999,142.2,False
Stephen Curry,-225.6,329.40000000000003,True
Stephen Curry,-51.599999999999994,369.0,False
Stephen Curry,-228.0,303.0,False
Stephen Curry,-152.4,369.0,False
Stephen Curry,-163.20000000000002,117.0,True
Stephen Curry,58.8,353.4,True
Stephen Curry,146.4,100.19999999999999,True
Stephen Curry,140.4,103.8,False
Stephen Curry,-0.0,63.0,True
Stephen Curry,152.4,322.2,True
Stephen Curry,2.4,345.0,False
Stephen Curry,-0.0,63.0,True
Stephen Curry,-114.0,303.0,False
Stephen Curry,-116.4,282.6,True
Stephen Curry,-0.0,63.0,False
Stephen Curry,130.8,67.80000000000001,False
Stephen Curry,-0.0,63.0,False
Stephen Curry,74.4,291.0,False
Stephen Curry,-158.39999999999998,169.8,True
Stephen Curry,-56.4,169.8,False
Stephen Curry,182.4,309.0,False
Stephen Curry,-0.0,63.0,True
Stephen Curry,-118.8,339.0,False
Stephen Curry,-224.4,267.0,True
Stephen Curry,94.8,231.0,False
Stephen Curry,-195.6,304.2,True
Stephen Curry,117.6,264.6,True
Stephen Curry,123.60000000000001,125.39999999999998,False
Stephen Curry,-169.2,189.0,True
Stephen Curry,-135.60000000000002,353.4,False
Stephen Curry,19.2,89.4,False
Stephen Curry,15.600000000000001,90.6,True
Stephen Curry,-122.39999999999998,259.79999999999995,True
Stephen Curry,-0.0,70.2,True
Stephen Curry,40.800000000000004,159.0,False
Stephen Curry,126.0,363.0,False
Stephen Curry,-181.2,323.40000000000003,False
Stephen Curry,136.8,223.79999999999998,False
Stephen Curry,22.8,85.80000000000001,True
Stephen Curry,-222.0,191.4,False
Stephen Curry,-230.4,306.6,True
Stephen Curry,12.0,202.20000000000002,False
Stephen Curry,13.200000000000003,73.80000000000001,False
Stephen Curry,-123.60000000000001,270.6,False
Stephen Curry,114.0,255.00000000000003,True
Stephen Curry,-142.79999999999998,223.79999999999998,False
Stephen Curry,-142.79999999999998,77.4,True
Stephen Curry,-241.20000000000002,255.00000000000003,True
Stephen Curry,-31.200000000000003,161.39999999999998,False
Stephen Curry,-34.8,66.6,False
Stephen Curry,166.8,331.79999999999995,True
Stephen Curry,32.4,165.0,True
Stephen Curry,12.0,90.6,True
Stephen Curry,-12.0,93.0,True
Stephen Curry,6.0,358.20000000000005,False
Stephen Curry,127.19999999999999,375.0,True
Stephen Curry,49.199999999999996,175.8,True
Stephen Curry,90.0,365.4,False
Stephen Curry,-74.4,120.60000000000001,False
Stephen Curry,271.20000000000005,93.0,False
Stephen Curry,61.19999999999999,372.59999999999997,False
Stephen Curry,-226.8,270.6,False
Stephen Curry,-141.60000000000002,282.6,False
Stephen Curry,284.4,60.6,True
Stephen Curry,49.199999999999996,251.4,False
Stephen Curry,-267.6,195.0,True
Stephen Curry,74.4,77.4,True
Stephen Curry,284.4,63.0,False
Stephen Curry,-109.2,241.79999999999995,False
Stephen Curry,-283.20000000000005,67.80000000000001,True
Stephen Curry,180.0,130.2,True
Stephen Curry,-231.6,269.4,True
Stephen Curry,280.8,60.6,False
Stephen Curry,-123.60000000000001,300.6,True
Stephen Curry,-203.99999999999997,175.8,True
Stephen Curry,-0.0,63.0,True
Stephen Curry,91.2,300.6,False
Stephen Curry,-267.6,81.0,False
Stephen Curry,268.79999999999995,81.0,True
Stephen Curry,-21.6,304.2,False
Stephen Curry,-186.0,237.0,False
Stephen Curry,-0.0,63.0,False
Stephen Curry,129.6,267.0,True
Stephen Curry,121.2,202.20000000000002,True
Stephen Curry,-277.20000000000005,115.8,False
Stephen Curry,-277.20000000000005,99.0,True
Stephen Curry,-250.79999999999995,253.79999999999998,True
Stephen Curry,-0.0,63.0,False
Stephen Curry,-146.4,234.6,True
Stephen Curry,153.6,109.8,False
Stephen Curry,153.6,264.6,True
Stephen Curry,-234.0,259.79999999999995,False
Stephen Curry,116.4,187.8,True
Stephen Curry,-15.600000000000001,333.0,True
Stephen Curry,196.79999999999998,223.79999999999998,False
Stephen Curry,27.599999999999998,365.4,True
Stephen Curry,-0.0,63.0,True
Stephen Curry,91.2,247.79999999999995,True
Stephen Curry,19.2,255.00000000000003,True
Stephen Curry,-0.0,63.0,False
Stephen Curry,-18.0,225.0,False
Stephen Curry,48.0,253.79999999999998,False
Stephen Curry,192.0,198.6,False
Stephen Curry,274.79999999999995,211.79999999999998,True
Stephen Curry,-159.6,27.0,False
Stephen Curry,195.6,162.6,False
Stephen Curry,-0.0,60.6,True
Stephen Curry,9.6,49.800000000000004,True
Stephen Curry,-190.8,300.6,True
Stephen Curry,205.20000000000002,113.4,True
Stephen Curry,-178.8,306.6,False
Stephen Curry,-234.0,67.80000000000001,True
Stephen Curry,-224.4,55.8,False
Stephen Curry,74.4,277.79999999999995,False
Stephen Curry,13.200000000000003,217.79999999999998,True
Stephen Curry,-64.8,365.4,False
Stephen Curry,225.6,274.20000000000005,True
Stephen Curry,61.19999999999999,99.0,False
Stephen Curry,15.600000000000001,63.0,True
Stephen Curry,-220.79999999999998,179.4,True
Stephen Curry,-120.0,342.6,False
Stephen Curry,193.20000000000002,153.0,False
Stephen Curry,-0.0,340.20000000000005,False
Stephen Curry,2.4,375.0,False
Stephen Curry,-0.0,63.0,False
Stephen Curry,-0.0,63.0,True
Stephen Curry,278.4,66.6,True
Stephen Curry,-86.4,348.6,True
Stephen Curry,-70.80000000000001,349.79999999999995,True
Stephen Curry,55.199999999999996,909.0,False
Stephen Curry,-99.60000000000001,361.8,False
Stephen Curry,-51.599999999999994,303.0,False
Stephen Curry,-212.39999999999998,191.4,True
Stephen Curry,-162.0,237.0,True
Stephen Curry,-24.0,280.20000000000005,True
Stephen Curry,144.0,267.0,False
Stephen Curry,166.8,304.2,False
Stephen Curry,-208.79999999999998,64.19999999999999,True
Stephen Curry,271.20000000000005,63.0,False
Stephen Curry,273.6,60.6,False
Stephen Curry,-243.6,59.4,False
Stephen Curry,110.39999999999999,223.79999999999998,False
Stephen Curry,-152.4,83.4,False
Stephen Curry,140.4,331.79999999999995,True
Stephen Curry,-2.4,361.8,True
Stephen Curry,-61.19999999999999,318.6,False
Stephen Curry,127.19999999999999,225.0,True
Stephen Curry,130.8,282.6,False
Stephen Curry,22.8,94.2,False
Stephen Curry,-175.2,325.79999999999995,True
Stephen Curry,-25.200000000000003,76.2,False
Stephen Curry,38.4,250.20000000000002,True
Stephen Curry,192.0,63.0,False
Stephen Curry,-208.79999999999998,217.79999999999998,False
Stephen Curry,244.79999999999995,274.20000000000005,False
Stephen Curry,182.4,461.40000000000003,False
Stephen Curry,-10.8,76.2,False
Stephen Curry,-51.599999999999994,202.20000000000002,False
Stephen Curry,13.200000000000003,79.8,True
Stephen Curry,-28.8,286.20000000000005,True
Stephen Curry,25.200000000000003,85.80000000000001,False
Stephen Curry,-176.39999999999998,312.6,False
Stephen Curry,-10.8,85.80000000000001,True
Stephen Curry,8.399999999999999,107.39999999999999,True
Stephen Curry,235.2,257.4,False
Stephen Curry,116.4,251.4,False
Stephen Curry,-78.0,227.4,True
Stephen Curry,127.19999999999999,323.40000000000003,True
Stephen Curry,258.0,221.4,False
Stephen Curry,202.79999999999998,251.4,True
Stephen Curry,-4.8,240.6,True
Stephen Curry,280.8,67.80000000000001,False
Stephen Curry,-182.4,197.39999999999998,False
Stephen Curry,-0.0,63.0,False
Stephen Curry,-38.4,257.4,False
Stephen Curry,-0.0,63.0,False
Stephen Curry,280.8,143.4,False
Stephen Curry,-0.0,63.0,False
Stephen Curry,-0.0,63.0,False
Stephen Curry,237.6,50.99999999999999,True
Stephen Curry,-50.400000000000006,70.2,False
Stephen Curry,127.19999999999999,263.4,True
Stephen Curry,153.6,201.0,False
Stephen Curry,-0.0,63.0,False
Stephen Curry,-0.0,63.0,True
Stephen Curry,-43.2,136.2,False
Stephen Curry,-280.8,83.4,True
Stephen Curry,-0.0,63.0,False
Stephen Curry,106.8,76.2,True
Stephen Curry,-168.0,270.6,False
Stephen Curry,19.2,372.59999999999997,True
Stephen Curry,74.4,316.2,True
Stephen Curry,-150.0,64.19999999999999,True
Stephen Curry,166.8,192.6,True
Stephen Curry,-0.0,63.0,True
Stephen Curry,-0.0,63.0,False
Stephen Curry,-103.19999999999999,175.8,False
Stephen Curry,-279.6,159.0,False
Stephen Curry,216.0,60.6,False
Stephen Curry,-7.2,77.4,True
Stephen Curry,-0.0,367.8,True
Stephen Curry,183.60000000000002,70.2,True
Stephen Curry,-198.0,79.8,False
Stephen Curry,90.0,363.0,True
Stephen Curry,114.0,234.6,True
Stephen Curry,232.8,119.4,False
Stephen Curry,274.79999999999995,96.60000000000001,True
Stephen Curry,76.8,283.8,False
Stephen Curry,237.6,244.20000000000002,False
Stephen Curry,-20.400000000000002,67.80000000000001,False
Stephen Curry,-159.6,210.6,False
Stephen Curry,27.599999999999998,112.2,False
Stephen Curry,-21.6,339.0,False
Stephen Curry,58.8,187.8,False
Stephen Curry,-175.2,231.0,True
Stephen Curry,188.4,293.4,False
Stephen Curry,-2.4,210.6,True
Stephen Curry,-0.0,126.60000000000001,True
Stephen Curry,13.200000000000003,375.0,True
Stephen Curry,214.79999999999998,136.2,False
Stephen Curry,175.2,316.2,False
Stephen Curry,117.6,359.4,True
Stephen Curry,-165.6,215.39999999999998,True
Stephen Curry,-120.0,100.19999999999999,False
Stephen Curry,277.20000000000005,63.0,True
Stephen Curry,87.6,274.20000000000005,True
Stephen Curry,68.4,241.79999999999995,False
Stephen Curry,-156.0,223.79999999999998,True
Stephen Curry,19.2,64.19999999999999,True
Stephen Curry,-171.60000000000002,329.40000000000003,True
Stephen Curry,-175.2,270.6,True
Stephen Curry,-1.2,181.79999999999998,False
Stephen Curry,280.8,89.4,False
Stephen Curry,-169.2,198.6,False
Stephen Curry,-156.0,331.79999999999995,False
Stephen Curry,-283.20000000000005,93.0,True
Stephen Curry,-37.2,129.0,True
Stephen Curry,-8.399999999999999,238.20000000000002,True
Stephen Curry,-188.4,87.0,False
Stephen Curry,15.600000000000001,63.0,False
Stephen Curry,150.0,247.79999999999995,True
Stephen Curry,85.19999999999999,313.8,True
Stephen Curry,-12.0,250.20000000000002,False
Stephen Curry,208.79999999999998,299.4,False
Stephen Curry,170.39999999999998,136.2,False
Stephen Curry,-14.4,67.80000000000001,False
Stephen Curry,15.600000000000001,355.8,True
Stephen Curry,-175.2,210.6,False
Stephen Curry,159.6,257.4,False
Stephen Curry,-14.4,217.79999999999998,False
Stephen Curry,-0.0,63.0,True
Stephen Curry,31.200000000000003,361.8,False
Stephen Curry,146.4,327.0,True
Stephen Curry,-20.400000000000002,369.0,False
Stephen Curry,-0.0,63.0,True
Stephen Curry,-0.0,63.0,True
Stephen Curry,-10.8,117.0,False
Stephen Curry,-243.6,269.4,False
Stephen Curry,-7.2,94.2,True
Stephen Curry,-205.20000000000002,309.0,True
Stephen Curry,273.6,189.0,False
Stephen Curry,-8.399999999999999,325.79999999999995,False
Stephen Curry,-64.8,381.0,True
Stephen Curry,76.8,175.8,True
Stephen Curry,-2.4,73.80000000000001,True
Stephen Curry,228.0,297.0,True
Stephen Curry,6.0,85.80000000000001,True
Stephen Curry,27.599999999999998,283.8,False
Stephen Curry,-80.4,365.4,True
Stephen Curry,-15.600000000000001,93.0,True
Stephen Curry,-289.20000000000005,50.99999999999999,True
Stephen Curry,13.200000000000003,367.8,False
Stephen Curry,-10.8,220.20000000000005,True
Stephen Curry,176.39999999999998,85.80000000000001,False
Stephen Curry,202.79999999999998,299.4,False
Stephen Curry,4.8,148.2,False
Stephen Curry,-154.8,411.0,True
Stephen Curry,-201.60000000000002,287.4,False
Stephen Curry,-154.8,132.60000000000002,True
Stephen Curry,140.4,333.0,True
Stephen Curry,-67.19999999999999,238.20000000000002,True
Stephen Curry,117.6,300.6,True
Stephen Curry,108.0,221.4,False
Stephen Curry,110.39999999999999,273.0,True
Stephen Curry,271.20000000000005,96.60000000000001,True
Stephen Curry,-0.0,63.0,False
Stephen Curry,273.6,87.0,True
Stephen Curry,19.2,70.2,True
Stephen Curry,273.6,90.6,True
Stephen Curry,-10.8,94.2,False
Stephen Curry,-105.60000000000002,300.6,True
Stephen Curry,-78.0,276.6,True
Stephen Curry,-247.20000000000002,225.0,False
Stephen Curry,-92.39999999999999,247.79999999999995,False
Stephen Curry,140.4,96.60000000000001,False
Stephen Curry,153.6,331.79999999999995,False
Stephen Curry,192.0,234.6,True
Stephen Curry,36.0,378.6,False
Stephen Curry,-2.4,385.8,True
Stephen Curry,277.20000000000005,67.80000000000001,False
Stephen Curry,-243.6,293.4,False
Stephen Curry,-188.4,335.4,True
Stephen Curry,-15.600000000000001,70.2,True
Stephen Curry,70.80000000000001,261.0,False
Stephen Curry,44.400000000000006,257.4,False
Stephen Curry,-87.6,168.60000000000002,True
Stephen Curry,13.200000000000003,89.4,False
Stephen Curry,-20.400000000000002,89.4,False
Stephen Curry,153.6,385.8,False
Stephen Curry,-0.0,66.6,True
Stephen Curry,-154.8,79.8,True
Stephen Curry,222.0,310.2,False
Stephen Curry,66.0,807.0000000000001,False
Stephen Curry,205.20000000000002,306.6,True
Stephen Curry,27.599999999999998,372.59999999999997,True
Stephen Curry,-162.0,306.6,False
Stephen Curry,-10.8,185.4,False
Stephen Curry,28.8,327.0,True
Stephen Curry,-0.0,63.0,True
Stephen Curry,-150.0,123.0,False
Stephen Curry,216.0,142.2,False
Stephen Curry,62.400000000000006,135.0,False
Stephen Curry,40.800000000000004,263.4,False
Stephen Curry,-234.0,102.60000000000001,False
Stephen Curry,-136.8,197.39999999999998,True
Stephen Curry,81.60000000000001,299.4,False
Stephen Curry,-0.0,63.0,False
Stephen Curry,106.8,348.6,False
Stephen Curry,-0.0,63.0,False
Stephen Curry,-165.6,191.4,True
Stephen Curry,273.6,57.0,True
Stephen Curry,-280.8,102.60000000000001,False
Stephen Curry,-86.4,295.8,False
Stephen Curry,-156.0,329.40000000000003,True
Stephen Curry,2.4,174.60000000000002,False
Stephen Curry,-63.599999999999994,355.8,False
Stephen Curry,72.0,261.0,False
Stephen Curry,-0.0,63.0,False
Stephen Curry,-37.2,267.0,True
Stephen Curry,70.80000000000001,259.79999999999995,False
Stephen Curry,-250.79999999999995,225.0,True
Stephen Curry,-286.8,79.8,True
Stephen Curry,-0.0,63.0,True
Stephen Curry,4.8,289.8,False
Stephen Curry,-220.79999999999998,85.80000000000001,True
Stephen Curry,-198.0,139.8,False
Stephen Curry,-61.19999999999999,168.60000000000002,False
Stephen Curry,129.6,349.79999999999995,False
Stephen Curry,-8.399999999999999,57.0,True
Stephen Curry,219.6,253.79999999999998,False
Stephen Curry,-168.0,329.40000000000003,False
Stephen Curry,-25.200000000000003,384.59999999999997,False
Stephen Curry,98.39999999999999,214.20000000000005,False
Stephen Curry,195.6,306.6,True
Stephen Curry,-105.60000000000002,214.20000000000005,True
Stephen Curry,-241.20000000000002,270.6,False
Stephen Curry,18.0,59.4,False
Stephen Curry,114.0,264.6,True
Stephen Curry,195.6,310.2,True
Stephen Curry,152.4,322.2,True
Stephen Curry,-165.6,217.79999999999998,True
Stephen Curry,18.0,263.4,False
Stephen Curry,-133.2,353.4,True
Stephen Curry,44.400000000000006,168.60000000000002,True
Stephen Curry,156.0,327.0,True
Stephen Curry,-0.0,63.0,True
Stephen Curry,-150.0,221.4,False
Stephen Curry,-0.0,63.0,True
Stephen Curry,156.0,172.2,False
Stephen Curry,-270.0,149.4,True
Stephen Curry,-127.19999999999999,136.2,False
Stephen Curry,-0.0,63.0,False
Stephen Curry,-27.599999999999998,276.6,False
Stephen Curry,183.60000000000002,220.20000000000005,False
Stephen Curry,-21.6,234.6,False
Stephen Curry,273.6,115.8,False
Stephen Curry,156.0,178.2,False
Stephen Curry,-0.0,63.0,True
Stephen Curry,196.79999999999998,215.39999999999998,False
Stephen Curry,-4.8,264.6,True
Stephen Curry,169.2,322.2,False
Stephen Curry,-141.60000000000002,165.0,False
Stephen Curry,-256.79999999999995,198.6,True
Stephen Curry,-182.4,318.6,True
Stephen Curry,-162.0,238.20000000000002,True
Stephen Curry,189.6,293.4,False
Stephen Curry,-0.0,349.79999999999995,False
Stephen Curry,-0.0,63.0,False
Stephen Curry,104.39999999999999,214.20000000000005,False
Stephen Curry,169.2,205.79999999999998,False
Stephen Curry,-195.6,293.4,True
Stephen Curry,-171.60000000000002,309.0,False
Stephen Curry,-135.60000000000002,136.2,False
Stephen Curry,-8.399999999999999,282.6,True
Stephen Curry,-0.0,63.0,True
Stephen Curry,210.0,280.20000000000005,False
Stephen Curry,142.79999999999998,231.0,False
Stephen Curry,108.0,349.79999999999995,False
Stephen Curry,-10.8,371.4,True
Stephen Curry,-4.8,49.800000000000004,False
Stephen Curry,8.399999999999999,47.4,True
Stephen Curry,-25.200000000000003,57.0,True
Stephen Curry,-14.4,77.4,True
Stephen Curry,123.60000000000001,90.6,False
Stephen Curry,-4.8,103.8,False
Stephen Curry,57.6,261.0,False
Stephen Curry,87.6,299.4,True
Stephen Curry,62.400000000000006,358.20000000000005,True
Stephen Curry,6.0,136.2,False
Stephen Curry,-78.0,286.20000000000005,False
Stephen Curry,237.6,255.00000000000003,False
Stephen Curry,-63.599999999999994,99.0,False
Stephen Curry,38.4,138.60000000000002,True
Stephen Curry,-0.0,63.0,True
Stephen Curry,169.2,329.40000000000003,True
Stephen Curry,193.20000000000002,797.4000000000001,False
Stephen Curry,196.79999999999998,120.60000000000001,False
Stephen Curry,61.19999999999999,295.8,True
Stephen Curry,-14.4,67.80000000000001,False
Stephen Curry,-120.0,282.6,True
Stephen Curry,40.800000000000004,63.0,False
Stephen Curry,-18.0,67.80000000000001,True
Stephen Curry,-56.4,376.2,False
Stephen Curry,58.8,100.19999999999999,True
Stephen Curry,-0.0,94.2,True
Stephen Curry,216.0,53.4,True
Stephen Curry,-211.20000000000005,309.0,False
Stephen Curry,188.4,79.8,False
Stephen Curry,-37.2,165.0,False
Stephen Curry,175.2,333.0,True
Stephen Curry,229.2,71.39999999999999,True
Stephen Curry,58.8,309.0,True
Stephen Curry,193.20000000000002,336.6,True
Stephen Curry,146.4,241.79999999999995,False
Stephen Curry,91.2,257.4,False
Stephen Curry,76.8,304.2,False
Stephen Curry,-92.39999999999999,135.0,True
Stephen Curry,-141.60000000000002,215.39999999999998,True
Stephen Curry,68.4,286.20000000000005,True
Stephen Curry,244.79999999999995,274.20000000000005,False
Stephen Curry,-74.4,367.8,False
Stephen Curry,98.39999999999999,361.8,False
Stephen Curry,4.8,77.4,True
Stephen Curry,-21.6,87.0,True
Stephen Curry,274.79999999999995,115.8,True
Stephen Curry,32.4,67.80000000000001,True
Stephen Curry,-20.400000000000002,77.4,False
Stephen Curry,-112.8,372.59999999999997,False
Stephen Curry,288.0,70.2,False
Stephen Curry,6.0,125.39999999999998,False
Stephen Curry,-235.2,289.8,False
Stephen Curry,-198.0,220.20000000000005,False
Stephen Curry,-171.60000000000002,103.8,False
Stephen Curry,136.8,198.6,False
Stephen Curry,136.8,211.79999999999998,True
Stephen Curry,-21.6,89.4,True
Stephen Curry,-25.200000000000003,139.8,True
Stephen Curry,-135.60000000000002,251.4,False
Stephen Curry,61.19999999999999,363.0,False
Stephen Curry,12.0,67.80000000000001,True
Stephen Curry,-0.0,90.6,False
Stephen Curry,265.20000000000005,187.8,False
Stephen Curry,-2.4,70.2,True
Stephen Curry,-14.4,371.4,True
Stephen Curry,-82.8,313.8,True
Stephen Curry,-20.400000000000002,83.4,True
Stephen Curry,25.200000000000003,76.2,False
Stephen Curry,127.19999999999999,267.0,True
Stephen Curry,-156.0,237.0,True
Stephen Curry,-154.8,261.0,True
Stephen Curry,-24.0,71.39999999999999,True
Stephen Curry,12.0,77.4,True
Stephen Curry,-156.0,349.79999999999995,False
Stephen Curry,97.2,217.79999999999998,True
Stephen Curry,-27.599999999999998,90.6,False
Stephen Curry,139.2,372.59999999999997,False
Stephen Curry,87.6,304.2,True
Stephen Curry,-126.0,172.2,False
Stephen Curry,-0.0,63.0,True
Stephen Curry,-169.2,257.4,True
Stephen Curry,2.4,76.2,True
Stephen Curry,214.79999999999998,287.4,False
Stephen Curry,-136.8,251.4,False
Stephen Curry,-90.0,291.0,False
Stephen Curry,-0.0,381.0,False
Stephen Curry,-100.80000000000001,389.40000000000003,False
Stephen Curry,282.0,60.6,True
Stephen Curry,254.39999999999998,231.0,True
Stephen Curry,-277.20000000000005,66.6,True
Stephen Curry,-8.399999999999999,70.2,True
Stephen Curry,13.200000000000003,66.6,True
Stephen Curry,-231.6,299.4,False
Stephen Curry,-12.0,77.4,True
Stephen Curry,100.80000000000001,109.8,True
Stephen Curry,-1.2,112.2,False
Stephen Curry,-148.8,211.79999999999998,False
Stephen Curry,8.399999999999999,109.8,True
Stephen Curry,-283.20000000000005,64.19999999999999,True
Stephen Curry,214.79999999999998,345.0,False
Stephen Curry,-8.399999999999999,89.4,True
Stephen Curry,15.600000000000001,67.80000000000001,True
Stephen Curry,68.4,375.0,False
Stephen Curry,-165.6,64.19999999999999,True
Stephen Curry,-168.0,197.39999999999998,True
Stephen Curry,-139.2,349.79999999999995,False
Stephen Curry,-0.0,63.0,True
Stephen Curry,120.0,381.0,False
Stephen Curry,288.0,107.39999999999999,False
Stephen Curry,-21.6,395.40000000000003,False
Stephen Curry,-18.0,372.59999999999997,False
Stephen Curry,-0.0,63.0,True
Stephen Curry,199.20000000000002,325.79999999999995,False
Stephen Curry,27.599999999999998,181.79999999999998,False
Stephen Curry,-100.80000000000001,241.79999999999995,True
Stephen Curry,144.0,342.6,False
Stephen Curry,-0.0,63.0,False
Stephen Curry,-109.2,202.20000000000002,False
Stephen Curry,182.4,342.6,False
Stephen Curry,-46.8,267.0,True
Stephen Curry,-74.4,382.2,True
Stephen Curry,68.4,136.2,False
Stephen Curry,199.20000000000002,304.2,False
Stephen Curry,-0.0,63.0,False
Stephen Curry,-0.0,63.0,False
Stephen Curry,-116.4,289.8,False
Stephen Curry,-43.2,102.60000000000001,False
Stephen Curry,-195.6,198.6,False
Stephen Curry,142.79999999999998,217.79999999999998,False
Stephen Curry,8.399999999999999,372.59999999999997,False
Stephen Curry,-8.399999999999999,382.2,True
Stephen Curry,165.6,189.0,True
Stephen Curry,-74.4,372.59999999999997,True
Stephen Curry,-8.399999999999999,63.0,True
Stephen Curry,-73.2,261.0,True
Stephen Curry,210.0,138.60000000000002,False
Stephen Curry,-87.6,310.2,False
Stephen Curry,25.200000000000003,85.80000000000001,False
Stephen Curry,-28.8,66.6,False
Stephen Curry,-176.39999999999998,363.0,False
Stephen Curry,-18.0,70.2,True
Stephen Curry,78.0,414.5999999999999,False
Stephen Curry,-163.20000000000002,353.4,True
Stephen Curry,277.20000000000005,113.4,True
Stephen Curry,-114.0,388.2,False
Stephen Curry,255.60000000000002,251.4,True
Stephen Curry,-74.4,372.59999999999997,True
Stephen Curry,274.79999999999995,120.60000000000001,True
Stephen Curry,15.600000000000001,89.4,False
Stephen Curry,-0.0,113.4,False
Stephen Curry,-190.8,50.99999999999999,False
Stephen Curry,146.4,273.0,True
Stephen Curry,-106.8,257.4,False
Stephen Curry,-10.8,70.2,True
Stephen Curry,-123.60000000000001,228.6,False
Stephen Curry,-279.6,61.800000000000004,False
Stephen Curry,117.6,367.8,False
Stephen Curry,-61.19999999999999,197.39999999999998,True
Stephen Curry,-172.8,241.79999999999995,True
Stephen Curry,133.2,184.2,True
Stephen Curry,193.20000000000002,340.20000000000005,False
Stephen Curry,193.20000000000002,348.6,True
Stephen Curry,152.4,237.0,True
Stephen Curry,-198.0,70.2,False
Stephen Curry,-25.200000000000003,120.60000000000001,False
Stephen Curry,-163.20000000000002,70.2,True
Stephen Curry,103.19999999999999,287.4,True
Stephen Curry,81.60000000000001,352.20000000000005,False
Stephen Curry,-24.0,83.4,True
Stephen Curry,157.2,385.8,True
Stephen Curry,-175.2,187.8,False
Stephen Curry,-133.2,363.0,False
Stephen Curry,-163.20000000000002,729.0,False
Stephen Curry,-73.2,155.4,True
Stephen Curry,210.0,306.6,False
Stephen Curry,6.0,87.0,True
Stephen Curry,-139.2,244.20000000000002,True
Stephen Curry,228.0,270.6,False
Stephen Curry,201.60000000000002,316.2,True
Stephen Curry,-21.6,63.0,True
Stephen Curry,142.79999999999998,215.39999999999998,False
Stephen Curry,15.600000000000001,73.80000000000001,True
Stephen Curry,280.8,94.2,True
Stephen Curry,-63.599999999999994,126.60000000000001,False
Stephen Curry,186.0,289.8,False
Stephen Curry,-51.599999999999994,274.20000000000005,True
Stephen Curry,-186.0,306.6,False
Stephen Curry,153.6,227.4,False
Stephen Curry,-70.80000000000001,277.79999999999995,False
Stephen Curry,116.4,342.6,True
Stephen Curry,-172.8,96.60000000000001,False
Stephen Curry,278.4,73.80000000000001,False
Stephen Curry,-34.8,300.6,False
Stephen Curry,252.0,202.20000000000002,True
Stephen Curry,-0.0,63.0,True
Stephen Curry,-127.19999999999999,342.6,False
Stephen Curry,-0.0,63.0,False
Stephen Curry,175.2,251.4,False
Stephen Curry,142.79999999999998,214.20000000000005,True
Stephen Curry,-188.4,244.20000000000002,False
Stephen Curry,38.4,299.4,False
Stephen Curry,172.8,83.4,True
Stephen Curry,-141.60000000000002,327.0,False
Stephen Curry,-0.0,63.0,False
Stephen Curry,-0.0,63.0,False
Stephen Curry,-110.39999999999999,255.00000000000003,True
Stephen Curry,-0.0,63.0,False
Stephen Curry,-0.0,353.4,True
Stephen Curry,-122.39999999999998,241.79999999999995,False
Stephen Curry,-172.8,89.4,False
Stephen Curry,-168.0,70.2,False
Stephen Curry,-46.8,96.60000000000001,False
Stephen Curry,6.0,353.4,True
Stephen Curry,-172.8,66.6,False
Stephen Curry,-109.2,85.80000000000001,False
Stephen Curry,-190.8,166.2,True
Stephen Curry,-64.8,240.6,True
Stephen Curry,186.0,77.4,True
Stephen Curry,-12.0,66.6,True
Stephen Curry,8.399999999999999,79.8,True
Stephen Curry,-28.8,77.4,True
Stephen Curry,-152.4,353.4,False
Stephen Curry,-110.39999999999999,156.6,False
Stephen Curry,172.8,94.2,False
Stephen Curry,-27.599999999999998,107.39999999999999,False
Stephen Curry,-2.4,159.0,True
Stephen Curry,-136.8,223.79999999999998,False
Stephen Curry,176.39999999999998,331.79999999999995,True
Stephen Curry,218.4,293.4,False
Stephen Curry,-203.99999999999997,318.6,True
Stephen Curry,-133.2,100.19999999999999,False
Stephen Curry,72.0,283.8,True
Stephen Curry,-27.599999999999998,70.2,True
Stephen Curry,-280.8,60.6,True
Stephen Curry,-2.4,273.0,True
Stephen Curry,-0.0,270.6,True
Stephen Curry,-133.2,641.4000000000001,False
Stephen Curry,-21.6,67.80000000000001,True
Stephen Curry,-57.6,136.2,True
Stephen Curry,-70.80000000000001,274.20000000000005,False
Stephen Curry,-237.6,60.6,False
Stephen Curry,-141.60000000000002,231.0,False
Stephen Curry,-10.8,83.4,True
Stephen Curry,-152.4,210.6,False
Stephen Curry,284.4,64.19999999999999,False
Stephen Curry,8.399999999999999,365.4,False
Stephen Curry,-0.0,63.0,False
Stephen Curry,-116.4,348.6,False
Stephen Curry,271.20000000000005,109.8,True
Stephen Curry,-266.4,225.0,False
Stephen Curry,-172.8,195.0,True
Stephen Curry,-0.0,283.8,True
Stephen Curry,-0.0,63.0,True
Stephen Curry,-280.8,143.4,False
Stephen Curry,-4.8,273.0,False
Stephen Curry,144.0,175.8,False
Stephen Curry,104.39999999999999,340.20000000000005,True
Stephen Curry,70.80000000000001,367.8,False
Stephen Curry,-56.4,63.0,True
Stephen Curry,-175.2,201.0,True
Stephen Curry,-14.4,365.4,True
Stephen Curry,216.0,253.79999999999998,False
Stephen Curry,-0.0,63.0,False
Stephen Curry,-0.0,63.0,True
Stephen Curry,-118.8,295.8,False
Stephen Curry,15.600000000000001,376.2,False
Stephen Curry,22.8,247.79999999999995,True
Stephen Curry,-142.79999999999998,322.2,False
Stephen Curry,-0.0,63.0,True
Stephen Curry,-192.0,295.8,True
Stephen Curry,224.4,267.0,False
Stephen Curry,-28.8,363.0,True
Stephen Curry,-4.8,282.6,False
Stephen Curry,-106.8,130.2,False
Stephen Curry,-0.0,355.8,False
Stephen Curry,127.19999999999999,130.2,False
Stephen Curry,-57.6,211.79999999999998,False
Stephen Curry,-93.6,238.20000000000002,False
Stephen Curry,150.0,376.2,False
Stephen Curry,-142.79999999999998,43.8,False
Stephen Curry,216.0,198.6,True
Stephen Curry,-0.0,304.2,True
Stephen Curry,2.4,174.60000000000002,True
Stephen Curry,110.39999999999999,291.0,False
Stephen Curry,-0.0,63.0,True
Stephen Curry,-37.2,159.0,False
Stephen Curry,202.79999999999998,270.6,False
Stephen Curry,-112.8,123.0,False
Stephen Curry,-0.0,63.0,True
Stephen Curry,-207.6,287.4,True
Stephen Curry,94.8,313.8,False
Stephen Curry,-96.0,363.0,True
Stephen Curry,9.6,64.19999999999999,False
Stephen Curry,-8.399999999999999,81.0,True
Stephen Curry,103.19999999999999,250.20000000000002,False
Stephen Curry,4.8,250.20000000000002,False
Stephen Curry,8.399999999999999,53.4,True
Stephen Curry,264.0,253.79999999999998,False
Stephen Curry,-1.2,100.19999999999999,True
Stephen Curry,273.6,85.80000000000001,False
Stephen Curry,235.2,299.4,False
Stephen Curry,-63.599999999999994,107.39999999999999,True
Stephen Curry,87.6,267.0,False
Stephen Curry,225.6,293.4,True
Stephen Curry,-133.2,63.0,True
Stephen Curry,72.0,87.0,False
Stephen Curry,250.79999999999995,603.0,False
Stephen Curry,-176.39999999999998,233.4,False
Stephen Curry,-211.20000000000005,316.2,True
Stephen Curry,-76.8,348.6,True
Stephen Curry,48.0,109.8,True
Stephen Curry,218.4,63.0,True
Stephen Curry,121.2,269.4,True
Stephen Curry,98.39999999999999,371.4,True
Stephen Curry,274.79999999999995,113.4,True
Stephen Curry,-12.0,369.0,False
Stephen Curry,8.399999999999999,71.39999999999999,False
Stephen Curry,111.6,274.20000000000005,False
Stephen Curry,199.20000000000002,49.800000000000004,True
Stephen Curry,40.800000000000004,369.0,False
Stephen Curry,-212.39999999999998,70.2,False
Stephen Curry,-172.8,71.39999999999999,True
Stephen Curry,-279.6,55.8,True
Stephen Curry,15.600000000000001,99.0,False
Stephen Curry,189.6,322.2,False
Stephen Curry,-54.0,378.6,False
Stephen Curry,224.4,63.0,False
Stephen Curry,-201.60000000000002,331.79999999999995,False
Stephen Curry,-190.8,201.0,False
Stephen Curry,-192.0,231.0,True
Stephen Curry,-54.0,381.0,False
Stephen Curry,91.2,369.0,True
Stephen Curry,150.0,214.20000000000005,True
Stephen Curry,-106.8,263.4,False
Stephen Curry,-237.6,283.8,True
Stephen Curry,57.6,148.2,True
Stephen Curry,-271.20000000000005,70.2,True
Stephen Curry,-234.0,57.0,True
Stephen Curry,130.8,353.4,True
Stephen Curry,-46.8,187.8,False
Stephen Curry,-1.2,376.2,False
Stephen Curry,38.4,319.79999999999995,False
Stephen Curry,-186.0,323.40000000000003,True
Stephen Curry,18.0,81.0,False
Stephen Curry,152.4,204.60000000000002,False
Stephen Curry,-67.19999999999999,389.40000000000003,False
Stephen Curry,-64.8,90.6,False
Stephen Curry,22.8,77.4,True
Stephen Curry,-63.599999999999994,372.59999999999997,False
Stephen Curry,201.60000000000002,79.8,False
Stephen Curry,-162.0,185.4,False
Stephen Curry,-244.79999999999995,234.6,True
Stephen Curry,-135.60000000000002,79.8,False
Stephen Curry,-0.0,63.0,True
Stephen Curry,28.8,73.80000000000001,False
Stephen Curry,175.2,433.79999999999995,False
Stephen Curry,-92.39999999999999,291.0,True
Stephen Curry,4.8,231.0,True
Stephen Curry,-2.4,231.0,False
Stephen Curry,-33.599999999999994,70.2,False
Stephen Curry,-21.6,81.0,True
Stephen Curry,176.39999999999998,310.2,False
Stephen Curry,110.39999999999999,277.79999999999995,False
Stephen Curry,21.6,66.6,True
Stephen Curry,108.0,71.39999999999999,True
Stephen Curry,-54.0,81.0,False
Stephen Curry,150.0,339.0,True
Stephen Curry,-283.20000000000005,63.0,True
Stephen Curry,-12.0,87.0,False
Stephen Curry,-176.39999999999998,211.79999999999998,False
Stephen Curry,111.6,274.20000000000005,False
Stephen Curry,222.0,276.6,True
Stephen Curry,208.79999999999998,293.4,False
Stephen Curry,189.6,319.79999999999995,False
Stephen Curry,160.8,94.2,False
Stephen Curry,-207.6,418.20000000000005,False
Stephen Curry,-28.8,76.2,True
Stephen Curry,-8.399999999999999,384.59999999999997,True
Stephen Curry,93.6,274.20000000000005,True
Stephen Curry,-165.6,208.20000000000005,False
Stephen Curry,2.4,89.4,False
Stephen Curry,-1.2,276.6,True
Stephen Curry,-4.8,247.79999999999995,True
Stephen Curry,-27.599999999999998,90.6,True
Stephen Curry,-21.6,83.4,False
Stephen Curry,-93.6,276.6,False
Stephen Curry,-21.6,85.80000000000001,True
Stephen Curry,-25.200000000000003,83.4,True
Stephen Curry,9.6,89.4,False
Stephen Curry,9.6,192.6,False
Stephen Curry,32.4,372.59999999999997,True
Stephen Curry,72.0,295.8,False
Stephen Curry,-248.4,70.2,False
Stephen Curry,-110.39999999999999,251.4,True
Stephen Curry,-190.8,142.2,False
Stephen Curry,267.6,73.80000000000001,False
Stephen Curry,-126.0,263.4,True
Stephen Curry,-24.0,87.0,True
Stephen Curry,-2.4,306.6,False
Stephen Curry,-154.8,112.2,True
Stephen Curry,40.800000000000004,228.6,True
Stephen Curry,168.0,229.8,False
Stephen Curry,-67.19999999999999,358.20000000000005,False
Stephen Curry,-69.6,129.0,True
Stephen Curry,-132.0,237.0,True
Stephen Curry,-0.0,63.0,True
Stephen Curry,-0.0,63.0,True
Stephen Curry,280.8,168.60000000000002,False
Stephen Curry,237.6,59.4,True
Stephen Curry,-129.6,261.0,True
Stephen Curry,-247.20000000000002,166.2,False
Stephen Curry,14.4,199.79999999999998,False
Stephen Curry,212.39999999999998,285.0,True
Stephen Curry,194.4,287.4,True
Stephen Curry,-175.2,267.0,True
Stephen Curry,-278.4,147.0,True
Stephen Curry,-278.4,89.4,True
Stephen Curry,163.20000000000002,211.79999999999998,True
Stephen Curry,193.20000000000002,169.8,True
Stephen Curry,-0.0,63.0,False
Stephen Curry,-187.2,247.79999999999995,False
Stephen Curry,96.0,209.39999999999998,True
Stephen Curry,-208.79999999999998,279.0,True
Stephen Curry,-175.2,310.2,True
Stephen Curry,139.2,295.8,False
Stephen Curry,-184.79999999999998,168.60000000000002,False
Stephen Curry,126.0,76.2,True
Stephen Curry,-2.4,333.0,False
Stephen Curry,28.8,378.6,False
Stephen Curry,-231.6,70.2,True
Stephen Curry,-226.8,89.4,False
Stephen Curry,-0.0,63.0,True
Stephen Curry,-250.79999999999995,214.20000000000005,True
Stephen Curry,-0.0,63.0,False
Stephen Curry,-0.0,63.0,True
Stephen Curry,104.39999999999999,322.2,False
Stephen Curry,-154.8,246.60000000000002,True
Stephen Curry,-0.0,63.0,False
Stephen Curry,-0.0,63.0,True
Stephen Curry,-109.2,94.2,True
Stephen Curry,140.4,336.6,False
Stephen Curry,-192.0,47.4,False
Stephen Curry,114.0,255.00000000000003,True
Stephen Curry,-0.0,63.0,True
Stephen Curry,159.6,64.19999999999999,False
Stephen Curry,-271.20000000000005,251.4,False
Stephen Curry,-12.0,103.8,False
Stephen Curry,-156.0,276.6,False
Stephen Curry,-21.6,126.60000000000001,False
Stephen Curry,103.19999999999999,353.4,False
Stephen Curry,-46.8,130.2,False
Stephen Curry,84.0,295.8,False
Stephen Curry,-146.4,345.0,True
Stephen Curry,-158.39999999999998,153.0,True
Stephen Curry,-38.4,70.2,False
Stephen Curry,152.4,57.0,False
Stephen Curry,242.4,244.20000000000002,True
Stephen Curry,242.4,240.6,True
Stephen Curry,231.6,269.4,False
Stephen Curry,-0.0,63.0,False
Stephen Curry,163.20000000000002,143.4,False
Stephen Curry,-0.0,63.0,False
Stephen Curry,284.4,93.0,True
Stephen Curry,110.39999999999999,361.8,True
Stephen Curry,-63.599999999999994,168.60000000000002,False
Stephen Curry,-0.0,63.0,True
Stephen Curry,-184.79999999999998,306.6,True
Stephen Curry,-176.39999999999998,169.8,False
Stephen Curry,-0.0,63.0,True
Stephen Curry,147.60000000000002,274.20000000000005,True
Stephen Curry,-1.2,385.8,False
Stephen Curry,-0.0,63.0,False
Stephen Curry,-156.0,336.6,False
Stephen Curry,180.0,289.8,True
Stephen Curry,-0.0,63.0,False
Stephen Curry,-100.80000000000001,365.4,False
Stephen Curry,146.4,325.79999999999995,True
Stephen Curry,-0.0,63.0,False
Stephen Curry,146.4,227.4,False
Stephen Curry,-139.2,255.00000000000003,False
Stephen Curry,27.599999999999998,385.8,False
Stephen Curry,-112.8,210.6,True
Stephen Curry,-0.0,63.0,True
Stephen Curry,196.79999999999998,316.2,False
Stephen Curry,235.2,132.60000000000002,True
Stephen Curry,-0.0,63.0,True
Stephen Curry,-97.2,369.0,False
Stephen Curry,-277.20000000000005,113.4,False
Stephen Curry,-10.8,385.8,True
Stephen Curry,274.79999999999995,63.0,False
Stephen Curry,-8.399999999999999,397.79999999999995,True
Stephen Curry,-217.20000000000005,208.20000000000005,True
Stephen Curry,199.20000000000002,234.6,False
Stephen Curry,62.400000000000006,367.8,True
Stephen Curry,-78.0,259.79999999999995,False
Stephen Curry,-31.200000000000003,174.60000000000002,False
Stephen Curry,13.200000000000003,81.0,False
Stephen Curry,182.4,325.79999999999995,False
Stephen Curry,244.79999999999995,237.0,True
Stephen Curry,-78.0,81.0,True
Stephen Curry,-286.8,63.0,True
Stephen Curry,-127.19999999999999,277.79999999999995,True
Stephen Curry,140.4,293.4,True
Stephen Curry,-69.6,166.2,True
Stephen Curry,-21.6,156.6,False
Stephen Curry,28.8,63.0,False
Stephen Curry,136.8,60.6,False
Stephen Curry,-178.8,352.20000000000005,False
Stephen Curry,-64.8,300.6,True
Stephen Curry,-56.4,106.19999999999999,False
Stephen Curry,268.79999999999995,123.0,False
Stephen Curry,129.6,221.4,True
Stephen Curry,-182.4,109.8,False
Stephen Curry,44.400000000000006,286.20000000000005,True
Stephen Curry,-0.0,63.0,True
Stephen Curry,-0.0,63.0,True
Stephen Curry,271.20000000000005,36.6,True
Stephen Curry,-218.4,67.80000000000001,False
Stephen Curry,214.79999999999998,280.20000000000005,False
Stephen Curry,-0.0,63.0,False
Stephen Curry,76.8,120.60000000000001,False
Stephen Curry,32.4,358.20000000000005,False
Stephen Curry,-14.4,291.0,False
Stephen Curry,150.0,214.20000000000005,True
Stephen Curry,-0.0,63.0,True
Stephen Curry,195.6,310.2,False
Stephen Curry,175.2,250.20000000000002,False
Stephen Curry,-0.0,63.0,True
Stephen Curry,286.8,102.60000000000001,True
Stephen Curry,-0.0,63.0,False
Stephen Curry,134.39999999999998,263.4,False
Stephen Curry,-38.4,371.4,True
Stephen Curry,-0.0,63.0,True
Stephen Curry,-186.0,83.4,False
Stephen Curry,278.4,119.4,True
Stephen Curry,225.6,280.20000000000005,False
Stephen Curry,-0.0,63.0,False
Stephen Curry,-0.0,63.0,True
Stephen Curry,-76.8,309.0,False
Stephen Curry,4.8,342.6,False
Stephen Curry,-126.0,329.40000000000003,False
Stephen Curry,-132.0,63.0,True
Stephen Curry,80.4,361.8,False
Stephen Curry,199.20000000000002,244.20000000000002,True
Stephen Curry,-0.0,63.0,False
Stephen Curry,-158.39999999999998,318.6,False
Stephen Curry,-0.0,63.0,False
Stephen Curry,-0.0,63.0,True
Stephen Curry,-0.0,63.0,False
Stephen Curry,-211.20000000000005,217.79999999999998,False
Stephen Curry,-176.39999999999998,287.4,True
Stephen Curry,-0.0,63.0,True
Stephen Curry,-201.60000000000002,287.4,False
Stephen Curry,-0.0,63.0,True
Stephen Curry,51.599999999999994,358.20000000000005,False
Stephen Curry,-150.0,181.79999999999998,False
Stephen Curry,-76.8,346.20000000000005,False
Stephen Curry,-123.60000000000001,221.4,True
Stephen Curry,-0.0,63.0,True
Stephen Curry,-0.0,63.0,True
Stephen Curry,-156.0,312.6,False
Stephen Curry,-158.39999999999998,304.2,True
Stephen Curry,-0.0,63.0,True
Stephen Curry,146.4,178.2,False
Stephen Curry,-105.60000000000002,297.0,True
Stephen Curry,-93.6,327.0,False
Stephen Curry,-142.79999999999998,319.79999999999995,True
Stephen Curry,-0.0,63.0,True
Stephen Curry,-0.0,63.0,True
Stephen Curry,-0.0,63.0,False
Stephen Curry,-34.8,270.6,True
Stephen Curry,-228.0,246.60000000000002,False
Stephen Curry,-103.19999999999999,246.60000000000002,True
Stephen Curry,159.6,185.4,False
Stephen Curry,-217.20000000000005,309.0,False
Stephen Curry,9.6,83.4,True
Stephen Curry,-37.2,313.8,False
Stephen Curry,-277.20000000000005,43.8,False
Stephen Curry,147.60000000000002,64.19999999999999,True
Stephen Curry,54.0,267.0,False
Stephen Curry,202.79999999999998,73.80000000000001,False
Stephen Curry,-24.0,81.0,True
Stephen Curry,-24.0,327.0,True
Stephen Curry,-176.39999999999998,220.20000000000005,True
Stephen Curry,-86.4,287.4,True
Stephen Curry,-168.0,175.8,True
Stephen Curry,40.800000000000004,99.0,True
Stephen Curry,15.600000000000001,376.2,False
Stephen Curry,-24.0,149.4,True
Stephen Curry,252.0,210.6,False
Stephen Curry,58.8,166.2,False
Stephen Curry,277.20000000000005,64.19999999999999,True
Stephen Curry,116.4,217.79999999999998,False
Stephen Curry,-159.6,273.0,False
Stephen Curry,-184.79999999999998,294.59999999999997,False
Stephen Curry,-0.0,63.0,False
Stephen Curry,-0.0,63.0,False
Stephen Curry,87.6,360.59999999999997,False
Stephen Curry,-101.99999999999999,150.6,False
Stephen Curry,199.20000000000002,209.39999999999998,False
Stephen Curry,184.79999999999998,285.0,True
Stephen Curry,-0.0,63.0,True
Stephen Curry,48.0,360.59999999999997,True
Stephen Curry,-153.6,322.2,False
Stephen Curry,-105.60000000000002,287.4,True
Stephen Curry,38.4,276.6,False
Stephen Curry,246.0,229.8,False
Stephen Curry,-73.2,378.6,True
Stephen Curry,-158.39999999999998,253.79999999999998,True
Stephen Curry,-110.39999999999999,353.4,False
Stephen Curry,-40.800000000000004,287.4,False
Stephen Curry,-7.2,138.60000000000002,False
Stephen Curry,-114.0,234.6,True
Stephen Curry,44.400000000000006,106.19999999999999,False
Stephen Curry,-44.400000000000006,103.8,False
Stephen Curry,-34.8,283.8,False
Stephen Curry,-188.4,319.79999999999995,False
Stephen Curry,-279.6,57.0,False
Stephen Curry,136.8,89.4,False
Stephen Curry,-46.8,276.6,False
Stephen Curry,44.400000000000006,250.20000000000002,True
Stephen Curry,271.20000000000005,130.2,False
Stephen Curry,-0.0,136.2,True
Stephen Curry,81.60000000000001,376.2,True
Stephen Curry,-123.60000000000001,349.79999999999995,False
Stephen Curry,-172.8,87.0,False
Stephen Curry,163.20000000000002,198.6,True
Stephen Curry,-270.0,217.79999999999998,False
Stephen Curry,133.2,197.39999999999998,True
Stephen Curry,21.6,83.4,False
Stephen Curry,246.0,63.0,True
Stephen Curry,-15.600000000000001,259.79999999999995,False
Stephen Curry,44.400000000000006,282.6,True
Stephen Curry,159.6,168.60000000000002,False
Stephen Curry,-7.2,79.8,True
Stephen Curry,76.8,102.60000000000001,False
Stephen Curry,-2.4,257.4,False
Stephen Curry,265.20000000000005,93.0,False
Stephen Curry,-48.0,76.2,False
Stephen Curry,123.60000000000001,221.4,False
Stephen Curry,189.6,46.199999999999996,False
Stephen Curry,-189.6,318.6,False
Stephen Curry,-211.20000000000005,276.6,True
Stephen Curry,-90.0,130.2,True
Stephen Curry,218.4,253.79999999999998,True
Stephen Curry,48.0,286.20000000000005,True
Stephen Curry,-0.0,63.0,False
Stephen Curry,165.6,195.0,False
Stephen Curry,271.20000000000005,106.19999999999999,False
Stephen Curry,-28.8,293.4,False
Stephen Curry,-235.2,257.4,True
Stephen Curry,170.39999999999998,169.8,False
Stephen Curry,-0.0,63.0,True
Stephen Curry,87.6,169.8,True
Stephen Curry,-86.4,348.6,False
Stephen Curry,4.8,151.8,False
Stephen Curry,127.19999999999999,211.79999999999998,False
Stephen Curry,-37.2,289.8,True
Stephen Curry,-70.80000000000001,282.6,False
Stephen Curry,160.8,345.0,True
Stephen Curry,-99.60000000000001,257.4,False
Stephen Curry,-159.6,169.8,False
Stephen Curry,186.0,327.0,True
Stephen Curry,-201.60000000000002,313.8,False
Stephen Curry,-18.0,363.0,False
Stephen Curry,-90.0,120.60000000000001,True
Stephen Curry,-135.60000000000002,309.0,False
Stephen Curry,-158.39999999999998,318.6,False
Stephen Curry,165.6,312.6,False
Stephen Curry,-14.4,274.20000000000005,True
Stephen Curry,6.0,71.39999999999999,True
Stephen Curry,280.8,181.79999999999998,True
Stephen Curry,2.4,73.80000000000001,False
Stephen Curry,-10.8,291.0,False
Stephen Curry,44.400000000000006,359.4,False
Stephen Curry,290.4,156.6,True
Stephen Curry,199.20000000000002,437.40000000000003,False
Stephen Curry,-286.8,71.39999999999999,True
Stephen Curry,8.399999999999999,76.2,True
Stephen Curry,-273.6,162.6,False
Stephen Curry,13.200000000000003,64.19999999999999,True
Stephen Curry,-10.8,64.19999999999999,True
Stephen Curry,-184.79999999999998,303.0,False
Stephen Curry,133.2,227.4,True
Stephen Curry,-0.0,63.0,False
Stephen Curry,170.39999999999998,371.4,True
Stephen Curry,18.0,227.4,True
Stephen Curry,-0.0,63.0,True
Stephen Curry,-270.0,60.6,True
Stephen Curry,-0.0,63.0,False
Stephen Curry,-154.8,85.80000000000001,False
Stephen Curry,-0.0,63.0,True
Stephen Curry,80.4,210.6,True
Stephen Curry,297.6,47.4,False
Stephen Curry,254.39999999999998,46.199999999999996,True
Stephen Curry,-0.0,66.6,False
Stephen Curry,208.79999999999998,295.8,False
Stephen Curry,27.599999999999998,333.0,True
Stephen Curry,-100.80000000000001,273.0,False
Stephen Curry,-8.399999999999999,60.6,True
Stephen Curry,199.20000000000002,64.19999999999999,False
Stephen Curry,-154.8,220.20000000000005,False
Stephen Curry,-224.4,333.0,True
Stephen Curry,-8.399999999999999,99.0,False
Stephen Curry,8.399999999999999,77.4,False
Stephen Curry,-192.0,93.0,True
Stephen Curry,-40.800000000000004,381.0,False
Stephen Curry,188.4,85.80000000000001,False
Stephen Curry,78.0,259.79999999999995,True
Stephen Curry,147.60000000000002,237.0,True
Stephen Curry,58.8,123.0,False
Stephen Curry,-165.6,198.6,True
Stephen Curry,-156.0,64.19999999999999,False
Stephen Curry,21.6,365.4,False
Stephen Curry,-165.6,123.0,False
Stephen Curry,70.80000000000001,353.4,True
Stephen Curry,-228.0,319.79999999999995,False
Stephen Curry,8.399999999999999,90.6,True
Stephen Curry,103.19999999999999,223.79999999999998,False
Stephen Curry,144.0,238.20000000000002,False
Stephen Curry,-214.79999999999998,115.8,False
Stephen Curry,4.8,81.0,True
Stephen Curry,-0.0,372.59999999999997,False
Stephen Curry,-67.19999999999999,79.8,False
Stephen Curry,-184.79999999999998,192.6,True
Stephen Curry,6.0,71.39999999999999,False
Stephen Curry,-152.4,322.2,True
Stephen Curry,-1.2,359.4,True
Stephen Curry,-114.0,120.60000000000001,True
Stephen Curry,-0.0,63.0,False
Stephen Curry,-0.0,63.0,False
Stephen Curry,189.6,55.8,False
Stephen Curry,91.2,363.0,True
Stephen Curry,-150.0,257.4,True
Stephen Curry,97.2,309.0,True
Stephen Curry,-182.4,297.0,False
Stephen Curry,6.0,81.0,True
Stephen Curry,8.399999999999999,64.19999999999999,True
Stephen Curry,150.0,223.79999999999998,True
Stephen Curry,-145.2,257.4,True
Stephen Curry,-141.60000000000002,210.6,True
Stephen Curry,76.8,241.79999999999995,True
Stephen Curry,-46.8,81.0,False
Stephen Curry,81.60000000000001,240.6,False
Stephen Curry,206.39999999999998,161.39999999999998,False
Stephen Curry,72.0,217.79999999999998,False
Stephen Curry,146.4,237.0,True
Stephen Curry,-118.8,361.8,False
Stephen Curry,-282.0,143.4,True
Stephen Curry,-250.79999999999995,282.6,False
Stephen Curry,-12.0,88.19999999999999,True
Stephen Curry,-4.8,426.5999999999999,False
Stephen Curry,-24.0,82.19999999999999,True
Stephen Curry,-288.0,63.0,False
Stephen Curry,2.4,161.39999999999998,True
Stephen Curry,-1.2,432.59999999999997,True
Stephen Curry,-12.0,90.6,True
Stephen Curry,-279.6,124.2,True
Stephen Curry,-217.20000000000005,288.59999999999997,False
Stephen Curry,-103.19999999999999,412.2,False
Stephen Curry,-0.0,88.19999999999999,True
Stephen Curry,-100.80000000000001,365.4,True
Stephen Curry,30.0,390.59999999999997,False
Stephen Curry,81.60000000000001,436.20000000000005,False
Stephen Curry,-205.20000000000002,282.6,True
Stephen Curry,26.400000000000006,412.2,False
Stephen Curry,170.39999999999998,347.4,True
Stephen Curry,106.8,365.4,True
Stephen Curry,-0.0,438.59999999999997,True
Stephen Curry,-98.39999999999999,353.4,True
Stephen Curry,-147.60000000000002,353.4,True
Stephen Curry,213.6,318.6,False
Stephen Curry,-32.4,63.0,True
Stephen Curry,-20.400000000000002,76.2,True
Stephen Curry,198.0,325.79999999999995,False
Stephen Curry,-150.0,217.79999999999998,True
Stephen Curry,-201.60000000000002,223.79999999999998,False
Stephen Curry,14.4,55.8,True
Stephen Curry,93.6,195.0,True
Stephen Curry,-264.0,220.20000000000005,True
Stephen Curry,187.2,65.4,False
Stephen Curry,-4.8,165.0,True
Stephen Curry,-283.20000000000005,88.19999999999999,False
Stephen Curry,-195.6,279.0,True
Stephen Curry,-10.8,365.4,True
Stephen Curry,214.79999999999998,285.0,False
Stephen Curry,112.8,94.2,True
Stephen Curry,168.0,72.6,False
Stephen Curry,-186.0,306.6,False
Stephen Curry,-12.0,61.800000000000004,True
Stephen Curry,-205.20000000000002,271.79999999999995,True
Stephen Curry,-94.8,229.8,False
Stephen Curry,-208.79999999999998,285.0,False
Stephen Curry,-24.0,309.0,True
Stephen Curry,-272.4,136.2,False
Stephen Curry,-42.0,365.4,False
Stephen Curry,-22.8,82.19999999999999,False
Stephen Curry,-16.799999999999997,371.4,True
Stephen Curry,-261.6,207.0,True
Stephen Curry,260.4,211.79999999999998,False
Stephen Curry,-20.400000000000002,100.19999999999999,False
Stephen Curry,-266.4,294.59999999999997,False
Stephen Curry,-42.0,385.8,False
Stephen Curry,-214.79999999999998,297.0,False
Stephen Curry,-10.8,353.4,True
Stephen Curry,-38.4,82.19999999999999,True
Stephen Curry,-220.79999999999998,167.39999999999998,False
Stephen Curry,-190.8,787.8000000000001,False
Stephen Curry,-75.6,365.4,False
Stephen Curry,38.4,63.0,False
Stephen Curry,-282.0,94.2,False
Stephen Curry,16.799999999999997,71.39999999999999,True
Stephen Curry,-18.0,55.8,True
Stephen Curry,-67.19999999999999,349.79999999999995,False
Stephen Curry,-94.8,347.4,False
Stephen Curry,186.0,153.0,True
Stephen Curry,-223.2,271.79999999999995,True
Stephen Curry,-159.6,336.6,False
Stephen Curry,10.8,88.19999999999999,True
Stephen Curry,1.2,76.2,True
Stephen Curry,-12.0,82.19999999999999,True
Stephen Curry,8.399999999999999,365.4,False
Stephen Curry,4.8,385.8,True
Stephen Curry,202.79999999999998,78.6,True
Stephen Curry,-0.0,78.6,True
Stephen Curry,-57.6,214.20000000000005,True
Stephen Curry,187.2,294.59999999999997,False
Stephen Curry,189.6,306.6,True
Stephen Curry,154.8,873.0,False
Stephen Curry,-20.400000000000002,90.6,True
Stephen Curry,19.2,88.19999999999999,False
Stephen Curry,-136.8,155.4,False
Stephen Curry,10.8,71.39999999999999,True
Stephen Curry,148.8,217.79999999999998,False
Stephen Curry,-146.4,244.20000000000002,False
Stephen Curry,205.20000000000002,341.4,False
Stephen Curry,10.8,82.19999999999999,False
Stephen Curry,-223.2,276.6,False
Stephen Curry,2.4,76.2,True
Stephen Curry,118.8,306.6,False
Stephen Curry,8.399999999999999,102.60000000000001,False
Stephen Curry,-177.60000000000002,82.19999999999999,False
Stephen Curry,8.399999999999999,371.4,False
Stephen Curry,-240.0,238.20000000000002,False
Stephen Curry,8.399999999999999,88.19999999999999,True
Stephen Curry,22.8,159.0,True
Stephen Curry,-152.4,371.4,False
Stephen Curry,1.2,390.59999999999997,True
Stephen Curry,-223.2,319.79999999999995,True
Stephen Curry,-240.0,235.8,True
Stephen Curry,-10.8,125.39999999999998,False
Stephen Curry,13.200000000000003,361.8,True
Stephen Curry,244.79999999999995,331.79999999999995,False
Stephen Curry,-32.4,82.19999999999999,False
Stephen Curry,-24.0,76.2,False
Stephen Curry,-201.60000000000002,297.0,False
Stephen Curry,238.8,288.59999999999997,False
Stephen Curry,230.4,76.2,False
Stephen Curry,-168.0,312.6,False
Stephen Curry,51.599999999999994,377.4,False
Stephen Curry,-168.0,349.79999999999995,True
Stephen Curry,-217.20000000000005,130.2,False
Stephen Curry,-20.400000000000002,379.8,False
Stephen Curry,-230.4,336.6,True
Stephen Curry,-0.0,377.4,True
Stephen Curry,246.0,250.20000000000002,True
Stephen Curry,199.20000000000002,312.6,True
Stephen Curry,-76.8,196.20000000000002,True
Stephen Curry,-4.8,377.4,False
Stephen Curry,238.8,130.2,False
Stephen Curry,69.6,414.5999999999999,False
Stephen Curry,258.0,229.8,True
Stephen Curry,207.6,401.40000000000003,True
Stephen Curry,-10.8,359.4,True
Stephen Curry,-103.19999999999999,285.0,True
Stephen Curry,-140.4,330.6,False
Stephen Curry,-14.4,76.2,True
Stephen Curry,-7.2,90.6,True
Stephen Curry,-38.4,94.2,False
Stephen Curry,-273.6,112.2,True
Stephen Curry,-60.0,136.2,False
Stephen Curry,207.6,324.6,False
Stephen Curry,-282.0,114.6,False
Stephen Curry,-18.0,84.6,True
Stephen Curry,115.2,165.0,False
Stephen Curry,199.20000000000002,349.79999999999995,False
Stephen Curry,276.0,137.39999999999998,True
Stephen Curry,66.0,467.40000000000003,True
Stephen Curry,-195.6,318.6,True
Stephen Curry,-9.6,79.8,False
Stephen Curry,-0.0,365.4,True
Stephen Curry,-124.80000000000001,211.79999999999998,False
Stephen Curry,272.4,63.0,True
Stephen Curry,226.8,288.59999999999997,True
Stephen Curry,-61.19999999999999,389.40000000000003,True
Stephen Curry,-195.6,337.79999999999995,False
Stephen Curry,-267.6,207.0,True
Stephen Curry,262.79999999999995,232.2,False
Stephen Curry,-180.0,84.6,False
Stephen Curry,187.2,294.59999999999997,False
Stephen Curry,-42.0,106.19999999999999,True
Stephen Curry,28.8,65.4,True
Stephen Curry,-267.6,211.79999999999998,False
Stephen Curry,24.0,71.39999999999999,False
Stephen Curry,7.2,377.4,False
Stephen Curry,-22.8,66.6,True
Stephen Curry,-220.79999999999998,130.2,True
Stephen Curry,38.4,137.39999999999998,False
Stephen Curry,229.2,306.6,False
Stephen Curry,-130.8,349.79999999999995,True
Stephen Curry,-276.0,211.79999999999998,True
Stephen Curry,214.79999999999998,276.6,False
Stephen Curry,183.60000000000002,297.0,True
Stephen Curry,-36.0,76.2,False
Stephen Curry,34.8,88.19999999999999,False
Stephen Curry,-234.0,294.59999999999997,True
Stephen Curry,26.400000000000006,250.20000000000002,True
Stephen Curry,36.0,71.39999999999999,False
Stephen Curry,165.6,309.0,True
Stephen Curry,-156.0,106.19999999999999,False
Stephen Curry,-32.4,65.4,False
Stephen Curry,-220.79999999999998,265.79999999999995,False
Stephen Curry,32.4,55.8,True
Stephen Curry,-1.2,88.19999999999999,True
Stephen Curry,1.2,396.59999999999997,True
Stephen Curry,-186.0,336.6,True
Stephen Curry,-18.0,82.19999999999999,False
Stephen Curry,-162.0,229.8,False
Stephen Curry,20.400000000000002,94.2,False
Stephen Curry,-28.8,389.40000000000003,True
Stephen Curry,16.799999999999997,76.2,True
Stephen Curry,-278.4,130.2,True
Stephen Curry,-0.0,90.6,False
Stephen Curry,-54.0,190.2,False
Stephen Curry,205.20000000000002,402.59999999999997,False
Stephen Curry,-0.0,64.19999999999999,True
Stephen Curry,-276.0,71.39999999999999,True
Stephen Curry,-250.79999999999995,76.2,False
Stephen Curry,85.19999999999999,196.20000000000002,False
Stephen Curry,-30.0,78.6,False
Stephen Curry,-282.0,94.2,False
Stephen Curry,-165.6,94.2,False
Stephen Curry,-50.400000000000006,359.4,True
Stephen Curry,168.0,331.79999999999995,False
Stephen Curry,207.6,294.59999999999997,True
Stephen Curry,-165.6,201.0,True
Stephen Curry,-230.4,250.20000000000002,False
Stephen Curry,22.8,88.19999999999999,True
Stephen Curry,6.0,863.4,False
Stephen Curry,84.0,288.59999999999997,False
Stephen Curry,-195.6,259.79999999999995,True
Stephen Curry,-10.8,78.6,True
Stephen Curry,199.20000000000002,300.6,True
Stephen Curry,-276.0,131.39999999999998,False
Stephen Curry,223.2,336.6,False
Stephen Curry,-229.2,259.79999999999995,False
Stephen Curry,10.8,267.0,False
Stephen Curry,174.0,373.8,False
Stephen Curry,100.80000000000001,312.6,True
Stephen Curry,-10.8,88.19999999999999,True
Stephen Curry,-0.0,64.19999999999999,True
Stephen Curry,214.79999999999998,282.6,False
Stephen Curry,-79.19999999999999,361.8,False
Stephen Curry,-76.8,365.4,False
Stephen Curry,-282.0,55.8,True
Stephen Curry,-150.0,371.4,False
Stephen Curry,-10.8,383.4,False
Stephen Curry,264.0,359.4,True
Stephen Curry,-97.2,319.79999999999995,True
Stephen Curry,-10.8,88.19999999999999,True
Stephen Curry,246.0,253.79999999999998,True
Stephen Curry,4.8,88.19999999999999,False
Stephen Curry,-272.4,65.4,False
Stephen Curry,174.0,359.4,True
Stephen Curry,-2.4,136.2,False
Stephen Curry,85.19999999999999,371.4,False
Stephen Curry,278.4,71.39999999999999,True
Stephen Curry,-14.4,71.39999999999999,True
Stephen Curry,-2.4,72.6,True
Stephen Curry,-283.20000000000005,90.6,False
Stephen Curry,-144.0,355.8,True
Stephen Curry,14.4,82.19999999999999,False
Stephen Curry,177.60000000000002,223.79999999999998,False
Stephen Curry,14.4,94.2,False
Stephen Curry,2.4,88.19999999999999,True
Stephen Curry,-189.6,306.6,False
Stephen Curry,201.60000000000002,303.0,True
Stephen Curry,-14.4,72.6,True
Stephen Curry,-146.4,291.0,False
Stephen Curry,-142.79999999999998,336.6,False
Stephen Curry,252.0,226.2,True
Stephen Curry,4.8,71.39999999999999,True
Stephen Curry,-48.0,371.4,False
Stephen Curry,-0.0,64.19999999999999,True
Stephen Curry,-264.0,238.20000000000002,False
Stephen Curry,-4.8,84.6,True
Stephen Curry,-278.4,78.6,True
Stephen Curry,132.0,241.79999999999995,False
Stephen Curry,32.4,396.59999999999997,False
Stephen Curry,-18.0,78.6,True
Stephen Curry,214.79999999999998,291.0,False
Stephen Curry,97.2,355.8,False
Stephen Curry,-207.6,318.6,False
Stephen Curry,20.400000000000002,82.19999999999999,True
Stephen Curry,128.39999999999998,347.4,True
Stephen Curry,127.19999999999999,247.79999999999995,False
Stephen Curry,252.0,306.6,False
Stephen Curry,4.8,82.19999999999999,True
Stephen Curry,-10.8,71.39999999999999,True
Stephen Curry,-126.0,336.6,False
Stephen Curry,168.0,223.79999999999998,False
Stephen Curry,-57.6,76.2,False
Stephen Curry,-103.19999999999999,341.4,True
Stephen Curry,-7.2,90.6,False
Stephen Curry,230.4,261.0,False
Stephen Curry,-98.39999999999999,341.4,False
Stephen Curry,-205.20000000000002,235.8,True
Stephen Curry,-285.59999999999997,201.0,False
Stephen Curry,-236.4,259.79999999999995,False
Stephen Curry,-1.2,401.40000000000003,False
Stephen Curry,-205.20000000000002,300.6,False
Stephen Curry,2.4,76.2,False
Stephen Curry,-218.4,315.0,True
Stephen Curry,2.4,65.4,True
Stephen Curry,168.0,318.6,False
Stephen Curry,-212.39999999999998,472.20000000000005,False
Stephen Curry,1.2,72.6,False
Stephen Curry,-1.2,114.6,True
Stephen Curry,8.399999999999999,63.0,False
Stephen Curry,-248.4,255.00000000000003,False
Stephen Curry,171.60000000000002,300.6,False
Stephen Curry,22.8,353.4,False
Stephen Curry,7.2,61.800000000000004,True
Stephen Curry,-212.39999999999998,309.0,False
Stephen Curry,244.79999999999995,288.59999999999997,False
Stephen Curry,276.0,72.6,True
Stephen Curry,-45.6,71.39999999999999,False
Stephen Curry,-20.400000000000002,65.4,True
Stephen Curry,-72.0,137.39999999999998,False
Stephen Curry,262.79999999999995,190.2,False
Stephen Curry,4.8,161.39999999999998,False
Stephen Curry,-88.80000000000001,353.4,False
Stephen Curry,-218.4,265.79999999999995,False
Stephen Curry,-20.400000000000002,63.0,True
Stephen Curry,7.2,165.0,True
Stephen Curry,-2.4,65.4,False
Stephen Curry,162.0,330.6,False
Stephen Curry,-4.8,57.0,True
Stephen Curry,-282.0,71.39999999999999,True
Stephen Curry,-72.0,88.19999999999999,False
Stephen Curry,-22.8,61.800000000000004,True
Stephen Curry,270.0,65.4,False
Stephen Curry,-195.6,379.8,True
Stephen Curry,260.4,195.0,True
Stephen Curry,7.2,55.8,False
Stephen Curry,28.8,309.0,False
Stephen Curry,30.0,65.4,False
Stephen Curry,-208.79999999999998,271.79999999999995,False
Stephen Curry,-36.0,61.800000000000004,True
Stephen Curry,158.39999999999998,319.79999999999995,True
Stephen Curry,267.6,183.0,True
Stephen Curry,-283.20000000000005,71.39999999999999,True
Stephen Curry,-248.4,247.79999999999995,True
Stephen Curry,-24.0,82.19999999999999,False
Stephen Curry,-32.4,94.2,False
Stephen Curry,-270.0,118.2,False
Stephen Curry,-242.4,244.20000000000002,True
Stephen Curry,13.200000000000003,72.6,True
Stephen Curry,-165.6,201.0,False
Stephen Curry,-156.0,353.4,False
Stephen Curry,-115.2,136.2,True
Stephen Curry,-94.8,355.8,True
Stephen Curry,250.79999999999995,306.6,False
Stephen Curry,223.2,347.4,True
Stephen Curry,54.0,379.8,True
Stephen Curry,189.6,324.6,True
Stephen Curry,13.200000000000003,82.19999999999999,True
Stephen Curry,-110.39999999999999,112.2,True
Stephen Curry,214.79999999999998,389.40000000000003,False
Stephen Curry,13.200000000000003,371.4,True
Stephen Curry,-100.80000000000001,347.4,False
Stephen Curry,106.8,442.20000000000005,True
Stephen Curry,-282.0,71.39999999999999,True
Stephen Curry,-180.0,306.6,True
Stephen Curry,-14.4,78.6,True
Stephen Curry,144.0,353.4,False
Stephen Curry,20.400000000000002,65.4,True
Stephen Curry,186.0,130.2,False
Stephen Curry,-24.0,76.2,True
Stephen Curry,93.6,408.5999999999999,False
Stephen Curry,51.599999999999994,379.8,False
Stephen Curry,13.200000000000003,76.2,True
Stephen Curry,-12.0,71.39999999999999,True
Stephen Curry,-276.0,96.60000000000001,True
Stephen Curry,-16.799999999999997,76.2,True
Stephen Curry,4.8,389.40000000000003,False
Stephen Curry,248.4,255.00000000000003,False
Stephen Curry,-18.0,94.2,True
Stephen Curry,211.20000000000005,303.0,False
Stephen Curry,50.400000000000006,361.8,True
Stephen Curry,248.4,247.79999999999995,False
Stephen Curry,-104.39999999999999,353.4,True
Stephen Curry,-12.0,125.39999999999998,False
Stephen Curry,42.0,395.40000000000003,False
Stephen Curry,10.8,78.6,True
Stephen Curry,28.8,359.4,False
Stephen Curry,246.0,265.79999999999995,True
Stephen Curry,285.59999999999997,65.4,False
Stephen Curry,-2.4,130.2,False
Stephen Curry,186.0,336.6,True
Stephen Curry,-20.400000000000002,82.19999999999999,True
Stephen Curry,241.20000000000002,66.6,False
Stephen Curry,-181.2,297.0,False
Stephen Curry,7.2,76.2,True
Stephen Curry,78.0,373.8,True
Stephen Curry,-276.0,141.0,False
Stephen Curry,8.399999999999999,361.8,True
Stephen Curry,30.0,147.0,True
Stephen Curry,134.39999999999998,330.6,True
Stephen Curry,-69.6,359.4,False
Stephen Curry,118.8,336.6,False
Stephen Curry,205.20000000000002,312.6,False
Stephen Curry,-255.60000000000002,229.8,True
Stephen Curry,-20.400000000000002,66.6,False
Stephen Curry,-273.6,63.0,False
Stephen Curry,279.6,100.19999999999999,True
Stephen Curry,2.4,88.19999999999999,True
Stephen Curry,-122.39999999999998,353.4,False
Stephen Curry,-189.6,303.0,True
Stephen Curry,183.60000000000002,183.0,True
Stephen Curry,2.4,124.2,True
Stephen Curry,28.8,377.4,False
Stephen Curry,-187.2,315.0,False
Stephen Curry,-28.8,76.2,True
Stephen Curry,165.6,267.0,True
Stephen Curry,26.400000000000006,82.19999999999999,True
Stephen Curry,-97.2,347.4,False
Stephen Curry,81.60000000000001,361.8,True
Stephen Curry,244.79999999999995,255.00000000000003,True
Stephen Curry,276.0,65.4,True
Stephen Curry,256.79999999999995,253.79999999999998,True
Stephen Curry,62.400000000000006,371.4,False
Stephen Curry,10.8,65.4,False
Stephen Curry,-1.2,71.39999999999999,False
Stephen Curry,252.0,282.6,False
Stephen Curry,24.0,88.19999999999999,True
Stephen Curry,14.4,72.6,False
Stephen Curry,-134.39999999999998,371.4,False
Stephen Curry,-181.2,695.4,True
Stephen Curry,-238.8,259.79999999999995,True
Stephen Curry,-207.6,282.6,True
Stephen Curry,272.4,71.39999999999999,False
Stephen Curry,138.0,349.79999999999995,False
Stephen Curry,14.4,94.2,False
Stephen Curry,140.4,331.79999999999995,False
Stephen Curry,-258.0,238.20000000000002,False
Stephen Curry,7.2,76.2,True
Stephen Curry,-36.0,76.2,False
Stephen Curry,38.4,76.2,False
Stephen Curry,-1.2,371.4,False
Stephen Curry,183.60000000000002,347.4,True
Stephen Curry,-0.0,76.2,True
Stephen Curry,-0.0,141.0,True
Stephen Curry,-250.79999999999995,864.5999999999999,False
Stephen Curry,-260.4,211.79999999999998,False
Stephen Curry,154.8,355.8,True
Stephen Curry,-121.2,361.8,False
Stephen Curry,-26.400000000000006,71.39999999999999,True
Stephen Curry,-0.0,82.19999999999999,True
Stephen Curry,116.4,336.6,True
Stephen Curry,-7.2,482.99999999999994,False
Stephen Curry,4.8,136.2,True
Stephen Curry,176.39999999999998,306.6,True
Stephen Curry,-246.0,55.8,False
Stephen Curry,20.400000000000002,377.4,True
Stephen Curry,278.4,94.2,False
Stephen Curry,-177.60000000000002,312.6,True
Stephen Curry,-10.8,78.6,True
Stephen Curry,248.4,276.6,True
Stephen Curry,-1.2,94.2,False
Stephen Curry,-4.8,361.8,False
Stephen Curry,-4.8,55.8,True
Stephen Curry,186.0,288.59999999999997,False
Stephen Curry,-187.2,343.79999999999995,False
Stephen Curry,-24.0,88.19999999999999,False
Stephen Curry,-0.0,390.59999999999997,False
Stephen Curry,81.60000000000001,347.4,False
Stephen Curry,-12.0,76.2,False
Stephen Curry,7.2,82.19999999999999,True
Stephen Curry,170.39999999999998,324.6,False
Stephen Curry,-190.8,65.4,False
Stephen Curry,-50.400000000000006,71.39999999999999,False
Stephen Curry,13.200000000000003,355.8,False
Stephen Curry,-1.2,71.39999999999999,True
Stephen Curry,-36.0,76.2,False
Stephen Curry,24.0,65.4,True
Stephen Curry,-1.2,71.39999999999999,True
Stephen Curry,176.39999999999998,318.6,False
Stephen Curry,189.6,312.6,True
Stephen Curry,-224.4,294.59999999999997,True
Stephen Curry,-54.0,371.4,True
Stephen Curry,-20.400000000000002,82.19999999999999,True
Stephen Curry,-278.4,136.2,False
Stephen Curry,-117.6,103.8,False
Stephen Curry,-153.6,407.40000000000003,False
Stephen Curry,19.2,72.6,True
Stephen Curry,192.0,365.4,False
Stephen Curry,-202.79999999999998,312.6,False
Stephen Curry,-252.0,223.79999999999998,False
Stephen Curry,-177.60000000000002,353.4,False
Stephen Curry,2.4,82.19999999999999,False
Stephen Curry,-110.39999999999999,112.2,True
Stephen Curry,213.6,389.40000000000003,True
Stephen Curry,-24.0,76.2,True
Stephen Curry,266.4,207.0,False
Stephen Curry,-18.0,76.2,True
Stephen Curry,118.8,383.4,False
Stephen Curry,248.4,259.79999999999995,True
Stephen Curry,250.79999999999995,244.20000000000002,True
Stephen Curry,24.0,85.80000000000001,False
Stephen Curry,-22.8,72.6,True
Stephen Curry,10.8,94.2,True
Stephen Curry,62.400000000000006,377.4,False
Stephen Curry,-223.2,273.0,False
Stephen Curry,216.0,454.20000000000005,True
Stephen Curry,-158.39999999999998,207.0,False
Stephen Curry,-189.6,285.0,False
Stephen Curry,-140.4,330.6,True
Stephen Curry,10.8,367.8,True
Stephen Curry,-72.0,371.4,True
Stephen Curry,-93.6,361.8,True
Stephen Curry,-12.0,66.6,True
Stephen Curry,34.8,71.39999999999999,False
Stephen Curry,-219.6,130.2,False
Stephen Curry,94.8,343.79999999999995,False
Stephen Curry,79.19999999999999,337.79999999999995,True
Stephen Curry,57.6,377.4,False
Stephen Curry,-220.79999999999998,259.79999999999995,True
Stephen Curry,-171.60000000000002,343.79999999999995,True
Stephen Curry,142.79999999999998,189.0,False
Stephen Curry,20.400000000000002,65.4,True
Stephen Curry,-207.6,241.79999999999995,False
Stephen Curry,-93.6,324.6,False
Stephen Curry,207.6,319.79999999999995,True
Stephen Curry,-276.0,66.6,True
Stephen Curry,-39.599999999999994,353.4,True
Stephen Curry,136.8,371.4,False
Stephen Curry,109.2,328.2,True
Stephen Curry,-18.0,61.800000000000004,True
Stephen Curry,186.0,312.6,False
Stephen Curry,-87.6,379.8,True
Stephen Curry,223.2,543.0,True
Stephen Curry,-14.4,76.2,True
Stephen Curry,-186.0,315.0,True
Stephen Curry,186.0,297.0,True
Stephen Curry,-208.79999999999998,275.4,False
Stephen Curry,106.8,349.79999999999995,True
Stephen Curry,24.0,76.2,True
Stephen Curry,-250.79999999999995,208.20000000000005,True
Stephen Curry,105.60000000000002,269.4,False
Stephen Curry,-180.0,312.6,True
Stephen Curry,-45.6,300.6,True
Stephen Curry,30.0,55.8,False
Stephen Curry,-93.6,371.4,False
Stephen Curry,-28.8,76.2,True
Stephen Curry,-169.2,259.79999999999995,True
Stephen Curry,-63.599999999999994,347.4,True
Stephen Curry,-26.400000000000006,71.39999999999999,True
Stephen Curry,211.20000000000005,94.2,True
Stephen Curry,-112.8,347.4,False
Stephen Curry,24.0,367.8,True
Stephen Curry,244.79999999999995,247.79999999999995,True
Stephen Curry,-153.6,347.4,False
Stephen Curry,14.4,49.800000000000004,True
Stephen Curry,-4.8,55.8,True
Stephen Curry,-14.4,377.4,True
Stephen Curry,-10.8,383.4,True
Stephen Curry,-16.799999999999997,226.2,False
Stephen Curry,-199.20000000000002,285.0,False
Stephen Curry,-18.0,84.6,False
Stephen Curry,180.0,300.6,False
Stephen Curry,-223.2,253.79999999999998,True
Stephen Curry,28.8,82.19999999999999,False
Stephen Curry,248.4,229.8,False
Stephen Curry,-88.80000000000001,235.8,False
Stephen Curry,69.6,211.79999999999998,True
Stephen Curry,250.79999999999995,136.2,False
Stephen Curry,-26.400000000000006,72.6,False
Stephen Curry,-100.80000000000001,229.8,True
Stephen Curry,-2.4,153.0,True
Stephen Curry,-199.20000000000002,303.0,True
Stephen Curry,4.8,76.2,True
Stephen Curry,-152.4,324.6,False
Stephen Curry,186.0,507.0,True
Stephen Curry,-60.0,318.6,True
Stephen Curry,48.0,318.6,False
Stephen Curry,-57.6,229.8,True
Stephen Curry,282.0,108.60000000000002,False
Stephen Curry,32.4,65.4,False
Stephen Curry,-24.0,82.19999999999999,False
Stephen Curry,22.8,76.2,True
Stephen Curry,16.799999999999997,65.4,True
Stephen Curry,174.0,306.6,False
Stephen Curry,246.0,271.79999999999995,True
Stephen Curry,-33.599999999999994,383.4,False
Stephen Curry,-16.799999999999997,65.4,True
Stephen Curry,-1.2,64.19999999999999,True
Stephen Curry,-169.2,318.6,False
Stephen Curry,282.0,100.19999999999999,True
Stephen Curry,-248.4,112.2,False
Stephen Curry,7.2,71.39999999999999,True
Stephen Curry,116.4,112.2,True
Stephen Curry,168.0,309.0,False
Stephen Curry,-2.4,61.800000000000004,True
Stephen Curry,-144.0,318.6,False
Stephen Curry,-12.0,61.800000000000004,True
Stephen Curry,192.0,294.59999999999997,False
Stephen Curry,-242.4,149.4,True
Stephen Curry,-10.8,88.19999999999999,False
Stephen Curry,-87.6,337.79999999999995,True
Stephen Curry,-273.6,165.0,True
Stephen Curry,-10.8,55.8,True
Stephen Curry,13.200000000000003,112.2,True
Stephen Curry,-45.6,353.4,True
Stephen Curry,177.60000000000002,312.6,False
Stephen Curry,242.4,235.8,True
Stephen Curry,36.0,373.8,False
Stephen Curry,100.80000000000001,361.8,False
Stephen Curry,-212.39999999999998,288.59999999999997,True
Stephen Curry,144.0,347.4,True
Stephen Curry,-181.2,306.6,False
Stephen Curry,-12.0,84.6,False
Stephen Curry,238.8,49.800000000000004,False
Stephen Curry,81.60000000000001,377.4,False
Stephen Curry,-98.39999999999999,223.79999999999998,False
Stephen Curry,-75.6,359.4,False
Stephen Curry,-12.0,88.19999999999999,False
Stephen Curry,-10.8,82.19999999999999,True
Stephen Curry,-24.0,72.6,True
Stephen Curry,-16.799999999999997,90.6,False
Stephen Curry,-88.80000000000001,365.4,True
Stephen Curry,235.2,276.6,False
Stephen Curry,20.400000000000002,71.39999999999999,True
Stephen Curry,-82.8,343.79999999999995,False
Stephen Curry,-30.0,331.79999999999995,True
Stephen Curry,152.4,315.0,True
Stephen Curry,-234.0,241.79999999999995,False
Stephen Curry,-162.0,336.6,True
Stephen Curry,-183.60000000000002,294.59999999999997,True
Stephen Curry,-20.400000000000002,65.4,True
Stephen Curry,-10.8,112.2,False
Stephen Curry,1.2,247.79999999999995,False
Stephen Curry,-132.0,220.20000000000005,False
Stephen Curry,186.0,285.0,True
Stephen Curry,-12.0,112.2,False
Stephen Curry,-30.0,61.800000000000004,False
Stephen Curry,73.2,347.4,False
Stephen Curry,32.4,65.4,True
Stephen Curry,272.4,71.39999999999999,True
Stephen Curry,282.0,102.60000000000001,False
Stephen Curry,132.0,324.6,True
Stephen Curry,106.8,353.4,False
Stephen Curry,115.2,330.6,True
Stephen Curry,-22.8,65.4,True
Stephen Curry,-7.2,61.800000000000004,True
Stephen Curry,8.399999999999999,90.6,False
Stephen Curry,7.2,121.8,False
Stephen Curry,-0.0,61.800000000000004,True
Stephen Curry,276.0,189.0,False
Stephen Curry,-260.4,189.0,True
Stephen Curry,-0.0,365.4,False
Stephen Curry,-16.799999999999997,118.2,False
Stephen Curry,-164.39999999999998,341.4,False
Stephen Curry,-208.79999999999998,343.79999999999995,True
Stephen Curry,-142.79999999999998,379.8,True
Stephen Curry,20.400000000000002,353.4,False
Stephen Curry,285.59999999999997,102.60000000000001,True
Stephen Curry,81.60000000000001,106.19999999999999,True
Stephen Curry,-169.2,309.0,False
Stephen Curry,-285.59999999999997,94.2,True
Stephen Curry,-152.4,61.800000000000004,True
Stephen Curry,-12.0,365.4,False
Stephen Curry,-248.4,265.79999999999995,False
Stephen Curry,-104.39999999999999,143.4,False
Stephen Curry,-252.0,265.79999999999995,False
Stephen Curry,118.8,361.8,False
Stephen Curry,54.0,377.4,True
Stephen Curry,-229.2,267.0,False
Stephen Curry,-26.400000000000006,82.19999999999999,True
Stephen Curry,-66.0,365.4,False
Stephen Curry,-0.0,82.19999999999999,True
Stephen Curry,288.0,71.39999999999999,False
Stephen Curry,36.0,367.8,False
Stephen Curry,24.0,66.6,True
Stephen Curry,-10.8,125.39999999999998,False
Stephen Curry,28.8,436.20000000000005,True
Stephen Curry,-14.4,82.19999999999999,False
Stephen Curry,-164.39999999999998,379.8,False
Stephen Curry,250.79999999999995,267.0,True
Stephen Curry,273.6,65.4,True
Stephen Curry,84.0,353.4,True
Stephen Curry,220.79999999999998,271.79999999999995,True
Stephen Curry,-2.4,76.2,True
Stephen Curry,-14.4,82.19999999999999,True
Stephen Curry,187.2,373.8,True
Stephen Curry,-159.6,196.20000000000002,True
Stephen Curry,8.399999999999999,96.60000000000001,True
Stephen Curry,-223.2,306.6,False
Stephen Curry,-16.799999999999997,76.2,True
Stephen Curry,7.2,165.0,False
Stephen Curry,115.2,347.4,False
Stephen Curry,30.0,94.2,False
Stephen Curry,4.8,76.2,False
Stephen Curry,115.2,341.4,False
Stephen Curry,4.8,108.60000000000002,True
Stephen Curry,13.200000000000003,65.4,False
Stephen Curry,-132.0,341.4,False
Stephen Curry,-4.8,82.19999999999999,True
Stephen Curry,75.6,155.4,False
Stephen Curry,8.399999999999999,76.2,True
Stephen Curry,-32.4,261.0,False
Stephen Curry,170.39999999999998,171.0,True
Stephen Curry,6.0,323.40000000000003,True
Stephen Curry,14.4,371.4,False
Stephen Curry,-88.80000000000001,353.4,False
Stephen Curry,-14.4,88.19999999999999,False
Stephen Curry,-0.0,88.19999999999999,True
Stephen Curry,-38.4,371.4,True
Stephen Curry,213.6,377.4,False
Stephen Curry,-153.6,201.0,False
Stephen Curry,223.2,273.0,False
Stephen Curry,28.8,63.0,True
Stephen Curry,4.8,65.4,True
Stephen Curry,254.39999999999998,288.59999999999997,True
Stephen Curry,171.60000000000002,337.79999999999995,False
Stephen Curry,-142.79999999999998,94.2,False
Stephen Curry,-146.4,371.4,False
Stephen Curry,10.8,61.800000000000004,False
Stephen Curry,-248.4,306.6,True
Stephen Curry,250.79999999999995,265.79999999999995,True
Stephen Curry,-146.4,337.79999999999995,False
Stephen Curry,-81.60000000000001,208.20000000000005,False
Stephen Curry,-16.799999999999997,177.0,True
Stephen Curry,19.2,78.6,False
Stephen Curry,-170.39999999999998,274.20000000000005,False
Stephen Curry,-181.2,324.6,True
Stephen Curry,1.2,66.6,True
Stephen Curry,-4.8,43.8,True
Stephen Curry,8.399999999999999,63.0,True
Stephen Curry,-134.39999999999998,271.79999999999995,True
Stephen Curry,19.2,365.4,True
Stephen Curry,177.60000000000002,309.0,True
Stephen Curry,279.6,66.6,False
Stephen Curry,57.6,349.79999999999995,True
Stephen Curry,-10.8,43.8,True
Stephen Curry,146.4,336.6,True
Stephen Curry,-234.0,300.6,True
Stephen Curry,262.79999999999995,211.79999999999998,True
Stephen Curry,-181.2,324.6,True
Stephen Curry,-51.599999999999994,371.4,False
Stephen Curry,201.60000000000002,324.6,True
Stephen Curry,164.39999999999998,306.6,False
Stephen Curry,8.399999999999999,63.0,False
Stephen Curry,-130.8,336.6,False
Stephen Curry,28.8,78.6,False
Stephen Curry,112.8,161.39999999999998,True
Stephen Curry,159.6,306.6,False
Stephen Curry,54.0,102.60000000000001,False
Stephen Curry,-109.2,359.4,True
Stephen Curry,127.19999999999999,319.79999999999995,True
Stephen Curry,278.4,40.2,False
Stephen Curry,285.59999999999997,124.2,False
Stephen Curry,-2.4,76.2,True
Stephen Curry,66.0,276.6,False
Stephen Curry,180.0,303.0,False
Stephen Curry,-142.79999999999998,365.4,False
Stephen Curry,-7.2,63.0,True
Stephen Curry,-12.0,396.59999999999997,False
Stephen Curry,87.6,353.4,True
Stephen Curry,-60.0,112.2,False
Stephen Curry,12.0,69.0,False
Stephen Curry,22.8,49.800000000000004,False
Stephen Curry,19.2,371.4,True
Stephen Curry,2.4,373.8,False
Stephen Curry,-12.0,385.8,False
Stephen Curry,-4.8,94.2,True
Stephen Curry,16.799999999999997,49.800000000000004,True
Stephen Curry,100.80000000000001,349.79999999999995,True
Stephen Curry,-57.6,365.4,False
Stephen Curry,284.4,100.19999999999999,True
Stephen Curry,-50.400000000000006,55.8,True
Stephen Curry,213.6,271.79999999999995,True
Stephen Curry,282.0,79.8,False
Stephen Curry,-278.4,171.0,False
Stephen Curry,112.8,118.2,False
Stephen Curry,-183.60000000000002,353.4,True
Stephen Curry,-26.400000000000006,377.4,True
Stephen Curry,-223.2,265.79999999999995,True
Stephen Curry,-130.8,279.0,False
Stephen Curry,284.4,66.6,False
Stephen Curry,-130.8,220.20000000000005,False
Stephen Curry,-12.0,82.19999999999999,True
Stephen Curry,279.6,90.6,False
Stephen Curry,272.4,124.2,False
Stephen Curry,130.8,383.4,False
Stephen Curry,-121.2,261.0,False
Stephen Curry,-276.0,61.800000000000004,True
Stephen Curry,-30.0,100.19999999999999,False
Stephen Curry,148.8,373.8,False
Stephen Curry,-28.8,100.19999999999999,True
Stephen Curry,13.200000000000003,82.19999999999999,False
Stephen Curry,-106.8,349.79999999999995,False
Stephen Curry,48.0,390.59999999999997,True
Stephen Curry,-16.799999999999997,371.4,True
Stephen Curry,-2.4,211.79999999999998,True
Stephen Curry,24.0,73.80000000000001,False
Stephen Curry,-217.20000000000005,195.0,True
Stephen Curry,30.0,179.4,True
Stephen Curry,-2.4,94.2,True
Stephen Curry,-272.4,102.60000000000001,True
Stephen Curry,-20.400000000000002,112.2,False
Stephen Curry,1.2,94.2,False
Stephen Curry,202.79999999999998,309.0,True
Stephen Curry,-0.0,76.2,True
Stephen Curry,-48.0,395.40000000000003,True
Stephen Curry,285.59999999999997,100.19999999999999,False
Stephen Curry,-1.2,78.6,True
Stephen Curry,279.6,84.6,True
Stephen Curry,-136.8,336.6,True
Stephen Curry,-1.2,220.20000000000005,True
Stephen Curry,-24.0,71.39999999999999,True
Stephen Curry,183.60000000000002,337.79999999999995,False
Stephen Curry,-98.39999999999999,367.8,False
Stephen Curry,273.6,84.6,True
Stephen Curry,-273.6,112.2,False
Stephen Curry,-126.0,336.6,True
Stephen Curry,-100.80000000000001,341.4,False
Stephen Curry,-140.4,623.4000000000001,True
Stephen Curry,-118.8,385.8,True
Stephen Curry,-152.4,315.0,False
Stephen Curry,-116.4,347.4,False
Stephen Curry,181.2,217.79999999999998,False
Stephen Curry,19.2,373.8,True
Stephen Curry,-164.39999999999998,341.4,False
Stephen Curry,-136.8,318.6,True
Stephen Curry,-207.6,282.6,False
Stephen Curry,-48.0,365.4,True
Stephen Curry,-0.0,64.19999999999999,True
Stephen Curry,-164.39999999999998,306.6,True
Stephen Curry,-20.400000000000002,361.8,False
Stephen Curry,144.0,341.4,False
Stephen Curry,103.19999999999999,63.0,True
Stephen Curry,24.0,67.80000000000001,False
Stephen Curry,-134.39999999999998,108.60000000000002,False
Stephen Curry,-130.8,279.0,False
Stephen Curry,187.2,306.6,False
Stephen Curry,235.2,196.20000000000002,True
Stephen Curry,118.8,253.79999999999998,True
Stephen Curry,7.2,65.4,True
Stephen Curry,22.8,65.4,False
Stephen Curry,-110.39999999999999,341.4,False
Stephen Curry,-51.599999999999994,347.4,True
Stephen Curry,170.39999999999998,315.0,False
Stephen Curry,-109.2,343.79999999999995,False
Stephen Curry,-75.6,361.8,True
Stephen Curry,8.399999999999999,65.4,True
Stephen Curry,158.39999999999998,371.4,False
Stephen Curry,294.0,78.6,True
Stephen Curry,258.0,244.20000000000002,False
Stephen Curry,260.4,223.79999999999998,False
Stephen Curry,-159.6,306.6,True
Stephen Curry,-2.4,55.8,True
Stephen Curry,10.8,112.2,False
Stephen Curry,10.8,65.4,True
Stephen Curry,-255.60000000000002,201.0,True
Stephen Curry,60.0,383.4,True
Stephen Curry,8.399999999999999,50.99999999999999,True
Stephen Curry,-252.0,201.0,True
Stephen Curry,229.2,255.00000000000003,False
Stephen Curry,19.2,61.800000000000004,True
Stephen Curry,150.0,367.8,True
Stephen Curry,-279.6,183.0,False
Stephen Curry,87.6,232.2,True
Stephen Curry,-112.8,365.4,True
Stephen Curry,-73.2,106.19999999999999,False
Stephen Curry,285.59999999999997,112.2,False
Stephen Curry,-150.0,343.79999999999995,True
Stephen Curry,-106.8,353.4,False
Stephen Curry,136.8,343.79999999999995,True
Stephen Curry,181.2,318.6,True
Stephen Curry,-255.60000000000002,232.2,True
Stephen Curry,2.4,137.39999999999998,False
Stephen Curry,-171.60000000000002,195.0,False
Stephen Curry,2.4,61.800000000000004,True
Stephen Curry,-98.39999999999999,223.79999999999998,False
Stephen Curry,-76.8,94.2,False
Stephen Curry,-85.19999999999999,383.4,False
Stephen Curry,1.2,65.4,True
Stephen Curry,229.2,300.6,False
Stephen Curry,176.39999999999998,143.4,True
Stephen Curry,72.0,385.8,False
Stephen Curry,195.6,318.6,True
Stephen Curry,116.4,401.40000000000003,True
Stephen Curry,10.8,55.8,True
Stephen Curry,48.0,244.20000000000002,True
Stephen Curry,-138.0,349.79999999999995,False
Stephen Curry,189.6,312.6,False
Stephen Curry,-211.20000000000005,359.4,False
Stephen Curry,-0.0,64.19999999999999,True
Stephen Curry,-202.79999999999998,291.0,False
Stephen Curry,285.59999999999997,130.2,True
Stephen Curry,-174.0,330.6,True
Stephen Curry,-220.79999999999998,259.79999999999995,False
Stephen Curry,-236.4,235.8,True
Stephen Curry,282.0,119.4,False
Stephen Curry,236.4,253.79999999999998,False
Stephen Curry,118.8,353.4,True
Stephen Curry,258.0,253.79999999999998,True
Stephen Curry,50.400000000000006,796.1999999999999,False
Stephen Curry,-230.4,276.6,False
Stephen Curry,224.4,291.0,True
Stephen Curry,-51.599999999999994,383.4,True
Stephen Curry,8.399999999999999,373.8,True
Stephen Curry,248.4,276.6,False
Stephen Curry,-2.4,82.19999999999999,False
Stephen Curry,165.6,426.5999999999999,True
Stephen Curry,-22.8,78.6,True
Stephen Curry,-180.0,291.0,True
Stephen Curry,8.399999999999999,82.19999999999999,True
Stephen Curry,14.4,72.6,True
Stephen Curry,235.2,300.6,True
Stephen Curry,-20.400000000000002,66.6,True
Stephen Curry,-22.8,71.39999999999999,False
Stephen Curry,-10.8,66.6,False
Stephen Curry,-10.8,61.800000000000004,True
Stephen Curry,121.2,359.4,False
Stephen Curry,-162.0,312.6,False
Stephen Curry,-153.6,324.6,False
Stephen Curry,-7.2,119.4,True
Stephen Curry,171.60000000000002,153.0,True
Stephen Curry,103.19999999999999,347.4,False
Stephen Curry,-196.79999999999998,315.0,True
Stephen Curry,16.799999999999997,63.0,True
Stephen Curry,-180.0,312.6,False
Stephen Curry,-217.20000000000005,119.4,False
Stephen Curry,-223.2,276.6,False
Stephen Curry,-0.0,65.4,False
Stephen Curry,-171.60000000000002,312.6,True
Stephen Curry,140.4,341.4,False
Stephen Curry,20.400000000000002,61.800000000000004,False
Stephen Curry,140.4,341.4,True
Stephen Curry,-152.4,223.79999999999998,True
Stephen Curry,168.0,324.6,True
Stephen Curry,-266.4,241.79999999999995,False
Stephen Curry,7.2,142.2,False
Stephen Curry,-159.6,658.1999999999999,False
Stephen Curry,-272.4,40.2,False
Stephen Curry,136.8,141.0,False
Stephen Curry,-26.400000000000006,84.6,False
Stephen Curry,-199.20000000000002,318.6,False
Stephen Curry,-223.2,343.79999999999995,False
Stephen Curry,-1.2,241.79999999999995,True
Stephen Curry,7.2,72.6,True
Stephen Curry,22.8,112.2,False
Stephen Curry,242.4,288.59999999999997,True
Stephen Curry,-118.8,336.6,False
Stephen Curry,-81.60000000000001,247.79999999999995,True
Stephen Curry,2.4,112.2,False
Stephen Curry,8.399999999999999,153.0,True
Stephen Curry,-128.39999999999998,353.4,False
Stephen Curry,10.8,82.19999999999999,False
Stephen Curry,10.8,78.6,True
Stephen Curry,4.8,88.19999999999999,True
Stephen Curry,1.2,88.19999999999999,False
Stephen Curry,4.8,141.0,False
Stephen Curry,279.6,76.2,True
Stephen Curry,2.4,330.6,False
Stephen Curry,28.8,331.79999999999995,True
Stephen Curry,246.0,265.79999999999995,True
Stephen Curry,278.4,82.19999999999999,True
Stephen Curry,-44.400000000000006,76.2,False
Stephen Curry,-226.8,271.79999999999995,True
Stephen Curry,-14.4,147.0,True
Stephen Curry,270.0,207.0,True
Stephen Curry,22.8,359.4,False
Stephen Curry,28.8,141.0,False
Stephen Curry,-255.60000000000002,271.79999999999995,False
Stephen Curry,177.60000000000002,336.6,True
Stephen Curry,-55.199999999999996,396.59999999999997,True
Stephen Curry,-28.8,88.19999999999999,True
Stephen Curry,51.599999999999994,361.8,False
Stephen Curry,-116.4,76.2,False
Stephen Curry,-4.8,171.0,True
Stephen Curry,211.20000000000005,265.79999999999995,True
Stephen Curry,100.80000000000001,349.79999999999995,False
Stephen Curry,-264.0,220.20000000000005,False
Stephen Curry,-270.0,82.19999999999999,True
Stephen Curry,-55.199999999999996,355.8,False
Stephen Curry,224.4,319.79999999999995,True
Stephen Curry,229.2,279.0,False
Stephen Curry,-14.4,65.4,False
Stephen Curry,-144.0,318.6,True
Stephen Curry,-14.4,353.4,True
Stephen Curry,-75.6,347.4,False
Stephen Curry,8.399999999999999,71.39999999999999,True
Stephen Curry,183.60000000000002,306.6,False
Stephen Curry,181.2,303.0,False
Stephen Curry,-14.4,71.39999999999999,False
Stephen Curry,-244.79999999999995,223.79999999999998,False
Stephen Curry,-22.8,65.4,True
Stephen Curry,-10.8,71.39999999999999,True
Stephen Curry,162.0,309.0,False
Stephen Curry,-272.4,71.39999999999999,False
Stephen Curry,-248.4,66.6,False
Stephen Curry,105.60000000000002,189.0,True
Stephen Curry,-272.4,72.6,True
Stephen Curry,284.4,37.8,True
Stephen Curry,-4.8,94.2,True
Stephen Curry,72.0,55.8,False
Stephen Curry,-196.79999999999998,288.59999999999997,False
Stephen Curry,-169.2,319.79999999999995,True
Stephen Curry,-282.0,45.0,False
Stephen Curry,-10.8,82.19999999999999,False
Stephen Curry,-223.2,276.6,False
Stephen Curry,232.8,276.6,True
Stephen Curry,-6.0,88.19999999999999,True
Stephen Curry,-4.8,94.2,False
Stephen Curry,-171.60000000000002,294.59999999999997,False
Stephen Curry,-224.4,282.6,False
Stephen Curry,7.2,94.2,True
Stephen Curry,26.400000000000006,78.6,False
Stephen Curry,19.2,76.2,False
Stephen Curry,-223.2,300.6,False
Stephen Curry,110.39999999999999,147.0,True
Stephen Curry,-14.4,371.4,True
Stephen Curry,-244.79999999999995,229.8,True
Stephen Curry,-14.4,82.19999999999999,True
Stephen Curry,-189.6,318.6,True
Stephen Curry,-201.60000000000002,165.0,False
Stephen Curry,127.19999999999999,114.6,False
Stephen Curry,-106.8,88.19999999999999,True
Stephen Curry,40.800000000000004,383.4,False
Stephen Curry,-22.8,389.40000000000003,True
Stephen Curry,-14.4,78.6,True
Stephen Curry,-270.0,61.800000000000004,False
Stephen Curry,19.2,90.6,True
Stephen Curry,248.4,273.0,False
Stephen Curry,7.2,76.2,True
Stephen Curry,223.2,279.0,True
Stephen Curry,244.79999999999995,247.79999999999995,False
Stephen Curry,270.0,217.79999999999998,False
Stephen Curry,211.20000000000005,318.6,True
Stephen Curry,284.4,118.2,False
Stephen Curry,-276.0,183.0,False
Stephen Curry,8.399999999999999,76.2,True
Stephen Curry,170.39999999999998,330.6,True
Stephen Curry,-282.0,96.60000000000001,False
Stephen Curry,14.4,94.2,False
Stephen Curry,202.79999999999998,294.59999999999997,False
Stephen Curry,140.4,371.4,True
Stephen Curry,7.2,94.2,True
Stephen Curry,26.400000000000006,395.40000000000003,True
Stephen Curry,66.0,377.4,True
Stephen Curry,270.0,61.800000000000004,True
Stephen Curry,236.4,265.79999999999995,True
Stephen Curry,-26.400000000000006,367.8,False
Stephen Curry,-250.79999999999995,223.79999999999998,False
Stephen Curry,62.400000000000006,373.8,False
Stephen Curry,73.2,353.4,False
Stephen Curry,-223.2,65.4,False
Stephen Curry,-26.400000000000006,365.4,False
Stephen Curry,-205.20000000000002,303.0,False
Stephen Curry,-1.2,88.19999999999999,True
Stephen Curry,-4.8,76.2,True
Stephen Curry,8.399999999999999,94.2,False
Stephen Curry,110.39999999999999,359.4,False
Stephen Curry,-20.400000000000002,96.60000000000001,True
Stephen Curry,-82.8,282.6,False
Stephen Curry,14.4,88.19999999999999,True
Stephen Curry,-0.0,917.4,False
Stephen Curry,-2.4,82.19999999999999,False
Stephen Curry,244.79999999999995,318.6,True
Stephen Curry,-4.8,71.39999999999999,True
Stephen Curry,1.2,165.0,False
Stephen Curry,-220.79999999999998,76.2,False
Stephen Curry,-4.8,82.19999999999999,False
Stephen Curry,285.59999999999997,114.6,True
Stephen Curry,10.8,100.19999999999999,False
Stephen Curry,289.20000000000005,76.2,False
Stephen Curry,279.6,94.2,False
Stephen Curry,205.20000000000002,324.6,False
Stephen Curry,-98.39999999999999,288.59999999999997,True
Stephen Curry,-189.6,291.0,False
Stephen Curry,-12.0,88.19999999999999,False
Stephen Curry,115.2,96.60000000000001,True
Stephen Curry,273.6,108.60000000000002,False
Stephen Curry,110.39999999999999,353.4,False
Stephen Curry,16.799999999999997,76.2,True
Stephen Curry,-186.0,217.79999999999998,False
Stephen Curry,-55.199999999999996,355.8,True
Stephen Curry,-260.4,207.0,False
Stephen Curry,4.8,82.19999999999999,True
Stephen Curry,-7.2,112.2,True
Stephen Curry,14.4,76.2,False
Stephen Curry,254.39999999999998,72.6,True
Stephen Curry,232.8,253.79999999999998,False
Stephen Curry,-50.400000000000006,365.4,False
Stephen Curry,36.0,165.0,False
Stephen Curry,244.79999999999995,282.6,False
Stephen Curry,232.8,273.0,True
Stephen Curry,44.400000000000006,179.4,True
Stephen Curry,20.400000000000002,165.0,False
Stephen Curry,26.400000000000006,76.2,True
Stephen Curry,-177.60000000000002,291.0,True
Stephen Curry,-144.0,261.0,True
Stephen Curry,-0.0,94.2,True
Stephen Curry,-0.0,76.2,True
Stephen Curry,-10.8,82.19999999999999,True
Stephen Curry,-63.599999999999994,177.0,True
Stephen Curry,79.19999999999999,379.8,False
Stephen Curry,-183.60000000000002,312.6,True
Stephen Curry,19.2,71.39999999999999,True
Stephen Curry,110.39999999999999,347.4,True
Stephen Curry,-50.400000000000006,165.0,True
Stephen Curry,128.39999999999998,331.79999999999995,False
Stephen Curry,-136.8,359.4,False
Stephen Curry,-93.6,247.79999999999995,True
Stephen Curry,4.8,88.19999999999999,False
Stephen Curry,-3.6,357.0,False
Stephen Curry,134.39999999999998,353.4,False
Stephen Curry,2.4,65.4,True
Stephen Curry,-183.60000000000002,319.79999999999995,True
Stephen Curry,-72.0,349.79999999999995,False
Stephen Curry,229.2,66.6,False
Stephen Curry,8.399999999999999,71.39999999999999,True
Stephen Curry,-103.19999999999999,371.4,False
Stephen Curry,10.8,66.6,True
Stephen Curry,15.600000000000001,79.8,False
Stephen Curry,-190.8,137.39999999999998,True
Stephen Curry,-1.2,171.0,False
Stephen Curry,-201.60000000000002,37.8,True
Stephen Curry,284.4,49.800000000000004,False
Stephen Curry,40.800000000000004,84.6,False
Stephen Curry,8.399999999999999,229.8,False
Stephen Curry,19.2,66.6,True
Stephen Curry,-266.4,49.800000000000004,True
Stephen Curry,13.200000000000003,72.6,True
Stephen Curry,-12.0,71.39999999999999,True
Stephen Curry,-255.60000000000002,229.8,False
Stephen Curry,88.80000000000001,401.40000000000003,False
Stephen Curry,-211.20000000000005,297.0,False
Stephen Curry,-12.0,65.4,True
Stephen Curry,174.0,319.79999999999995,False
Stephen Curry,176.39999999999998,177.0,False
Stephen Curry,28.8,408.5999999999999,True
Stephen Curry,6.0,79.8,False
Stephen Curry,-22.8,377.4,False
Stephen Curry,-174.0,217.79999999999998,False
Stephen Curry,24.0,78.6,False
Stephen Curry,-50.400000000000006,359.4,True
Stephen Curry,-10.8,65.4,True
Stephen Curry,-195.6,223.79999999999998,False
Stephen Curry,16.799999999999997,82.19999999999999,False
Stephen Curry,-24.0,359.4,True
Stephen Curry,94.8,312.6,False
Stephen Curry,-153.6,347.4,False
Stephen Curry,-252.0,259.79999999999995,False
Stephen Curry,-218.4,336.6,True
Stephen Curry,235.2,241.79999999999995,True
Stephen Curry,-14.4,66.6,True
Stephen Curry,-36.0,147.0,False
Stephen Curry,-63.599999999999994,72.6,False
Stephen Curry,-7.2,383.4,False
Stephen Curry,-171.60000000000002,341.4,False
Stephen Curry,-24.0,71.39999999999999,False
Stephen Curry,-168.0,330.6,True
Stephen Curry,-177.60000000000002,238.20000000000002,False
Stephen Curry,40.800000000000004,71.39999999999999,True
Stephen Curry,-32.4,106.19999999999999,False
Stephen Curry,-201.60000000000002,312.6,False
Stephen Curry,-91.2,265.79999999999995,True
Stephen Curry,-190.8,190.2,True
Stephen Curry,-236.4,312.6,False
Stephen Curry,30.0,155.4,True
Stephen Curry,16.799999999999997,57.0,True
Stephen Curry,26.400000000000006,71.39999999999999,False
Stephen Curry,-252.0,235.8,False
Stephen Curry,14.4,55.8,False
Stephen Curry,-261.6,207.0,True
Stephen Curry,-250.79999999999995,247.79999999999995,False
Stephen Curry,-110.39999999999999,259.79999999999995,False
Stephen Curry,168.0,306.6,False
Stephen Curry,224.4,294.59999999999997,True
Stephen Curry,-16.799999999999997,65.4,True
Stephen Curry,-224.4,288.59999999999997,True
Stephen Curry,238.8,294.59999999999997,False
Stephen Curry,-10.8,72.6,True
Stephen Curry,-195.6,195.0,False
Stephen Curry,-1.2,57.0,True
Stephen Curry,-162.0,324.6,False
Stephen Curry,28.8,50.99999999999999,False
Stephen Curry,248.4,217.79999999999998,True
Stephen Curry,-32.4,71.39999999999999,True
Stephen Curry,-30.0,195.0,False
Stephen Curry,-207.6,318.6,True
Stephen Curry,-79.19999999999999,130.2,True
Stephen Curry,-279.6,37.8,False
Stephen Curry,276.0,100.19999999999999,True
Stephen Curry,264.0,195.0,False
Stephen Curry,-28.8,65.4,True
Stephen Curry,-0.0,361.8,False
Stephen Curry,127.19999999999999,385.8,True
Stephen Curry,-100.80000000000001,217.79999999999998,True
Stephen Curry,-30.0,71.39999999999999,True
Stephen Curry,28.8,66.6,True
Stephen Curry,230.4,255.00000000000003,False
Stephen Curry,278.4,177.0,True
Stephen Curry,54.0,365.4,False
Stephen Curry,-2.4,361.8,True
Stephen Curry,-4.8,365.4,True
Stephen Curry,252.0,300.6,False
Stephen Curry,100.80000000000001,131.39999999999998,False
Stephen Curry,-211.20000000000005,279.0,True
Stephen Curry,-85.19999999999999,118.2,True
Stephen Curry,-220.79999999999998,250.20000000000002,False
Stephen Curry,285.59999999999997,72.6,True
Stephen Curry,124.80000000000001,195.0,False
Stephen Curry,79.19999999999999,149.4,False
Stephen Curry,36.0,100.19999999999999,True
Stephen Curry,-7.2,353.4,False
Stephen Curry,2.4,112.2,True
Stephen Curry,258.0,201.0,True
Stephen Curry,-12.0,78.6,False
Stephen Curry,-57.6,201.0,True
Stephen Curry,2.4,353.4,False
Stephen Curry,-118.8,347.4,False
Stephen Curry,-60.0,353.4,True
Stephen Curry,-82.8,226.2,True
Stephen Curry,-273.6,94.2,True
Stephen Curry,-4.8,353.4,True
Stephen Curry,-183.60000000000002,291.0,True
Stephen Curry,-189.6,371.4,True
Stephen Curry,121.2,383.4,True
Stephen Curry,-10.8,72.6,True
Stephen Curry,-171.60000000000002,377.4,True
Stephen Curry,75.6,353.4,True
Stephen Curry,10.8,82.19999999999999,True
Stephen Curry,282.0,82.19999999999999,True
Stephen Curry,10.8,66.6,True
Stephen Curry,34.8,217.79999999999998,False
Stephen Curry,13.200000000000003,76.2,True
Stephen Curry,-16.799999999999997,78.6,True
Stephen Curry,-278.4,84.6,True
Stephen Curry,-10.8,94.2,True
Stephen Curry,-14.4,365.4,False
Stephen Curry,-124.80000000000001,412.2,False
Stephen Curry,-22.8,424.20000000000005,True
Stephen Curry,-261.6,202.20000000000002,True
Stephen Curry,285.59999999999997,76.2,False
Stephen Curry,-144.0,300.6,False
Stephen Curry,246.0,261.0,True
Stephen Curry,-2.4,71.39999999999999,False
Stephen Curry,150.0,273.0,True
Stephen Curry,24.0,367.8,False
Stephen Curry,-142.79999999999998,312.6,True
Stephen Curry,-22.8,55.8,True
Stephen Curry,207.6,276.6,True
Stephen Curry,24.0,78.6,False
Stephen Curry,244.79999999999995,250.20000000000002,False
Stephen Curry,230.4,49.800000000000004,False
Stephen Curry,-30.0,55.8,True
Stephen Curry,56.4,371.4,False
Stephen Curry,28.8,63.0,False
Stephen Curry,-45.6,63.0,False
Stephen Curry,-33.599999999999994,76.2,False
Stephen Curry,-38.4,71.39999999999999,True
Stephen Curry,-196.79999999999998,273.0,False
Stephen Curry,-187.2,118.2,True
Stephen Curry,-254.39999999999998,241.79999999999995,True
Stephen Curry,79.19999999999999,367.8,False
Stephen Curry,-98.39999999999999,353.4,True
Stephen Curry,-189.6,294.59999999999997,True
Stephen Curry,242.4,241.79999999999995,True
Stephen Curry,-61.19999999999999,371.4,False
Stephen Curry,14.4,82.19999999999999,True
Stephen Curry,-10.8,359.4,False
Stephen Curry,254.39999999999998,521.4,False
Stephen Curry,122.39999999999998,341.4,False
Stephen Curry,236.4,255.00000000000003,True
Stephen Curry,272.4,49.800000000000004,False
Stephen Curry,-260.4,195.0,True
Stephen Curry,20.400000000000002,71.39999999999999,False
Stephen Curry,116.4,325.79999999999995,False
Stephen Curry,-2.4,88.19999999999999,True
Stephen Curry,121.2,361.8,False
Stephen Curry,-57.6,361.8,False
Stephen Curry,170.39999999999998,337.79999999999995,True
Stephen Curry,-32.4,65.4,True
Stephen Curry,165.6,318.6,True
Stephen Curry,20.400000000000002,61.800000000000004,False
Stephen Curry,-218.4,267.0,True
Stephen Curry,-205.20000000000002,288.59999999999997,False
Stephen Curry,-208.79999999999998,273.0,True
Stephen Curry,-244.79999999999995,241.79999999999995,True
Stephen Curry,140.4,330.6,True
Stephen Curry,282.0,71.39999999999999,True
Stephen Curry,-12.0,71.39999999999999,True
Stephen Curry,-171.60000000000002,347.4,True
Stephen Curry,-10.8,88.19999999999999,False
Stephen Curry,177.60000000000002,337.79999999999995,False
Stephen Curry,1.2,94.2,True
Stephen Curry,91.2,365.4,False
Stephen Curry,-1.2,71.39999999999999,True
Stephen Curry,-278.4,90.6,True
Stephen Curry,202.79999999999998,306.6,False
Stephen Curry,-76.8,94.2,True
Stephen Curry,-195.6,683.4,False
Stephen Curry,94.8,190.2,False
Stephen Curry,-28.8,259.79999999999995,True
Stephen Curry,-138.0,336.6,False
Stephen Curry,-118.8,349.79999999999995,True
Stephen Curry,-138.0,235.8,False
Stephen Curry,220.79999999999998,279.0,False
Stephen Curry,7.2,76.2,True
Stephen Curry,-4.8,383.4,False
Stephen Curry,279.6,119.4,True
Stephen Curry,-180.0,309.0,False
Stephen Curry,-270.0,171.0,True
Stephen Curry,-16.799999999999997,76.2,False
Stephen Curry,-36.0,367.8,True
Stephen Curry,-38.4,361.8,False
Stephen Curry,260.4,147.0,True
Stephen Curry,192.0,66.6,True
Stephen Curry,-7.2,63.0,False
Stephen Curry,-196.79999999999998,318.6,False
Stephen Curry,-4.8,130.2,True
Stephen Curry,-212.39999999999998,65.4,False
Stephen Curry,-202.79999999999998,309.0,False
Stephen Curry,-16.799999999999997,65.4,True
Stephen Curry,-288.0,57.0,True
Stephen Curry,-218.4,273.0,False
Stephen Curry,-234.0,255.00000000000003,False
Stephen Curry,-0.0,72.6,True
Stephen Curry,-10.8,66.6,True
Stephen Curry,4.8,72.6,False
Stephen Curry,78.0,365.4,False
Stephen Curry,34.8,365.4,True
Stephen Curry,-168.0,312.6,False
Stephen Curry,154.8,167.39999999999998,False
Stephen Curry,-104.39999999999999,259.79999999999995,True
Stephen Curry,262.79999999999995,223.79999999999998,False
Stephen Curry,187.2,318.6,False
Stephen Curry,-2.4,136.2,True
Stephen Curry,-10.8,82.19999999999999,True
Stephen Curry,-12.0,76.2,True
Stephen Curry,-136.8,330.6,False
Stephen Curry,-180.0,325.79999999999995,False
Stephen Curry,-94.8,361.8,True
Stephen Curry,-195.6,324.6,False
Stephen Curry,-273.6,202.20000000000002,False
Stephen Curry,-16.799999999999997,165.0,True
Stephen Curry,28.8,88.19999999999999,False
Stephen Curry,152.4,318.6,True
Stephen Curry,56.4,353.4,True
Stephen Curry,-174.0,318.6,False
Stephen Curry,-211.20000000000005,276.6,True
Stephen Curry,150.0,324.6,True
Stephen Curry,-104.39999999999999,223.79999999999998,False
Stephen Curry,-85.19999999999999,347.4,False
Stephen Curry,-33.599999999999994,78.6,True
Stephen Curry,-57.6,373.8,False
Stephen Curry,-18.0,112.2,True
Stephen Curry,144.0,341.4,False
Stephen Curry,1.2,106.19999999999999,True
Stephen Curry,-130.8,276.6,True
Stephen Curry,187.2,318.6,False
Stephen Curry,177.60000000000002,341.4,True
Stephen Curry,34.8,76.2,True
Stephen Curry,84.0,365.4,False
Stephen Curry,-283.20000000000005,88.19999999999999,True
Stephen Curry,-26.400000000000006,90.6,False
Stephen Curry,-38.4,90.6,False
Stephen Curry,-195.6,319.79999999999995,False
Stephen Curry,69.6,389.40000000000003,False
Stephen Curry,242.4,276.6,True
Stephen Curry,-51.599999999999994,106.19999999999999,False
Stephen Curry,-156.0,190.2,True
Stephen Curry,4.8,371.4,True
Stephen Curry,-79.19999999999999,171.0,False
Stephen Curry,38.4,161.39999999999998,True
Stephen Curry,176.39999999999998,309.0,True
Stephen Curry,-115.2,195.0,True
Stephen Curry,146.4,349.79999999999995,False
Stephen Curry,22.8,82.19999999999999,True
Stephen Curry,-66.0,294.59999999999997,True
Stephen Curry,36.0,365.4,True
Stephen Curry,32.4,365.4,False
Stephen Curry,4.8,130.2,True
Stephen Curry,-12.0,72.6,True
Stephen Curry,-130.8,341.4,True
Stephen Curry,-195.6,220.20000000000005,False
Stephen Curry,279.6,76.2,False
Stephen Curry,213.6,285.0,False
Stephen Curry,-76.8,365.4,True
Stephen Curry,24.0,94.2,False
Stephen Curry,-10.8,84.6,True
Stephen Curry,26.400000000000006,114.6,False
Stephen Curry,278.4,118.2,False
Stephen Curry,150.0,217.79999999999998,False
Stephen Curry,-0.0,64.19999999999999,True
Stephen Curry,198.0,285.0,False
Stephen Curry,2.4,88.19999999999999,False
Stephen Curry,187.2,165.0,False
Stephen Curry,-12.0,65.4,True
Stephen Curry,282.0,119.4,True
Stephen Curry,-169.2,303.0,False
Stephen Curry,7.2,165.0,False
Stephen Curry,250.79999999999995,232.2,True
Stephen Curry,-12.0,377.4,False
Stephen Curry,-109.2,353.4,False
Stephen Curry,-144.0,341.4,False
Stephen Curry,-2.4,114.6,True
Stephen Curry,232.8,267.0,True
Stephen Curry,-110.39999999999999,130.2,True
Stephen Curry,213.6,319.79999999999995,False
Stephen Curry,-132.0,271.79999999999995,True
Stephen Curry,1.2,88.19999999999999,True
Stephen Curry,195.6,300.6,False
Stephen Curry,159.6,208.20000000000005,True
Stephen Curry,81.60000000000001,353.4,True
Stephen Curry,235.2,72.6,False
Stephen Curry,-152.4,325.79999999999995,False
Stephen Curry,-42.0,141.0,False
Stephen Curry,214.79999999999998,291.0,True
Stephen Curry,-22.8,76.2,False
Stephen Curry,75.6,373.8,False
Stephen Curry,-272.4,72.6,False
Stephen Curry,267.6,223.79999999999998,False
Stephen Curry,16.799999999999997,141.0,True
Stephen Curry,-61.19999999999999,371.4,True
Stephen Curry,-181.2,201.0,True
Stephen Curry,208.79999999999998,318.6,False
Stephen Curry,-181.2,318.6,False
Stephen Curry,-147.60000000000002,208.20000000000005,True
Stephen Curry,-91.2,365.4,True
Stephen Curry,54.0,167.39999999999998,False
Stephen Curry,69.6,359.4,False
Stephen Curry,-230.4,253.79999999999998,True
Stephen Curry,-134.39999999999998,341.4,True
Stephen Curry,-103.19999999999999,229.8,True
Stephen Curry,7.2,65.4,False
Stephen Curry,256.79999999999995,76.2,False
Stephen Curry,-2.4,90.6,True
Stephen Curry,1.2,195.0,True
Stephen Curry,183.60000000000002,331.79999999999995,False
Stephen Curry,-109.2,331.79999999999995,True
Stephen Curry,-32.4,136.2,False
Stephen Curry,-4.8,61.800000000000004,True
Stephen Curry,-276.0,94.2,False
Stephen Curry,-156.0,211.79999999999998,True
Stephen Curry,288.0,82.19999999999999,True
Stephen Curry,30.0,78.6,False
Stephen Curry,282.0,153.0,True
Stephen Curry,174.0,343.79999999999995,True
Stephen Curry,-10.8,65.4,True
Stephen Curry,273.6,45.0,False
Stephen Curry,238.8,473.40000000000003,True
Stephen Curry,-14.4,57.0,True
Stephen Curry,-189.6,341.4,False
Stephen Curry,106.8,389.40000000000003,True
Stephen Curry,-10.8,76.2,True
Stephen Curry,19.2,319.79999999999995,False
Stephen Curry,-181.2,247.79999999999995,False
Stephen Curry,128.39999999999998,341.4,False
Stephen Curry,-0.0,82.19999999999999,True
Stephen Curry,115.2,118.2,False
Stephen Curry,-55.199999999999996,379.8,False
Stephen Curry,-24.0,55.8,False
Stephen Curry,8.399999999999999,72.6,True
Stephen Curry,-132.0,341.4,False
Stephen Curry,-190.8,190.2,False
Stephen Curry,170.39999999999998,336.6,False
Stephen Curry,282.0,102.60000000000001,True
Stephen Curry,199.20000000000002,300.6,False
Stephen Curry,-30.0,65.4,True
Stephen Curry,7.2,373.8,True
Stephen Curry,-12.0,72.6,True
Stephen Curry,-140.4,241.79999999999995,False
Stephen Curry,-1.2,90.6,False
Stephen Curry,-230.4,255.00000000000003,False
Stephen Curry,-180.0,318.6,True
Stephen Curry,273.6,65.4,False
Stephen Curry,26.400000000000006,94.2,False
Stephen Curry,8.399999999999999,90.6,True
Stephen Curry,-164.39999999999998,312.6,False
Stephen Curry,8.399999999999999,90.6,True
Stephen Curry,94.8,232.2,False
Stephen Curry,256.79999999999995,223.79999999999998,True
Stephen Curry,278.4,100.19999999999999,False
Stephen Curry,-115.2,159.0,False
Stephen Curry,-187.2,100.19999999999999,False
Stephen Curry,1.2,118.2,False
Stephen Curry,22.8,177.0,True
Stephen Curry,282.0,88.19999999999999,True
Stephen Curry,-85.19999999999999,379.8,True
Stephen Curry,-110.39999999999999,211.79999999999998,False
Stephen Curry,-156.0,318.6,False
Stephen Curry,-2.4,72.6,True
Stephen Curry,-16.799999999999997,90.6,True
Stephen Curry,-272.4,171.0,False
Stephen Curry,-272.4,118.2,False
Stephen Curry,2.4,90.6,True
Stephen Curry,-147.60000000000002,309.0,False
Stephen Curry,45.6,141.0,True
Stephen Curry,211.20000000000005,226.2,True
Stephen Curry,-124.80000000000001,343.79999999999995,False
Stephen Curry,284.4,147.0,False
Stephen Curry,199.20000000000002,307.8,False
Stephen Curry,-28.8,76.2,True
Stephen Curry,205.20000000000002,173.39999999999998,False
Stephen Curry,189.6,330.6,False
Stephen Curry,-66.0,365.4,False
Stephen Curry,-20.400000000000002,84.6,True
Stephen Curry,-14.4,78.6,True
Stephen Curry,-272.4,190.2,True
Stephen Curry,-12.0,196.20000000000002,True
Stephen Curry,278.4,71.39999999999999,False
Stephen Curry,-272.4,76.2,True
Stephen Curry,-283.20000000000005,72.6,False
Stephen Curry,79.19999999999999,377.4,False
Stephen Curry,254.39999999999998,223.79999999999998,True
Stephen Curry,-190.8,303.0,True
Stephen Curry,14.4,88.19999999999999,True
Stephen Curry,254.39999999999998,589.8,False
Stephen Curry,-165.6,336.6,True
Stephen Curry,-279.6,61.800000000000004,False
Stephen Curry,-104.39999999999999,223.79999999999998,False
Stephen Curry,97.2,365.4,True
Stephen Curry,235.2,282.6,True
Stephen Curry,-255.60000000000002,241.79999999999995,False
Stephen Curry,-254.39999999999998,229.8,True
Stephen Curry,-12.0,65.4,False
Stephen Curry,-234.0,253.79999999999998,False
Stephen Curry,88.80000000000001,371.4,True
Stephen Curry,232.8,196.20000000000002,True
Stephen Curry,-144.0,196.20000000000002,False
Stephen Curry,-121.2,361.8,True
Stephen Curry,109.2,336.6,True
Stephen Curry,-195.6,306.6,False
Stephen Curry,4.8,165.0,False
Stephen Curry,67.19999999999999,359.4,False
Stephen Curry,3.6,67.80000000000001,False
Stephen Curry,-153.6,389.40000000000003,False
Stephen Curry,-63.599999999999994,247.79999999999995,False
Stephen Curry,-51.599999999999994,359.4,True
Stephen Curry,282.0,66.6,False
Stephen Curry,-121.2,247.79999999999995,False
Stephen Curry,146.4,379.8,True
Stephen Curry,181.2,330.6,True
Stephen Curry,51.599999999999994,359.4,True
Stephen Curry,-14.4,179.4,True
Stephen Curry,-273.6,57.0,True
Stephen Curry,-278.4,177.0,True
Stephen Curry,-10.8,94.2,True
Stephen Curry,7.2,94.2,True
Stephen Curry,10.8,71.39999999999999,False
Stephen Curry,171.60000000000002,315.0,True
Stephen Curry,-196.79999999999998,112.2,True
Stephen Curry,8.399999999999999,137.39999999999998,True
Stephen Curry,-195.6,306.6,False
Stephen Curry,-33.599999999999994,88.19999999999999,False
Stephen Curry,-82.8,347.4,False
Stephen Curry,242.4,282.6,False
Stephen Curry,24.0,359.4,False
Stephen Curry,192.0,207.0,True
Stephen Curry,252.0,288.59999999999997,True
Stephen Curry,115.2,65.4,False
Stephen Curry,-266.4,183.0,False
Stephen Curry,174.0,373.8,True
Stephen Curry,-147.60000000000002,76.2,True
Stephen Curry,30.0,229.8,False
Stephen Curry,189.6,100.19999999999999,True
Stephen Curry,-45.6,383.4,False
Stephen Curry,-232.8,285.0,True
Stephen Curry,-12.0,72.6,True
Stephen Curry,-20.400000000000002,72.6,True
Stephen Curry,-2.4,90.6,True
Stephen Curry,-224.4,267.0,True
Stephen Curry,1.2,82.19999999999999,True
Stephen Curry,142.79999999999998,279.0,False
Stephen Curry,-164.39999999999998,136.2,True
Stephen Curry,217.20000000000005,288.59999999999997,True
Stephen Curry,270.0,207.0,True
Stephen Curry,170.39999999999998,359.4,True
Stephen Curry,93.6,361.8,False
Stephen Curry,-283.20000000000005,49.800000000000004,False
Stephen Curry,-22.8,171.0,True
Stephen Curry,87.6,159.0,False
Stephen Curry,-146.4,349.79999999999995,False
Stephen Curry,-217.20000000000005,341.4,True
Stephen Curry,26.400000000000006,288.59999999999997,True
Stephen Curry,-91.2,379.8,False
Stephen Curry,-236.4,355.8,True
Stephen Curry,-104.39999999999999,337.79999999999995,False
Stephen Curry,30.0,78.6,True
Stephen Curry,-12.0,65.4,True
Stephen Curry,51.599999999999994,195.0,True
Stephen Curry,-42.0,153.0,True
Stephen Curry,138.0,331.79999999999995,False
Stephen Curry,-16.799999999999997,61.800000000000004,True
Stephen Curry,288.0,183.0,True
Stephen Curry,282.0,43.8,False
Stephen Curry,-266.4,190.2,False
Stephen Curry,154.8,319.79999999999995,False
Stephen Curry,62.400000000000006,408.5999999999999,True
Stephen Curry,-273.6,167.39999999999998,True
Stephen Curry,-250.79999999999995,211.79999999999998,True
Stephen Curry,130.8,247.79999999999995,False
Stephen Curry,-7.2,71.39999999999999,False
Stephen Curry,146.4,114.6,False
Stephen Curry,-220.79999999999998,267.0,True
Stephen Curry,-24.0,90.6,False
Stephen Curry,-193.20000000000002,306.6,False
Stephen Curry,-50.400000000000006,136.2,False
Stephen Curry,8.399999999999999,78.6,True
Stephen Curry,-12.0,76.2,True
Stephen Curry,10.8,72.6,True
Stephen Curry,-244.79999999999995,244.20000000000002,False
Stephen Curry,-199.20000000000002,271.79999999999995,False
Stephen Curry,115.2,165.0,True
Stephen Curry,-196.79999999999998,285.0,False
Stephen Curry,223.2,476.99999999999994,False
Stephen Curry,-14.4,84.6,True
Stephen Curry,22.8,88.19999999999999,True
Stephen Curry,187.2,341.4,False
Stephen Curry,-106.8,349.79999999999995,True
Stephen Curry,214.79999999999998,336.6,True
Stephen Curry,140.4,288.59999999999997,True
Stephen Curry,13.200000000000003,373.8,True
Stephen Curry,4.8,72.6,True
Stephen Curry,236.4,294.59999999999997,True
Stephen Curry,-24.0,73.80000000000001,False
Stephen Curry,211.20000000000005,297.0,False
Stephen Curry,-14.4,100.19999999999999,True
Stephen Curry,-72.0,75.0,False
Stephen Curry,-180.0,157.8,True
Stephen Curry,-8.399999999999999,390.59999999999997,False
Stephen Curry,181.2,299.4,False
Stephen Curry,97.2,337.79999999999995,False
Stephen Curry,116.4,239.4,False
Stephen Curry,-196.79999999999998,591.0,False
Stephen Curry,26.400000000000006,48.6,False
Stephen Curry,8.399999999999999,70.2,True
Stephen Curry,-14.4,63.0,True
Stephen Curry,7.2,64.19999999999999,True
Stephen Curry,-268.79999999999995,124.2,False
Stephen Curry,-25.200000000000003,75.0,True
Stephen Curry,-276.0,141.0,True
Stephen Curry,-117.6,373.8,True
Stephen Curry,57.6,441.00000000000006,False
Stephen Curry,226.8,291.0,False
Stephen Curry,156.0,317.40000000000003,False
Stephen Curry,276.0,181.79999999999998,True
Stephen Curry,8.399999999999999,71.39999999999999,True
Stephen Curry,-33.599999999999994,365.4,True
Stephen Curry,-189.6,298.2,False
Stephen Curry,174.0,329.40000000000003,True
Stephen Curry,-52.80000000000001,90.6,True
Stephen Curry,-201.60000000000002,340.20000000000005,False
Stephen Curry,8.399999999999999,373.8,False
Stephen Curry,-181.2,309.0,False
Stephen Curry,-118.8,375.0,False
Stephen Curry,-58.8,101.39999999999999,True
Stephen Curry,43.2,84.6,True
Stephen Curry,-37.2,175.8,False
Stephen Curry,-15.600000000000001,180.60000000000002,False
Stephen Curry,174.0,321.0,False
Stephen Curry,-38.4,107.39999999999999,True
Stephen Curry,-98.39999999999999,171.0,False
Stephen Curry,-110.39999999999999,370.20000000000005,True
Stephen Curry,-99.60000000000001,85.80000000000001,True
Stephen Curry,-52.80000000000001,105.0,False
Stephen Curry,272.4,64.19999999999999,False
Stephen Curry,206.39999999999998,303.0,True
Stephen Curry,230.4,269.4,True
Stephen Curry,44.400000000000006,108.60000000000002,False
Stephen Curry,-124.80000000000001,460.20000000000005,True
Stephen Curry,-188.4,225.0,False
Stephen Curry,242.4,257.4,False
Stephen Curry,18.0,96.60000000000001,False
Stephen Curry,243.6,280.20000000000005,True
Stephen Curry,64.8,255.00000000000003,True
Stephen Curry,-43.2,97.8,True
Stephen Curry,-160.8,203.39999999999998,True
Stephen Curry,132.0,358.20000000000005,True
Stephen Curry,-106.8,377.4,True
Stephen Curry,223.2,310.2,True
Stephen Curry,270.0,222.6,True
Stephen Curry,279.6,177.0,True
Stephen Curry,284.4,71.39999999999999,False
Stephen Curry,-99.60000000000001,112.2,False
Stephen Curry,241.20000000000002,259.79999999999995,True
Stephen Curry,116.4,364.20000000000005,False
Stephen Curry,-162.0,250.20000000000002,True
Stephen Curry,90.0,88.19999999999999,False
Stephen Curry,-235.2,341.4,False
Stephen Curry,128.39999999999998,371.4,False
Stephen Curry,30.0,111.0,False
Stephen Curry,-66.0,279.0,False
Stephen Curry,-61.19999999999999,100.19999999999999,False
Stephen Curry,145.2,178.2,True
Stephen Curry,56.4,268.20000000000005,False
Stephen Curry,-110.39999999999999,178.2,False
Stephen Curry,-154.8,343.79999999999995,True
Stephen Curry,-164.39999999999998,334.2,False
Stephen Curry,-240.0,259.79999999999995,True
Stephen Curry,88.80000000000001,369.0,True
Stephen Curry,74.4,286.20000000000005,False
Stephen Curry,4.8,72.6,True
Stephen Curry,-176.39999999999998,339.0,False
Stephen Curry,25.200000000000003,115.8,False
Stephen Curry,-249.60000000000002,297.0,True
Stephen Curry,-92.39999999999999,400.2,False
Stephen Curry,-6.0,78.6,True
Stephen Curry,-4.8,204.60000000000002,False
Stephen Curry,-255.60000000000002,311.4,False
Stephen Curry,1.2,441.00000000000006,False
Stephen Curry,-0.0,63.0,True
Stephen Curry,-51.599999999999994,83.4,True
Stephen Curry,126.0,400.2,True
Stephen Curry,10.8,390.59999999999997,False
Stephen Curry,-105.60000000000002,399.0,False
Stephen Curry,-109.2,353.4,True
Stephen Curry,-52.80000000000001,96.60000000000001,True
Stephen Curry,-280.8,61.800000000000004,False
Stephen Curry,-252.0,262.20000000000005,False
Stephen Curry,208.79999999999998,307.8,True
Stephen Curry,-123.60000000000001,405.0,True
Stephen Curry,-50.400000000000006,107.39999999999999,True
Stephen Curry,10.8,464.99999999999994,False
Stephen Curry,-58.8,174.60000000000002,False
Stephen Curry,268.79999999999995,150.6,True
Stephen Curry,-115.2,433.79999999999995,False
Stephen Curry,136.8,334.2,True
Stephen Curry,-32.4,138.60000000000002,False
Stephen Curry,-84.0,114.6,True
Stephen Curry,267.6,35.400000000000006,False
Stephen Curry,-10.8,376.2,True
Stephen Curry,43.2,282.6,True
Stephen Curry,74.4,354.6,False
Stephen Curry,-56.4,413.40000000000003,False
Stephen Curry,14.4,78.6,True
Stephen Curry,45.6,331.79999999999995,True
Stephen Curry,-6.0,73.80000000000001,True
Stephen Curry,44.400000000000006,95.4,True
Stephen Curry,-123.60000000000001,341.4,False
Stephen Curry,118.8,371.4,False
Stephen Curry,51.599999999999994,400.2,False
Stephen Curry,38.4,393.0,True
Stephen Curry,-19.2,221.4,False
Stephen Curry,247.20000000000002,253.79999999999998,True
Stephen Curry,-8.399999999999999,87.0,True
Stephen Curry,-20.400000000000002,71.39999999999999,True
Stephen Curry,-21.6,379.8,False
Stephen Curry,-64.8,397.79999999999995,False
Stephen Curry,67.19999999999999,395.40000000000003,True
Stephen Curry,10.8,228.6,False
Stephen Curry,-6.0,89.4,True
Stephen Curry,-208.79999999999998,297.0,False
Stephen Curry,156.0,347.4,False
Stephen Curry,-141.60000000000002,439.79999999999995,False
Stephen Curry,-171.60000000000002,409.8,False
Stephen Curry,120.0,190.2,True
Stephen Curry,-10.8,382.2,False
Stephen Curry,-37.2,189.0,False
Stephen Curry,-1.2,383.4,True
Stephen Curry,-147.60000000000002,249.0,True
Stephen Curry,139.2,407.40000000000003,True
Stephen Curry,164.39999999999998,354.6,False
Stephen Curry,-270.0,225.0,False
Stephen Curry,-255.60000000000002,270.6,True
Stephen Curry,-34.8,691.8,False
Stephen Curry,32.4,67.80000000000001,False
Stephen Curry,-122.39999999999998,403.8,False
Stephen Curry,-66.0,173.39999999999998,False
Stephen Curry,-10.8,95.4,False
Stephen Curry,25.200000000000003,63.0,True
Stephen Curry,70.80000000000001,148.2,True
Stephen Curry,-18.0,67.80000000000001,True
Stephen Curry,-214.79999999999998,310.2,False
Stephen Curry,216.0,102.60000000000001,True
Stephen Curry,-195.6,341.4,True
Stephen Curry,265.20000000000005,255.00000000000003,False
Stephen Curry,164.39999999999998,421.8,False
Stephen Curry,-79.19999999999999,409.8,False
Stephen Curry,-268.79999999999995,138.60000000000002,True
Stephen Curry,-18.0,70.2,True
Stephen Curry,-116.4,349.79999999999995,True
Stephen Curry,206.39999999999998,354.6,False
Stephen Curry,-260.4,184.2,False
Stephen Curry,195.6,323.40000000000003,False
Stephen Curry,106.8,133.8,True
Stephen Curry,-37.2,390.59999999999997,False
Stephen Curry,-223.2,346.20000000000005,True
Stephen Curry,14.4,137.39999999999998,False
Stephen Curry,1.2,83.4,True
Stephen Curry,130.8,370.20000000000005,True
Stephen Curry,-135.60000000000002,413.40000000000003,False
Stephen Curry,-217.20000000000005,288.59999999999997,False
Stephen Curry,278.4,75.0,False
Stephen Curry,-67.19999999999999,365.4,False
Stephen Curry,-183.60000000000002,328.2,True
Stephen Curry,30.0,83.4,False
Stephen Curry,91.2,372.59999999999997,False
Stephen Curry,-198.0,310.2,True
Stephen Curry,-18.0,82.19999999999999,True
Stephen Curry,-201.60000000000002,310.2,True
Stephen Curry,116.4,361.8,True
Stephen Curry,187.2,720.5999999999999,False
Stephen Curry,106.8,88.19999999999999,True
Stephen Curry,-276.0,106.19999999999999,True
Stephen Curry,27.599999999999998,47.4,False
Stephen Curry,1.2,365.4,True
Stephen Curry,-112.8,343.79999999999995,False
Stephen Curry,288.0,76.2,True
Stephen Curry,-31.200000000000003,369.0,False
Stephen Curry,24.0,60.6,True
Stephen Curry,37.2,358.20000000000005,False
Stephen Curry,-0.0,264.6,True
Stephen Curry,-34.8,307.8,True
Stephen Curry,-181.2,339.0,True
Stephen Curry,-33.599999999999994,387.0,True
Stephen Curry,34.8,88.19999999999999,True
Stephen Curry,103.19999999999999,277.79999999999995,True
Stephen Curry,32.4,108.60000000000002,True
Stephen Curry,177.60000000000002,336.6,True
Stephen Curry,116.4,391.8,True
Stephen Curry,223.2,299.4,True
Stephen Curry,151.2,249.0,False
Stephen Curry,52.80000000000001,109.8,True
Stephen Curry,190.8,358.20000000000005,False
Stephen Curry,-225.6,358.20000000000005,False
Stephen Curry,-67.19999999999999,79.8,True
Stephen Curry,-180.0,313.8,True
Stephen Curry,54.0,101.39999999999999,True
Stephen Curry,30.0,376.2,False
Stephen Curry,176.39999999999998,310.2,False
Stephen Curry,101.99999999999999,133.8,True
Stephen Curry,37.2,105.0,False
Stephen Curry,-255.60000000000002,274.20000000000005,True
Stephen Curry,-18.0,375.0,False
Stephen Curry,40.800000000000004,83.4,True
Stephen Curry,64.8,100.19999999999999,True
Stephen Curry,-76.8,389.40000000000003,True
Stephen Curry,-33.599999999999994,178.2,True
Stephen Curry,206.39999999999998,285.0,True
Stephen Curry,189.6,334.2,False
Stephen Curry,-10.8,69.0,True
Stephen Curry,2.4,107.39999999999999,True
Stephen Curry,15.600000000000001,72.6,True
Stephen Curry,-2.4,389.40000000000003,False
Stephen Curry,-14.4,67.80000000000001,True
Stephen Curry,103.19999999999999,358.20000000000005,False
Stephen Curry,114.0,81.0,True
Stephen Curry,110.39999999999999,246.60000000000002,False
Stephen Curry,2.4,89.4,False
Stephen Curry,1.2,85.80000000000001,True
Stephen Curry,-117.6,178.2,True
Stephen Curry,-14.4,388.2,False
Stephen Curry,-280.8,76.2,True
Stephen Curry,4.8,363.0,True
Stephen Curry,-6.0,72.6,True
Stephen Curry,158.39999999999998,315.0,True
Stephen Curry,-270.0,187.8,False
Stephen Curry,4.8,93.0,False
Stephen Curry,274.79999999999995,220.20000000000005,True
Stephen Curry,-10.8,69.0,True
Stephen Curry,-63.599999999999994,360.59999999999997,True
Stephen Curry,38.4,78.6,True
Stephen Curry,24.0,72.6,True
Stephen Curry,-154.8,317.40000000000003,False
Stephen Curry,-19.2,65.4,True
Stephen Curry,73.2,277.79999999999995,True
Stephen Curry,-31.200000000000003,71.39999999999999,True
Stephen Curry,-90.0,271.79999999999995,False
Stephen Curry,268.79999999999995,197.39999999999998,False
Stephen Curry,138.0,341.4,False
Stephen Curry,139.2,325.79999999999995,True
Stephen Curry,21.6,70.2,True
Stephen Curry,-267.6,202.20000000000002,True
Stephen Curry,73.2,378.6,False
Stephen Curry,-207.6,313.8,True
Stephen Curry,214.79999999999998,214.20000000000005,False
Stephen Curry,-266.4,81.0,False
Stephen Curry,-63.599999999999994,363.0,False
Stephen Curry,-279.6,81.0,True
Stephen Curry,168.0,365.4,False
Stephen Curry,270.0,213.0,False
Stephen Curry,-80.4,133.8,False
Stephen Curry,-248.4,229.8,False
Stephen Curry,18.0,70.2,True
Stephen Curry,-13.200000000000003,78.6,True
Stephen Curry,-135.60000000000002,403.8,True
Stephen Curry,25.200000000000003,357.0,True
Stephen Curry,-222.0,269.4,False
Stephen Curry,-72.0,87.0,False
Stephen Curry,248.4,239.4,True
Stephen Curry,10.8,64.19999999999999,True
Stephen Curry,6.0,64.19999999999999,True
Stephen Curry,-66.0,353.4,True
Stephen Curry,7.2,72.6,True
Stephen Curry,26.400000000000006,156.6,False
Stephen Curry,18.0,60.6,True
Stephen Curry,-270.0,63.0,True
Stephen Curry,7.2,70.2,True
Stephen Curry,-207.6,347.4,True
Stephen Curry,-164.39999999999998,365.4,False
Stephen Curry,13.200000000000003,61.800000000000004,True
Stephen Curry,-181.2,184.2,False
Stephen Curry,13.200000000000003,373.8,True
Stephen Curry,-10.8,100.19999999999999,False
Stephen Curry,1.2,82.19999999999999,False
Stephen Curry,-8.399999999999999,89.4,False
Stephen Curry,-30.0,185.4,True
Stephen Curry,24.0,93.0,False
Stephen Curry,-98.39999999999999,249.0,True
Stephen Curry,-57.6,433.79999999999995,False
Stephen Curry,-12.0,77.4,True
Stephen Curry,-129.6,76.2,True
Stephen Curry,-175.2,355.8,True
Stephen Curry,-232.8,304.2,False
Stephen Curry,-19.2,96.60000000000001,False
Stephen Curry,-129.6,373.8,True
Stephen Curry,79.19999999999999,455.40000000000003,False
Stephen Curry,-187.2,317.40000000000003,False
Stephen Curry,40.800000000000004,101.39999999999999,False
Stephen Curry,-57.6,367.8,True
Stephen Curry,129.6,168.60000000000002,False
Stephen Curry,282.0,52.199999999999996,True
Stephen Curry,-48.0,408.5999999999999,False
Stephen Curry,27.599999999999998,112.2,True
Stephen Curry,196.79999999999998,353.4,False
Stephen Curry,-30.0,771.0,False
Stephen Curry,272.4,213.0,True
Stephen Curry,152.4,327.0,False
Stephen Curry,128.39999999999998,159.0,True
Stephen Curry,270.0,198.6,False
Stephen Curry,33.599999999999994,105.0,True
Stephen Curry,-160.8,384.59999999999997,True
Stephen Curry,-72.0,385.8,False
Stephen Curry,-54.0,97.8,True
Stephen Curry,203.99999999999997,282.6,False
Stephen Curry,-270.0,259.79999999999995,True
Stephen Curry,-214.79999999999998,291.0,False
Stephen Curry,111.6,67.80000000000001,False
Stephen Curry,163.20000000000002,353.4,False
Stephen Curry,225.6,282.6,False
Stephen Curry,279.6,42.599999999999994,True
Stephen Curry,-84.0,397.79999999999995,True
Stephen Curry,-262.79999999999995,402.59999999999997,False
Stephen Curry,-278.4,201.0,True
Stephen Curry,-8.399999999999999,389.40000000000003,False
Stephen Curry,-34.8,303.0,False
Stephen Curry,52.80000000000001,83.4,True
Stephen Curry,-82.8,377.4,True
Stephen Curry,-54.0,96.60000000000001,True
Stephen Curry,154.8,345.0,True
Stephen Curry,262.79999999999995,223.79999999999998,False
Stephen Curry,-50.400000000000006,103.8,True
Stephen Curry,-182.4,327.0,True
Stephen Curry,142.79999999999998,366.59999999999997,False
Stephen Curry,-130.8,217.79999999999998,True
Stephen Curry,-132.0,375.0,True
Stephen Curry,-63.599999999999994,389.40000000000003,False
Stephen Curry,-73.2,99.0,True
Stephen Curry,-60.0,100.19999999999999,True
Stephen Curry,169.2,325.79999999999995,False
Stephen Curry,-128.39999999999998,370.20000000000005,True
Stephen Curry,-52.80000000000001,91.80000000000001,False
Stephen Curry,-106.8,279.0,False
Stephen Curry,-45.6,97.8,False
Stephen Curry,39.599999999999994,94.2,True
Stephen Curry,223.2,269.4,False
Stephen Curry,-14.4,111.0,True
Stephen Curry,104.39999999999999,181.79999999999998,True
Stephen Curry,-157.2,333.0,False
Stephen Curry,-0.0,253.79999999999998,False
Stephen Curry,280.8,70.2,True
Stephen Curry,-54.0,384.59999999999997,True
Stephen Curry,-51.599999999999994,96.60000000000001,False
Stephen Curry,280.8,78.6,False
Stephen Curry,-67.19999999999999,378.6,False
Stephen Curry,-97.2,361.8,True
Stephen Curry,-272.4,252.60000000000002,False
Stephen Curry,-26.400000000000006,125.39999999999998,True
Stephen Curry,-157.2,345.0,True
Stephen Curry,-30.0,207.0,True
Stephen Curry,187.2,301.8,True
Stephen Curry,232.8,268.20000000000005,False
Stephen Curry,-51.599999999999994,88.19999999999999,True
Stephen Curry,-165.6,223.79999999999998,False
Stephen Curry,34.8,81.0,True
Stephen Curry,-254.39999999999998,615.0,False
Stephen Curry,187.2,313.8,False
Stephen Curry,-46.8,143.4,True
Stephen Curry,-40.800000000000004,244.20000000000002,False
Stephen Curry,15.600000000000001,655.8,False
Stephen Curry,-10.8,390.59999999999997,True
Stephen Curry,-187.2,304.2,True
Stephen Curry,175.2,346.20000000000005,True
Stephen Curry,-63.599999999999994,417.0,False
Stephen Curry,4.8,135.0,True
Stephen Curry,129.6,372.59999999999997,False
Stephen Curry,-134.39999999999998,383.4,True
Stephen Curry,-64.8,103.8,False
Stephen Curry,45.6,93.0,True
Stephen Curry,-266.4,145.79999999999998,False
Stephen Curry,-80.4,234.6,True
Stephen Curry,168.0,310.2,True
Stephen Curry,7.2,159.0,True
Stephen Curry,-50.400000000000006,385.8,True
Stephen Curry,-86.4,379.8,False
Stephen Curry,-8.399999999999999,381.0,False
Stephen Curry,171.60000000000002,310.2,False
Stephen Curry,8.399999999999999,77.4,False
Stephen Curry,-188.4,507.0,False
Stephen Curry,-200.39999999999998,331.79999999999995,True
Stephen Curry,-6.0,91.80000000000001,True
Stephen Curry,164.39999999999998,195.0,False
Stephen Curry,-80.4,198.6,False
Stephen Curry,-98.39999999999999,438.59999999999997,False
Stephen Curry,-120.0,372.59999999999997,True
Stephen Curry,-148.8,346.20000000000005,False
Stephen Curry,-148.8,382.2,False
Stephen Curry,-230.4,262.20000000000005,False
Stephen Curry,120.0,217.79999999999998,False
Stephen Curry,-171.60000000000002,318.6,False
Stephen Curry,193.20000000000002,327.0,True
Stephen Curry,67.19999999999999,209.39999999999998,True
Stephen Curry,-38.4,97.8,True
Stephen Curry,-19.2,70.2,True
Stephen Curry,-205.20000000000002,298.2,True
Stephen Curry,26.400000000000006,363.0,True
Stephen Curry,-115.2,353.4,False
Stephen Curry,-148.8,341.4,False
Stephen Curry,203.99999999999997,293.4,False
Stephen Curry,134.39999999999998,133.8,True
Stephen Curry,-7.2,78.6,True
Stephen Curry,217.20000000000005,274.20000000000005,True
Stephen Curry,-26.400000000000006,89.4,False
Stephen Curry,-19.2,403.8,False
Stephen Curry,164.39999999999998,359.4,False
Stephen Curry,40.800000000000004,274.20000000000005,False
Stephen Curry,181.2,309.0,False
Stephen Curry,-270.0,113.4,True
Stephen Curry,-15.600000000000001,59.4,False
Stephen Curry,-26.400000000000006,89.4,True
Stephen Curry,-26.400000000000006,389.40000000000003,True
Stephen Curry,142.79999999999998,349.79999999999995,True
Stephen Curry,98.39999999999999,275.4,False
Stephen Curry,-2.4,319.79999999999995,False
Stephen Curry,144.0,378.6,False
Stephen Curry,-274.79999999999995,223.79999999999998,True
Stephen Curry,-99.60000000000001,151.8,True
Stephen Curry,-206.39999999999998,347.4,True
Stephen Curry,234.0,361.8,False
Stephen Curry,-136.8,118.2,False
Stephen Curry,-74.4,88.19999999999999,True
Stephen Curry,-56.4,294.59999999999997,False
Stephen Curry,-176.39999999999998,348.6,False
Stephen Curry,86.4,82.19999999999999,False
Stephen Curry,285.59999999999997,67.80000000000001,False
Stephen Curry,-38.4,119.4,False
Stephen Curry,-40.800000000000004,84.6,True
Stephen Curry,187.2,371.4,True
Stephen Curry,201.60000000000002,383.4,False
Stephen Curry,280.8,42.599999999999994,True
Stephen Curry,276.0,33.0,True
Stephen Curry,229.2,288.59999999999997,False
Stephen Curry,-57.6,69.0,False
Stephen Curry,-163.20000000000002,348.6,False
Stephen Curry,-203.99999999999997,323.40000000000003,False
Stephen Curry,-148.8,333.0,True
Stephen Curry,249.60000000000002,244.20000000000002,False
Stephen Curry,-8.399999999999999,384.59999999999997,False
Stephen Curry,-43.2,101.39999999999999,True
Stephen Curry,38.4,100.19999999999999,False
Stephen Curry,206.39999999999998,295.8,False
Stephen Curry,-203.99999999999997,358.20000000000005,True
Stephen Curry,246.0,250.20000000000002,True
Stephen Curry,-211.20000000000005,337.79999999999995,False
Stephen Curry,-86.4,359.4,True
Stephen Curry,-120.0,363.0,False
Stephen Curry,-116.4,363.0,True
Stephen Curry,-1.2,310.2,False
Stephen Curry,-52.80000000000001,400.2,False
Stephen Curry,-40.800000000000004,97.8,True
Stephen Curry,242.4,288.59999999999997,False
Stephen Curry,210.0,295.8,False
Stephen Curry,52.80000000000001,191.4,False
Stephen Curry,217.20000000000005,371.4,False
Stephen Curry,-98.39999999999999,376.2,False
Stephen Curry,-51.599999999999994,91.80000000000001,False
Stephen Curry,116.4,357.0,True
Stephen Curry,54.0,125.39999999999998,False
Stephen Curry,-240.0,325.79999999999995,True
Stephen Curry,54.0,329.40000000000003,False
Stephen Curry,90.0,389.40000000000003,False
Stephen Curry,56.4,99.0,False
Stephen Curry,210.0,291.0,False
Stephen Curry,-291.59999999999997,88.19999999999999,False
Stephen Curry,-78.0,191.4,False
Stephen Curry,-76.8,96.60000000000001,False
Stephen Curry,-112.8,403.8,False
Stephen Curry,145.2,349.79999999999995,True
Stephen Curry,-38.4,78.6,True
Stephen Curry,91.2,429.0,True
Stephen Curry,91.2,408.5999999999999,True
Stephen Curry,139.2,240.6,True
Stephen Curry,-104.39999999999999,437.40000000000003,True
Stephen Curry,-180.0,67.80000000000001,True
Stephen Curry,-112.8,360.59999999999997,True
Stephen Curry,-190.8,376.2,False
Stephen Curry,-56.4,76.2,True
Stephen Curry,-91.2,379.8,False
Stephen Curry,33.599999999999994,114.6,False
Stephen Curry,43.2,87.0,False
Stephen Curry,-0.0,63.0,True
Stephen Curry,-158.39999999999998,372.59999999999997,False
Stephen Curry,-48.0,382.2,True
Stephen Curry,-181.2,184.2,True
Stephen Curry,-66.0,383.4,False
Stephen Curry,196.79999999999998,319.79999999999995,False
Stephen Curry,124.80000000000001,396.59999999999997,True
Stephen Curry,-48.0,390.59999999999997,True
Stephen Curry,-13.200000000000003,82.19999999999999,False
Stephen Curry,51.599999999999994,208.20000000000005,True
Stephen Curry,86.4,360.59999999999997,False
Stephen Curry,-235.2,288.59999999999997,False
Stephen Curry,-97.2,220.20000000000005,False
Stephen Curry,-34.8,75.0,False
Stephen Curry,-260.4,238.20000000000002,False
Stephen Curry,-260.4,252.60000000000002,False
Stephen Curry,-88.80000000000001,95.4,False
Stephen Curry,-6.0,82.19999999999999,True
Stephen Curry,-115.2,359.4,True
Stephen Curry,110.39999999999999,372.59999999999997,False
Stephen Curry,-78.0,227.4,True
Stephen Curry,198.0,291.0,False
Stephen Curry,-174.0,72.6,True
Stephen Curry,-175.2,310.2,True
Stephen Curry,-30.0,94.2,True
Stephen Curry,-279.6,81.0,True
Stephen Curry,-93.6,383.4,False
Stephen Curry,-31.200000000000003,78.6,True
Stephen Curry,278.4,174.60000000000002,False
Stephen Curry,14.4,81.0,True
Stephen Curry,-19.2,79.8,False
Stephen Curry,-84.0,414.5999999999999,False
Stephen Curry,-6.0,61.800000000000004,True
Stephen Curry,-2.4,417.0,True
Stephen Curry,259.2,215.39999999999998,True
Stephen Curry,-157.2,383.4,True
Stephen Curry,30.0,88.19999999999999,False
Stephen Curry,-25.200000000000003,90.6,True
Stephen Curry,-84.0,409.8,False
Stephen Curry,-19.2,76.2,False
Stephen Curry,-176.39999999999998,335.4,False
Stephen Curry,-61.19999999999999,407.40000000000003,False
Stephen Curry,272.4,50.99999999999999,False
Stephen Curry,-82.8,364.20000000000005,True
Stephen Curry,-63.599999999999994,99.0,False
Stephen Curry,-90.0,89.4,True
Stephen Curry,-181.2,318.6,False
Stephen Curry,33.599999999999994,79.8,False
Stephen Curry,112.8,120.60000000000001,False
Stephen Curry,267.6,49.800000000000004,False
Stephen Curry,-246.0,255.00000000000003,True
Stephen Curry,272.4,220.20000000000005,False
Stephen Curry,230.4,279.0,False
Stephen Curry,201.60000000000002,387.0,False
Stephen Curry,-51.599999999999994,89.4,True
Stephen Curry,34.8,216.6,False
Stephen Curry,132.0,379.8,True
Stephen Curry,-85.19999999999999,424.20000000000005,True
Stephen Curry,284.4,150.6,True
Stephen Curry,-13.200000000000003,137.39999999999998,True
Stephen Curry,-52.80000000000001,389.40000000000003,False
Stephen Curry,-219.6,389.40000000000003,False
Stephen Curry,184.79999999999998,342.6,False
Stephen Curry,12.0,72.6,True
Stephen Curry,-214.79999999999998,299.4,True
Stephen Curry,2.4,75.0,True
Stephen Curry,276.0,93.0,False
Stephen Curry,210.0,304.2,False
Stephen Curry,-240.0,258.6,False
Stephen Curry,-30.0,72.6,True
Stephen Curry,63.599999999999994,372.59999999999997,False
Stephen Curry,-273.6,232.2,True
Stephen Curry,54.0,379.8,False
Stephen Curry,-20.400000000000002,77.4,True
Stephen Curry,31.200000000000003,81.0,False
Stephen Curry,203.99999999999997,313.8,True
Stephen Curry,90.0,381.0,False
Stephen Curry,4.8,175.8,True
Stephen Curry,-116.4,354.6,False
Stephen Curry,-216.0,267.0,True
Stephen Curry,105.60000000000002,421.8,False
Stephen Curry,193.20000000000002,315.0,False
Stephen Curry,282.0,64.19999999999999,True
Stephen Curry,-34.8,213.0,True
Stephen Curry,-39.599999999999994,365.4,False
Stephen Curry,-0.0,50.99999999999999,True
Stephen Curry,76.8,259.79999999999995,True
Stephen Curry,-15.600000000000001,64.19999999999999,True
Stephen Curry,86.4,376.2,False
Stephen Curry,268.79999999999995,45.0,False
Stephen Curry,182.4,300.6,False
Stephen Curry,21.6,382.2,True
Stephen Curry,-105.60000000000002,167.39999999999998,False
Stephen Curry,-103.19999999999999,143.4,True
Stephen Curry,276.0,221.4,False
Stephen Curry,-111.6,382.2,True
Stephen Curry,-15.600000000000001,79.8,True
Stephen Curry,-194.4,383.4,False
Stephen Curry,-160.8,186.60000000000002,False
Stephen Curry,-45.6,108.60000000000002,False
Stephen Curry,-72.0,409.8,False
Stephen Curry,-160.8,156.6,False
Stephen Curry,52.80000000000001,126.60000000000001,True
Stephen Curry,-74.4,257.4,True
Stephen Curry,-247.20000000000002,257.4,False
Stephen Curry,-39.599999999999994,366.59999999999997,False
Stephen Curry,-122.39999999999998,358.20000000000005,False
Stephen Curry,52.80000000000001,235.8,False
Stephen Curry,180.0,342.6,True
Stephen Curry,-44.400000000000006,87.0,False
Stephen Curry,-256.79999999999995,219.0,True
Stephen Curry,-106.8,83.4,False
Stephen Curry,-246.0,322.2,False
Stephen Curry,134.39999999999998,365.4,True
Stephen Curry,-96.0,78.6,True
Stephen Curry,226.8,313.8,True
Stephen Curry,229.2,193.79999999999998,True
Stephen Curry,101.99999999999999,381.0,False
Stephen Curry,158.39999999999998,103.8,False
Stephen Curry,262.79999999999995,126.60000000000001,False
Stephen Curry,-222.0,301.8,False
Stephen Curry,203.99999999999997,304.2,True
Stephen Curry,-82.8,238.20000000000002,False
Stephen Curry,10.8,412.2,False
Stephen Curry,243.6,262.20000000000005,True
Stephen Curry,-235.2,295.8,False
Stephen Curry,-284.4,189.0,True
Stephen Curry,112.8,289.8,True
Stephen Curry,1.2,669.0,True
Stephen Curry,112.8,276.6,True
Stephen Curry,205.20000000000002,336.6,False
Stephen Curry,291.59999999999997,75.0,True
Stephen Curry,1.2,372.59999999999997,False
Stephen Curry,-88.80000000000001,253.79999999999998,False
Stephen Curry,-252.0,239.4,False
Stephen Curry,43.2,88.19999999999999,False
Stephen Curry,206.39999999999998,294.59999999999997,False
Stephen Curry,-272.4,77.4,False
Stephen Curry,-40.800000000000004,366.59999999999997,False
Stephen Curry,-37.2,102.60000000000001,True
Stephen Curry,-135.60000000000002,334.2,False
Stephen Curry,-240.0,253.79999999999998,True
Stephen Curry,177.60000000000002,322.2,False
Stephen Curry,67.19999999999999,93.0,True
Stephen Curry,38.4,81.0,True
Stephen Curry,248.4,271.79999999999995,True
Stephen Curry,123.60000000000001,371.4,False
Stephen Curry,109.2,390.59999999999997,True
Stephen Curry,40.800000000000004,95.4,True
Stephen Curry,-284.4,105.0,True
Stephen Curry,45.6,94.2,False
Stephen Curry,-183.60000000000002,202.20000000000002,False
Stephen Curry,-228.0,287.4,True
Stephen Curry,219.6,301.8,False
Stephen Curry,-249.60000000000002,285.0,False
Stephen Curry,259.2,81.0,False
Stephen Curry,-134.39999999999998,268.20000000000005,False
Stephen Curry,-48.0,195.0,False
Stephen Curry,-200.39999999999998,382.2,False
Stephen Curry,188.4,315.0,False
Stephen Curry,-46.8,75.0,True
Stephen Curry,-120.0,262.20000000000005,False
Stephen Curry,-66.0,357.0,True
Stephen Curry,8.399999999999999,301.8,False
Stephen Curry,-116.4,155.4,True
Stephen Curry,-232.8,271.79999999999995,False
Stephen Curry,-0.0,280.20000000000005,True
Stephen Curry,-230.4,833.4000000000001,False
Stephen Curry,4.8,430.20000000000005,False
Stephen Curry,-13.200000000000003,138.60000000000002,False
Stephen Curry,154.8,361.8,True
Stephen Curry,-111.6,65.4,False
Stephen Curry,225.6,279.0,True
Stephen Curry,1.2,304.2,False
Stephen Curry,-7.2,135.0,True
Stephen Curry,-194.4,309.0,True
Stephen Curry,-54.0,81.0,True
Stephen Curry,-66.0,319.79999999999995,True
Stephen Curry,-34.8,108.60000000000002,True
Stephen Curry,-54.0,90.6,True
Stephen Curry,40.800000000000004,390.59999999999997,False
Stephen Curry,-34.8,107.39999999999999,True
Stephen Curry,208.79999999999998,346.20000000000005,True
Stephen Curry,-0.0,126.60000000000001,True
Stephen Curry,-56.4,76.2,True
Stephen Curry,40.800000000000004,97.8,False
Stephen Curry,4.8,123.0,False
Stephen Curry,-60.0,83.4,True
Stephen Curry,39.599999999999994,93.0,False
Stephen Curry,-39.599999999999994,105.0,True
Stephen Curry,64.8,385.8,False
Stephen Curry,270.0,143.4,True
Stephen Curry,-37.2,108.60000000000002,False
Stephen Curry,-180.0,327.0,False
Stephen Curry,201.60000000000002,306.6,True
Stephen Curry,-76.8,153.0,True
Stephen Curry,-10.8,401.40000000000003,True
Stephen Curry,25.200000000000003,89.4,True
Stephen Curry,-253.20000000000002,282.6,False
Stephen Curry,-175.2,316.2,False
Stephen Curry,25.200000000000003,94.2,True
Stephen Curry,-2.4,383.4,True
Stephen Curry,-20.400000000000002,84.6,True
Stephen Curry,-8.399999999999999,141.0,False
Stephen Curry,276.0,50.99999999999999,True
Stephen Curry,-136.8,342.6,True
Stephen Curry,229.2,295.8,True
Stephen Curry,18.0,94.2,True
Stephen Curry,-33.599999999999994,82.19999999999999,True
Stephen Curry,-130.8,341.4,False
Stephen Curry,206.39999999999998,287.4,False
Stephen Curry,136.8,340.20000000000005,True
Stephen Curry,-156.0,360.59999999999997,False
Stephen Curry,-93.6,196.20000000000002,False
Stephen Curry,-243.6,225.0,True
Stephen Curry,-124.80000000000001,378.6,True
Stephen Curry,7.2,395.40000000000003,False
Stephen Curry,-242.4,268.20000000000005,False
Stephen Curry,-260.4,240.6,True
Stephen Curry,180.0,339.0,False
Stephen Curry,223.2,271.79999999999995,True
Stephen Curry,-50.400000000000006,138.60000000000002,False
Stephen Curry,274.79999999999995,123.0,True
Stephen Curry,279.6,166.2,True
Stephen Curry,200.39999999999998,301.8,True
Stephen Curry,270.0,78.6,False
Stephen Curry,-184.79999999999998,313.8,True
Stephen Curry,18.0,240.6,False
Stephen Curry,-44.400000000000006,269.4,False
Stephen Curry,-92.39999999999999,269.4,True
Stephen Curry,15.600000000000001,73.80000000000001,False
Stephen Curry,230.4,251.4,False
Stephen Curry,25.200000000000003,263.4,False
Stephen Curry,7.2,94.2,True
Stephen Curry,-210.0,331.79999999999995,False
Stephen Curry,2.4,88.19999999999999,True
Stephen Curry,-105.60000000000002,285.0,False
Stephen Curry,-154.8,351.0,False
Stephen Curry,168.0,310.2,False
Stephen Curry,124.80000000000001,411.0,False
Stephen Curry,165.6,427.8,True
Stephen Curry,-37.2,83.4,True
Stephen Curry,268.79999999999995,207.0,False
Stephen Curry,-99.60000000000001,370.20000000000005,True
Stephen Curry,-110.39999999999999,267.0,True
Stephen Curry,32.4,81.0,True
Stephen Curry,24.0,427.8,False
Stephen Curry,-92.39999999999999,411.0,False
Stephen Curry,120.0,345.0,False
Stephen Curry,-272.4,214.20000000000005,True
Stephen Curry,-168.0,264.6,False
Stephen Curry,-4.8,144.60000000000002,False
Stephen Curry,63.599999999999994,221.4,True
Stephen Curry,-31.200000000000003,78.6,True
Stephen Curry,76.8,377.4,False
Stephen Curry,182.4,318.6,True
Stephen Curry,-273.6,82.19999999999999,True
Stephen Curry,203.99999999999997,163.8,True
Stephen Curry,-279.6,131.39999999999998,True
Stephen Curry,-19.2,154.2,True
Stephen Curry,256.79999999999995,252.60000000000002,False
Stephen Curry,50.400000000000006,106.19999999999999,True
Stephen Curry,-64.8,364.20000000000005,False
Stephen Curry,-273.6,171.0,False
Stephen Curry,33.599999999999994,87.0,True
Stephen Curry,-1.2,377.4,True
Stephen Curry,-72.0,143.4,True
Stephen Curry,200.39999999999998,375.0,False
Stephen Curry,-88.80000000000001,358.20000000000005,False
Stephen Curry,33.599999999999994,365.4,False
Stephen Curry,51.599999999999994,240.6,False
Stephen Curry,183.60000000000002,311.4,True
Stephen Curry,-10.8,70.2,True
Stephen Curry,274.79999999999995,94.2,True
Stephen Curry,-54.0,213.0,False
Stephen Curry,-112.8,340.20000000000005,False
Stephen Curry,-1.2,153.0,False
Stephen Curry,-255.60000000000002,219.0,False
Stephen Curry,-190.8,303.0,False
Stephen Curry,-20.400000000000002,93.0,False
Stephen Curry,57.6,360.59999999999997,True
Stephen Curry,-150.0,217.79999999999998,True
Stephen Curry,24.0,82.19999999999999,True
Stephen Curry,-76.8,402.59999999999997,True
Stephen Curry,69.6,352.20000000000005,True
Stephen Curry,136.8,331.79999999999995,False
Stephen Curry,-272.4,181.79999999999998,False
Stephen Curry,141.60000000000002,339.0,False
Stephen Curry,-247.20000000000002,241.79999999999995,True
Stephen Curry,261.6,214.20000000000005,True
Stephen Curry,38.4,385.8,True
Stephen Curry,201.60000000000002,321.0,False
Stephen Curry,-91.2,378.6,True
Stephen Curry,-31.200000000000003,82.19999999999999,True
Stephen Curry,120.0,259.79999999999995,False
Stephen Curry,273.6,81.0,True
Stephen Curry,-19.2,57.0,True
Stephen Curry,-18.0,89.4,True
Stephen Curry,-72.0,100.19999999999999,False
Stephen Curry,176.39999999999998,313.8,True
Stephen Curry,202.79999999999998,126.60000000000001,False
Stephen Curry,-177.60000000000002,340.20000000000005,True
Stephen Curry,-74.4,93.0,True
Stephen Curry,-1.2,391.8,True
Stephen Curry,-216.0,312.6,False
Stephen Curry,139.2,337.79999999999995,False
Stephen Curry,7.2,390.59999999999997,True
Stephen Curry,19.2,382.2,False
Stephen Curry,-25.200000000000003,366.59999999999997,True
Stephen Curry,142.79999999999998,343.79999999999995,False
Stephen Curry,247.20000000000002,258.6,False
Stephen Curry,-20.400000000000002,82.19999999999999,False
Stephen Curry,-0.0,63.0,False
Stephen Curry,273.6,151.8,True
Stephen Curry,-14.4,396.59999999999997,False
Stephen Curry,278.4,125.39999999999998,False
Stephen Curry,-6.0,280.20000000000005,True
Stephen Curry,260.4,235.8,True
Stephen Curry,-30.0,94.2,False
Stephen Curry,-21.6,72.6,True
Stephen Curry,7.2,441.00000000000006,True
Stephen Curry,190.8,58.2,False
Stephen Curry,-21.6,78.6,True
Stephen Curry,-79.19999999999999,377.4,False
Stephen Curry,-12.0,89.4,True
Stephen Curry,26.400000000000006,378.6,True
Stephen Curry,2.4,183.0,True
Stephen Curry,-8.399999999999999,83.4,True
Stephen Curry,-39.599999999999994,81.0,False
Stephen Curry,25.200000000000003,378.6,False
Stephen Curry,-37.2,82.19999999999999,False
Stephen Curry,-230.4,354.6,False
Stephen Curry,-259.2,251.4,False
Stephen Curry,51.599999999999994,105.0,True
Stephen Curry,223.2,277.79999999999995,False
Stephen Curry,-90.0,214.20000000000005,True
Stephen Curry,216.0,287.4,True
Stephen Curry,158.39999999999998,329.40000000000003,False
Stephen Curry,-10.8,119.4,False
Stephen Curry,24.0,150.6,False
Stephen Curry,33.599999999999994,405.0,False
Stephen Curry,259.2,228.6,True
Stephen Curry,-48.0,373.8,False
Stephen Curry,-31.200000000000003,123.0,False
Stephen Curry,-51.599999999999994,101.39999999999999,True
Stephen Curry,-93.6,120.60000000000001,False
Stephen Curry,50.400000000000006,379.8,False
Stephen Curry,134.39999999999998,113.4,True
Stephen Curry,-196.79999999999998,339.0,False
Stephen Curry,-279.6,129.0,True
Stephen Curry,-259.2,235.8,True
Stephen Curry,48.0,93.0,True
Stephen Curry,134.39999999999998,348.6,True
Stephen Curry,110.39999999999999,209.39999999999998,True
Stephen Curry,219.6,339.0,True
Stephen Curry,6.0,450.59999999999997,False
Stephen Curry,-40.800000000000004,87.0,True
Stephen Curry,207.6,297.0,True
Stephen Curry,-247.20000000000002,124.2,False
Stephen Curry,25.200000000000003,76.2,True
Stephen Curry,-164.39999999999998,377.4,True
Stephen Curry,-91.2,366.59999999999997,True
Stephen Curry,-50.400000000000006,82.19999999999999,True
Stephen Curry,-80.4,297.0,False
Stephen Curry,-18.0,393.0,False
Stephen Curry,14.4,307.8,True
Stephen Curry,6.0,393.0,False
Stephen Curry,-25.200000000000003,173.39999999999998,False
Stephen Curry,33.599999999999994,94.2,False
Stephen Curry,-278.4,55.8,True
Stephen Curry,40.800000000000004,75.0,True
Stephen Curry,-174.0,319.79999999999995,False
Stephen Curry,12.0,79.8,True
Stephen Curry,-54.0,213.0,False
Stephen Curry,160.8,319.79999999999995,False
Stephen Curry,126.0,171.0,True
Stephen Curry,256.79999999999995,239.4,True
Stephen Curry,-156.0,437.40000000000003,True
Stephen Curry,-210.0,313.8,False
Stephen Curry,26.400000000000006,93.0,True
Stephen Curry,182.4,299.4,True
Stephen Curry,-124.80000000000001,389.40000000000003,True
Stephen Curry,-163.20000000000002,322.2,True
Stephen Curry,-28.8,87.0,True
Stephen Curry,4.8,118.2,False
Stephen Curry,-129.6,97.8,True
Stephen Curry,8.399999999999999,75.0,True
Stephen Curry,30.0,378.6,True
Stephen Curry,196.79999999999998,305.4,True
Stephen Curry,-0.0,77.4,True
Stephen Curry,24.0,390.59999999999997,False
Stephen Curry,14.4,84.6,True
Stephen Curry,-10.8,88.19999999999999,True
Stephen Curry,145.2,336.6,False
Stephen Curry,248.4,263.4,True
Stephen Curry,-142.79999999999998,294.59999999999997,True
Stephen Curry,-38.4,203.39999999999998,True
Stephen Curry,-138.0,334.2,False
Stephen Curry,-45.6,367.8,False
Stephen Curry,-0.0,84.6,True
Stephen Curry,234.0,69.0,True
Stephen Curry,-10.8,87.0,True
Stephen Curry,154.8,163.8,False
Stephen Curry,266.4,214.20000000000005,False
Stephen Curry,-25.200000000000003,375.0,False
Stephen Curry,-7.2,78.6,True
Stephen Curry,-234.0,263.4,False
Stephen Curry,25.200000000000003,383.4,True
Stephen Curry,12.0,107.39999999999999,True
Stephen Curry,-0.0,383.4,False
Stephen Curry,7.2,82.19999999999999,False
Stephen Curry,-54.0,354.6,False
Stephen Curry,8.399999999999999,63.0,False
Stephen Curry,-1.2,75.0,False
Stephen Curry,-34.8,365.4,True
Stephen Curry,-18.0,61.800000000000004,True
Stephen Curry,1.2,64.19999999999999,False
Stephen Curry,276.0,67.80000000000001,True
Stephen Curry,123.60000000000001,340.20000000000005,True
Stephen Curry,-14.4,137.39999999999998,True
Stephen Curry,168.0,312.6,False
Stephen Curry,-13.200000000000003,105.0,False
Stephen Curry,-6.0,61.800000000000004,True
Stephen Curry,-168.0,339.0,False
Stephen Curry,-139.2,376.2,False
Stephen Curry,25.200000000000003,119.4,False
Stephen Curry,-141.60000000000002,334.2,False
Stephen Curry,-243.6,616.2,False
Stephen Curry,1.2,83.4,True
Stephen Curry,26.400000000000006,352.20000000000005,True
Stephen Curry,61.19999999999999,357.0,False
Stephen Curry,-19.2,370.20000000000005,True
Stephen Curry,-78.0,214.20000000000005,False
Stephen Curry,-21.6,76.2,False
Stephen Curry,-154.8,355.8,False
Stephen Curry,-141.60000000000002,247.79999999999995,False
Stephen Curry,-14.4,69.0,True
Stephen Curry,-6.0,72.6,False
Stephen Curry,123.60000000000001,342.6,True
Stephen Curry,-142.79999999999998,336.6,False
Stephen Curry,284.4,76.2,False
Stephen Curry,14.4,395.40000000000003,False
Stephen Curry,-4.8,125.39999999999998,False
Stephen Curry,280.8,137.39999999999998,True
Stephen Curry,-202.79999999999998,298.2,False
Stephen Curry,-2.4,97.8,False
Stephen Curry,-12.0,77.4,True
Stephen Curry,176.39999999999998,433.79999999999995,True
Stephen Curry,-203.99999999999997,307.8,False
Stephen Curry,238.8,265.79999999999995,True
Stephen Curry,-20.400000000000002,76.2,True
Stephen Curry,-2.4,89.4,False
Stephen Curry,-206.39999999999998,275.4,False
Stephen Curry,-19.2,73.80000000000001,True
Stephen Curry,-260.4,205.79999999999998,False
Stephen Curry,190.8,281.4,False
Stephen Curry,8.399999999999999,64.19999999999999,True
Stephen Curry,-37.2,83.4,True
Stephen Curry,-273.6,192.6,True
Stephen Curry,-165.6,389.40000000000003,False
Stephen Curry,-27.599999999999998,366.59999999999997,False
Stephen Curry,-267.6,207.0,False
Stephen Curry,198.0,334.2,True
Stephen Curry,14.4,75.0,True
Stephen Curry,-48.0,259.79999999999995,True
Stephen Curry,112.8,365.4,False
Stephen Curry,85.19999999999999,249.0,True
Stephen Curry,-58.8,355.8,False
Stephen Curry,-124.80000000000001,341.4,True
Stephen Curry,170.39999999999998,327.0,False
Stephen Curry,39.599999999999994,88.19999999999999,False
Stephen Curry,-259.2,211.79999999999998,False
Stephen Curry,-58.8,181.79999999999998,True
Stephen Curry,12.0,76.2,True
Stephen Curry,-51.599999999999994,91.80000000000001,False
Stephen Curry,8.399999999999999,67.80000000000001,False
Stephen Curry,-24.0,132.60000000000002,True
Stephen Curry,-254.39999999999998,234.6,True
Stephen Curry,-282.0,168.60000000000002,False
Stephen Curry,213.6,275.4,False
Stephen Curry,-19.2,69.0,True
Stephen Curry,253.20000000000002,264.6,False
Stephen Curry,-30.0,93.0,True
Stephen Curry,46.8,89.4,True
Stephen Curry,-138.0,209.39999999999998,False
Stephen Curry,-24.0,81.0,True
Stephen Curry,-136.8,375.0,True
Stephen Curry,-278.4,101.39999999999999,False
Stephen Curry,-44.400000000000006,95.4,True
Stephen Curry,-163.20000000000002,347.4,False
Stephen Curry,-182.4,357.0,False
Stephen Curry,-12.0,126.60000000000001,False
Stephen Curry,-148.8,334.2,True
Stephen Curry,-69.6,94.2,True
Stephen Curry,217.20000000000005,252.60000000000002,False
Stephen Curry,148.8,75.0,False
Stephen Curry,-73.2,285.0,True
Stephen Curry,-132.0,91.80000000000001,True
Stephen Curry,-27.599999999999998,207.0,True
Stephen Curry,-274.79999999999995,64.19999999999999,True
Stephen Curry,225.6,280.20000000000005,False
Stephen Curry,-141.60000000000002,253.79999999999998,False
Stephen Curry,-43.2,391.8,False
Stephen Curry,45.6,101.39999999999999,False
Stephen Curry,-169.2,70.2,True
Stephen Curry,-79.19999999999999,387.0,False
Stephen Curry,38.4,97.8,False
Stephen Curry,134.39999999999998,171.0,True
Stephen Curry,285.59999999999997,55.8,True
Stephen Curry,-129.6,361.8,False
Stephen Curry,196.79999999999998,321.0,False
Stephen Curry,243.6,256.2,False
Stephen Curry,285.59999999999997,76.2,True
Stephen Curry,-38.4,93.0,True
Stephen Curry,-184.79999999999998,340.20000000000005,True
Stephen Curry,-61.19999999999999,118.2,False
Stephen Curry,33.599999999999994,382.2,False
Stephen Curry,152.4,186.60000000000002,True
Stephen Curry,-177.60000000000002,335.4,False
Stephen Curry,-18.0,276.6,False
Stephen Curry,-73.2,75.0,False
Stephen Curry,272.4,42.599999999999994,False
Stephen Curry,-210.0,303.0,True
Stephen Curry,-21.6,123.0,False
Stephen Curry,-39.599999999999994,94.2,True
Stephen Curry,-157.2,358.20000000000005,True
Stephen Curry,-232.8,347.4,False
Stephen Curry,-18.0,142.2,False
Stephen Curry,39.599999999999994,407.40000000000003,False
Stephen Curry,58.8,89.4,True
Stephen Curry,-39.599999999999994,142.2,False
Stephen Curry,-18.0,269.4,True
Stephen Curry,-279.6,141.0,True
Stephen Curry,-188.4,322.2,False
Stephen Curry,-165.6,334.2,False
Stephen Curry,-236.4,276.6,True
Stephen Curry,-171.60000000000002,322.2,False
Stephen Curry,33.599999999999994,399.0,True
Stephen Curry,130.8,421.8,True
Stephen Curry,225.6,295.8,False
Stephen Curry,-194.4,322.2,True
Stephen Curry,-12.0,123.0,True
Stephen Curry,6.0,121.8,False
Stephen Curry,-70.80000000000001,394.2,True
Stephen Curry,-20.400000000000002,108.60000000000002,True
Stephen Curry,-64.8,93.0,True
Stephen Curry,-27.599999999999998,464.99999999999994,False
Stephen Curry,57.6,78.6,True
Stephen Curry,-181.2,372.59999999999997,False
Stephen Curry,57.6,70.2,False
Stephen Curry,170.39999999999998,232.2,True
Stephen Curry,51.599999999999994,189.0,False
Stephen Curry,-141.60000000000002,352.20000000000005,True
Stephen Curry,171.60000000000002,336.6,True
Stephen Curry,-105.60000000000002,383.4,False
Stephen Curry,45.6,103.8,False
Stephen Curry,-282.0,46.199999999999996,True
Stephen Curry,-234.0,297.0,True
Stephen Curry,52.80000000000001,87.0,False
Stephen Curry,-38.4,151.8,False
Stephen Curry,-30.0,365.4,True
Stephen Curry,40.800000000000004,379.8,True
Stephen Curry,-91.2,100.19999999999999,False
Stephen Curry,-63.599999999999994,78.6,True
Stephen Curry,-27.599999999999998,125.39999999999998,True
Stephen Curry,-256.79999999999995,271.79999999999995,False
Stephen Curry,-44.400000000000006,391.8,True
Stephen Curry,-45.6,397.79999999999995,False
Stephen Curry,-201.60000000000002,304.2,False
Stephen Curry,10.8,127.80000000000001,False
Stephen Curry,-182.4,259.79999999999995,False
Stephen Curry,-104.39999999999999,221.4,False
Stephen Curry,-120.0,291.0,True
Stephen Curry,37.2,87.0,True
Stephen Curry,8.399999999999999,439.79999999999995,False
Stephen Curry,-37.2,83.4,True
Stephen Curry,-164.39999999999998,339.0,False
Stephen Curry,286.8,121.8,False
Stephen Curry,63.599999999999994,97.8,False
Stephen Curry,-24.0,75.0,True
Stephen Curry,-32.4,75.0,True
Stephen Curry,220.79999999999998,335.4,False
Stephen Curry,-144.0,265.79999999999995,True
Stephen Curry,-85.19999999999999,402.59999999999997,True
Stephen Curry,-177.60000000000002,370.20000000000005,False
Stephen Curry,-278.4,70.2,False
Stephen Curry,-34.8,83.4,False
Stephen Curry,-32.4,88.19999999999999,False
Stephen Curry,175.2,327.0,False
Stephen Curry,261.6,189.0,True
Stephen Curry,-18.0,133.8,False
Stephen Curry,-175.2,370.20000000000005,False
Stephen Curry,-282.0,108.60000000000002,False
Stephen Curry,6.0,106.19999999999999,False
Stephen Curry,-270.0,142.2,False
Stephen Curry,-120.0,379.8,False
Stephen Curry,253.20000000000002,247.79999999999995,False
Stephen Curry,-51.599999999999994,142.2,True
Stephen Curry,58.8,81.0,False
Stephen Curry,-2.4,389.40000000000003,False
Stephen Curry,32.4,97.8,True
Stephen Curry,-30.0,291.0,False
Stephen Curry,-150.0,360.59999999999997,True
Stephen Curry,57.6,429.0,False
Stephen Curry,-129.6,203.39999999999998,False
Stephen Curry,177.60000000000002,323.40000000000003,True
Stephen Curry,6.0,393.0,True
Stephen Curry,-44.400000000000006,408.5999999999999,True
Stephen Curry,-58.8,89.4,True
Stephen Curry,163.20000000000002,378.6,False
Stephen Curry,32.4,96.60000000000001,True
Stephen Curry,38.4,93.0,True
Stephen Curry,-85.19999999999999,103.8,False
Stephen Curry,-276.0,233.4,True
Stephen Curry,-184.79999999999998,359.4,False
Stephen Curry,57.6,125.39999999999998,False
Stephen Curry,-176.39999999999998,203.39999999999998,False
Stephen Curry,-213.6,295.8,False
Stephen Curry,-63.599999999999994,114.6,False
Stephen Curry,-38.4,370.20000000000005,False
Stephen Curry,-207.6,328.2,True
Stephen Curry,106.8,351.0,True
Stephen Curry,-201.60000000000002,321.0,True
Stephen Curry,-136.8,345.0,False
Stephen Curry,25.200000000000003,72.6,True
Stephen Curry,-268.79999999999995,219.0,False
Stephen Curry,202.79999999999998,297.0,False
Stephen Curry,-273.6,100.19999999999999,True
Stephen Curry,-58.8,82.19999999999999,True
Stephen Curry,-48.0,100.19999999999999,True
Stephen Curry,1.2,87.0,True
Stephen Curry,-110.39999999999999,274.20000000000005,False
Stephen Curry,-142.79999999999998,181.79999999999998,False
Stephen Curry,6.0,406.2,False
Stephen Curry,25.200000000000003,78.6,True
Stephen Curry,-135.60000000000002,406.2,False
Stephen Curry,-139.2,340.20000000000005,True
Stephen Curry,242.4,358.20000000000005,False
Stephen Curry,-39.599999999999994,87.0,True
Stephen Curry,-261.6,220.20000000000005,True
Stephen Curry,-69.6,279.0,True
Stephen Curry,-12.0,78.6,False
Stephen Curry,15.600000000000001,52.199999999999996,True
Stephen Curry,202.79999999999998,339.0,False
Stephen Curry,190.8,316.2,True
Stephen Curry,206.39999999999998,330.6,False
Stephen Curry,-145.2,349.79999999999995,True
Stephen Curry,-39.599999999999994,81.0,True
Stephen Curry,270.0,157.8,True
Stephen Curry,268.79999999999995,157.8,False
Stephen Curry,225.6,246.60000000000002,False
Stephen Curry,-174.0,354.6,True
Stephen Curry,-60.0,389.40000000000003,True
Stephen Curry,54.0,63.0,False
Stephen Curry,-276.0,162.6,True
Stephen Curry,51.599999999999994,366.59999999999997,False
Stephen Curry,-208.79999999999998,294.59999999999997,False
Stephen Curry,-4.8,83.4,True
Stephen Curry,38.4,450.59999999999997,True
Stephen Curry,183.60000000000002,84.6,True
Stephen Curry,278.4,52.199999999999996,True
Stephen Curry,222.0,274.20000000000005,False
Stephen Curry,-58.8,390.59999999999997,False
Stephen Curry,-14.4,78.6,True
Stephen Curry,-34.8,73.80000000000001,True
Stephen Curry,-211.20000000000005,321.0,False
Stephen Curry,-225.6,291.0,False
Stephen Curry,-58.8,377.4,True
Stephen Curry,39.599999999999994,383.4,True
Stephen Curry,-8.399999999999999,72.6,True
Stephen Curry,-26.400000000000006,77.4,False
Stephen Curry,-58.8,403.8,False
Stephen Curry,145.2,241.79999999999995,True
Stephen Curry,56.4,295.8,True
Stephen Curry,177.60000000000002,319.79999999999995,False
Stephen Curry,-57.6,64.19999999999999,False
Stephen Curry,-96.0,371.4,True
Stephen Curry,-111.6,288.59999999999997,True
Stephen Curry,284.4,57.0,True
Stephen Curry,-110.39999999999999,417.0,False
Stephen Curry,164.39999999999998,353.4,True
Stephen Curry,-115.2,360.59999999999997,False
Stephen Curry,52.80000000000001,377.4,False
Stephen Curry,165.6,313.8,True
Stephen Curry,-207.6,303.0,True
Stephen Curry,-13.200000000000003,76.2,True
Stephen Curry,225.6,270.6,True
Stephen Curry,-98.39999999999999,249.0,False
Stephen Curry,123.60000000000001,183.0,False
Stephen Curry,-90.0,359.4,False
Stephen Curry,128.39999999999998,363.0,False
Stephen Curry,190.8,306.6,False
Stephen Curry,-6.0,360.59999999999997,True
Stephen Curry,-0.0,175.8,True
Stephen Curry,-7.2,76.2,True
Stephen Curry,-0.0,511.8,False
Stephen Curry,-272.4,89.4,False
Stephen Curry,187.2,316.2,True
Stephen Curry,-26.400000000000006,78.6,True
Stephen Curry,-219.6,282.6,False
Stephen Curry,-18.0,177.0,False
Stephen Curry,51.599999999999994,173.39999999999998,False
Stephen Curry,-208.79999999999998,321.0,True
Stephen Curry,-79.19999999999999,375.0,False
Stephen Curry,106.8,492.59999999999997,False
Stephen Curry,226.8,311.4,True
Stephen Curry,-135.60000000000002,347.4,False
Stephen Curry,175.2,360.59999999999997,True
Stephen Curry,-51.599999999999994,100.19999999999999,True
Stephen Curry,-174.0,347.4,False
Stephen Curry,153.6,243.0,False
Stephen Curry,38.4,102.60000000000001,True
Stephen Curry,26.400000000000006,408.5999999999999,False
Stephen Curry,-51.599999999999994,103.8,False
Stephen Curry,176.39999999999998,346.20000000000005,False
Stephen Curry,-144.0,629.4000000000001,False
Stephen Curry,-225.6,285.0,True
Stephen Curry,-169.2,372.59999999999997,False
Stephen Curry,-40.800000000000004,106.19999999999999,True
Stephen Curry,147.60000000000002,335.4,False
Stephen Curry,-38.4,106.19999999999999,True
Stephen Curry,-243.6,423.0,False
Stephen Curry,-252.0,270.6,False
Stephen Curry,-180.0,349.79999999999995,False
Stephen Curry,272.4,136.2,True
Stephen Curry,175.2,325.79999999999995,False
Stephen Curry,51.599999999999994,95.4,True
Stephen Curry,-164.39999999999998,346.20000000000005,True
Stephen Curry,141.60000000000002,349.79999999999995,False
Stephen Curry,110.39999999999999,237.0,True
Stephen Curry,-15.600000000000001,91.80000000000001,True
Stephen Curry,-0.0,371.4,True
Stephen Curry,-148.8,315.0,True
Stephen Curry,260.4,259.79999999999995,False
Stephen Curry,-15.600000000000001,103.8,True
Stephen Curry,-112.8,358.20000000000005,True
Stephen Curry,-206.39999999999998,307.8,True
Stephen Curry,-69.6,82.19999999999999,False
Stephen Curry,63.599999999999994,279.0,True
Stephen Curry,66.0,385.8,True
Stephen Curry,-46.8,95.4,True
Stephen Curry,-135.60000000000002,251.4,False
Stephen Curry,-136.8,252.60000000000002,True
Stephen Curry,189.6,346.20000000000005,True
Stephen Curry,-66.0,377.4,False
Stephen Curry,-109.2,340.20000000000005,False
Stephen Curry,273.6,191.4,True
Stephen Curry,-52.80000000000001,367.8,False
Stephen Curry,157.2,325.79999999999995,False
Stephen Curry,-278.4,231.0,True
Stephen Curry,67.19999999999999,370.20000000000005,False
Stephen Curry,-110.39999999999999,99.0,False
Stephen Curry,266.4,94.2,False
Stephen Curry,-238.8,256.2,True
Stephen Curry,228.0,294.59999999999997,True
Stephen Curry,188.4,310.2,True
Stephen Curry,-254.39999999999998,231.0,True
Stephen Curry,175.2,388.2,False
Stephen Curry,-51.599999999999994,123.0,False
Stephen Curry,-132.0,382.2,False
Stephen Curry,-30.0,69.0,True
Stephen Curry,246.0,244.20000000000002,True
Stephen Curry,-151.2,330.6,True
Stephen Curry,235.2,246.60000000000002,False
Stephen Curry,-236.4,215.39999999999998,True
Stephen Curry,-7.2,360.59999999999997,True
Stephen Curry,-130.8,349.79999999999995,False
Stephen Curry,-105.60000000000002,177.0,True
Stephen Curry,278.4,169.8,False
Stephen Curry,-73.2,153.0,False
Stephen Curry,101.99999999999999,346.20000000000005,True
Stephen Curry,-247.20000000000002,221.4,False
Stephen Curry,148.8,329.40000000000003,True
Stephen Curry,-1.2,79.8,True
Stephen Curry,-26.400000000000006,75.0,True
Stephen Curry,-14.4,189.0,True
Stephen Curry,238.8,310.2,True
Stephen Curry,253.20000000000002,52.199999999999996,True
Stephen Curry,232.8,312.6,False
Stephen Curry,-217.20000000000005,274.20000000000005,False
Stephen Curry,-32.4,78.6,True
Stephen Curry,-14.4,438.59999999999997,True
Stephen Curry,-48.0,94.2,True
Stephen Curry,-122.39999999999998,361.8,False
Stephen Curry,150.0,269.4,False
Stephen Curry,136.8,412.2,True
Stephen Curry,-144.0,346.20000000000005,False
Stephen Curry,105.60000000000002,379.8,True
Stephen Curry,223.2,259.79999999999995,False
Stephen Curry,-43.2,376.2,True
Stephen Curry,-6.0,372.59999999999997,False
Stephen Curry,-63.599999999999994,79.8,False
Stephen Curry,-52.80000000000001,91.80000000000001,True
Stephen Curry,-165.6,353.4,True
Stephen Curry,-180.0,346.20000000000005,False
Stephen Curry,105.60000000000002,363.0,False
Stephen Curry,-43.2,136.2,True
Stephen Curry,-50.400000000000006,375.0,False
Stephen Curry,252.0,273.0,True
Stephen Curry,247.20000000000002,276.6,False
Stephen Curry,-54.0,371.4,True
Stephen Curry,-190.8,313.8,True
Stephen Curry,175.2,336.6,True
Stephen Curry,-8.399999999999999,65.4,False
Stephen Curry,-6.0,94.2,False
Stephen Curry,80.4,366.59999999999997,False
Stephen Curry,-282.0,186.60000000000002,True
Stephen Curry,265.20000000000005,215.39999999999998,False
Stephen Curry,129.6,334.2,True
Stephen Curry,-234.0,277.79999999999995,True
Stephen Curry,67.19999999999999,133.8,False
Stephen Curry,-74.4,142.2,True
Stephen Curry,-243.6,167.39999999999998,False
Stephen Curry,-115.2,366.59999999999997,True
Stephen Curry,-64.8,379.8,True
Stephen Curry,-7.2,90.6,True
Stephen Curry,57.6,377.4,False
Stephen Curry,-13.200000000000003,257.4,False
Stephen Curry,-7.2,88.19999999999999,True
Stephen Curry,4.8,412.2,True
Stephen Curry,45.6,395.40000000000003,True
Stephen Curry,-7.2,261.0,False
Stephen Curry,-171.60000000000002,346.20000000000005,True
Stephen Curry,196.79999999999998,345.0,False
Stephen Curry,177.60000000000002,328.2,False
Stephen Curry,14.4,143.4,False
Stephen Curry,-278.4,178.2,False
Stephen Curry,249.60000000000002,1008.6,False
Stephen Curry,279.6,155.4,False
Stephen Curry,66.0,76.2,False
Stephen Curry,-132.0,382.2,False
Stephen Curry,-194.4,315.0,True
Stephen Curry,187.2,144.60000000000002,True
Stephen Curry,-33.599999999999994,408.5999999999999,False
Stephen Curry,-282.0,94.2,True
Stephen Curry,-116.4,300.6,True
Stephen Curry,-92.39999999999999,409.8,False
Stephen Curry,-72.0,403.8,False
Stephen Curry,-4.8,64.19999999999999,True
Stephen Curry,-238.8,258.6,False
Stephen Curry,-288.0,33.0,False
Stephen Curry,261.6,221.4,False
Stephen Curry,92.39999999999999,375.0,True
Stephen Curry,-187.2,303.0,True
Stephen Curry,150.0,322.2,True
Stephen Curry,-144.0,165.0,False
Stephen Curry,-225.6,289.8,False
Stephen Curry,266.4,178.2,True
Stephen Curry,219.6,263.4,False
Stephen Curry,-34.8,397.79999999999995,True
Stephen Curry,-15.600000000000001,100.19999999999999,False
Stephen Curry,26.400000000000006,76.2,False
Stephen Curry,248.4,209.39999999999998,False
Stephen Curry,272.4,189.0,False
Stephen Curry,-181.2,430.20000000000005,True
Stephen Curry,8.399999999999999,99.0,False
Stephen Curry,-37.2,282.6,False
Stephen Curry,-128.39999999999998,349.79999999999995,True
Stephen Curry,2.4,297.0,False
Stephen Curry,51.599999999999994,101.39999999999999,True
Stephen Curry,180.0,359.4,False
Stephen Curry,-67.19999999999999,114.6,True
Stephen Curry,135.60000000000002,379.8,False
Stephen Curry,-210.0,345.0,True
Stephen Curry,-164.39999999999998,329.40000000000003,False
Stephen Curry,-152.4,119.4,True
Stephen Curry,-115.2,378.6,False
Stephen Curry,-1.2,371.4,False
Stephen Curry,106.8,39.0,False
Stephen Curry,252.0,232.2,False
Stephen Curry,226.8,283.8,True
Stephen Curry,-208.79999999999998,316.2,True
Stephen Curry,-92.39999999999999,376.2,False
Stephen Curry,-132.0,364.20000000000005,False
Stephen Curry,58.8,195.0,True
Stephen Curry,-174.0,244.20000000000002,True
Stephen Curry,72.0,358.20000000000005,False
Stephen Curry,-20.400000000000002,137.39999999999998,False
Stephen Curry,44.400000000000006,91.80000000000001,False
Stephen Curry,-69.6,352.20000000000005,False
Stephen Curry,-274.79999999999995,96.60000000000001,False
Stephen Curry,225.6,304.2,False
Stephen Curry,-40.800000000000004,294.59999999999997,True
Stephen Curry,-278.4,163.8,True
Stephen Curry,122.39999999999998,204.60000000000002,True
Stephen Curry,-31.200000000000003,87.0,True
Stephen Curry,112.8,144.60000000000002,False
Stephen Curry,-48.0,100.19999999999999,True
Stephen Curry,-54.0,195.0,False
Stephen Curry,232.8,359.4,False
Stephen Curry,-138.0,227.4,False
Stephen Curry,-206.39999999999998,323.40000000000003,False
Stephen Curry,-40.800000000000004,114.6,True
Stephen Curry,-208.79999999999998,306.6,True
Stephen Curry,-164.39999999999998,396.59999999999997,False
Stephen Curry,46.8,378.6,False
Stephen Curry,158.39999999999998,328.2,False
Stephen Curry,-139.2,377.4,True
Stephen Curry,-82.8,195.0,False
Stephen Curry,-43.2,370.20000000000005,True
Stephen Curry,-150.0,148.2,True
Stephen Curry,222.0,313.8,False
Stephen Curry,67.19999999999999,93.0,False
Stephen Curry,-20.400000000000002,357.0,True
Stephen Curry,50.400000000000006,87.0,False
Stephen Curry,32.4,417.0,True
Stephen Curry,-13.200000000000003,118.2,False
Stephen Curry,228.0,305.4,False
Stephen Curry,124.80000000000001,379.8,True
Stephen Curry,-34.8,397.79999999999995,False
Stephen Curry,60.0,83.4,False
Stephen Curry,-174.0,189.0,True
Stephen Curry,12.0,298.2,True
Stephen Curry,273.6,97.8,True
Stephen Curry,-54.0,75.0,True
Stephen Curry,-66.0,73.80000000000001,False
Stephen Curry,-60.0,125.39999999999998,False
Stephen Curry,194.4,307.8,False
Stephen Curry,-260.4,253.79999999999998,False
Stephen Curry,-276.0,89.4,True
Stephen Curry,230.4,246.60000000000002,False
Stephen Curry,-52.80000000000001,85.80000000000001,False
Stephen Curry,52.80000000000001,85.80000000000001,False
Stephen Curry,-67.19999999999999,153.0,False
Stephen Curry,-32.4,376.2,True
Stephen Curry,-206.39999999999998,351.0,False
Stephen Curry,57.6,352.20000000000005,True
Stephen Curry,-164.39999999999998,69.0,True
Stephen Curry,97.2,349.79999999999995,False
Stephen Curry,214.79999999999998,277.79999999999995,True
Stephen Curry,-27.599999999999998,96.60000000000001,False
Stephen Curry,165.6,226.2,True
Stephen Curry,181.2,341.4,False
Stephen Curry,-160.8,340.20000000000005,True
Stephen Curry,-219.6,322.2,True
Stephen Curry,-69.6,153.0,False
Stephen Curry,-15.600000000000001,441.00000000000006,False
Stephen Curry,-260.4,215.39999999999998,True
Stephen Curry,-39.599999999999994,93.0,True
Stephen Curry,163.20000000000002,412.2,False
Stephen Curry,106.8,365.4,True
Stephen Curry,67.19999999999999,178.2,True
Stephen Curry,-112.8,349.79999999999995,False
Stephen Curry,-79.19999999999999,381.0,False
Stephen Curry,130.8,255.00000000000003,True
Stephen Curry,147.60000000000002,221.4,False
Stephen Curry,26.400000000000006,424.20000000000005,False
Stephen Curry,-138.0,238.20000000000002,True
Stephen Curry,-198.0,365.4,False
Stephen Curry,-88.80000000000001,377.4,False
Stephen Curry,-13.200000000000003,63.0,True
Stephen Curry,-39.599999999999994,369.0,False
Stephen Curry,-78.0,351.0,False
Stephen Curry,51.599999999999994,274.20000000000005,True
Stephen Curry,26.400000000000006,67.80000000000001,False
Stephen Curry,-163.20000000000002,382.2,True
Stephen Curry,154.8,357.0,True
Stephen Curry,106.8,376.2,False
Stephen Curry,116.4,360.59999999999997,False
Stephen Curry,268.79999999999995,113.4,False
Stephen Curry,104.39999999999999,364.20000000000005,False
Stephen Curry,-235.2,273.0,True
Stephen Curry,198.0,321.0,False
Stephen Curry,-31.200000000000003,101.39999999999999,True
Stephen Curry,-45.6,89.4,True
Stephen Curry,-44.400000000000006,83.4,True
Stephen Curry,-76.8,264.6,False
Stephen Curry,-52.80000000000001,94.2,True
Stephen Curry,-7.2,399.0,False
Stephen Curry,-32.4,89.4,True
Stephen Curry,-180.0,331.79999999999995,True
Stephen Curry,64.8,376.2,False
Stephen Curry,-112.8,340.20000000000005,True
Stephen Curry,6.0,400.2,False
Stephen Curry,15.600000000000001,58.2,True
Stephen Curry,279.6,108.60000000000002,True
Stephen Curry,-114.0,435.00000000000006,True
Stephen Curry,3.6,191.4,True
Stephen Curry,-33.599999999999994,232.2,False
Stephen Curry,-184.79999999999998,316.2,False
Stephen Curry,-1.2,89.4,False
Stephen Curry,-0.0,63.0,False
Stephen Curry,-7.2,70.2,True
Stephen Curry,-74.4,359.4,False
Stephen Curry,74.4,400.2,False
Stephen Curry,-115.2,233.4,False
Stephen Curry,-14.4,125.39999999999998,False
Stephen Curry,160.8,213.0,False
Stephen Curry,297.6,67.80000000000001,False
Stephen Curry,286.8,133.8,False
Stephen Curry,-151.2,349.79999999999995,False
Stephen Curry,-272.4,83.4,True
Stephen Curry,-50.400000000000006,298.2,True
Stephen Curry,-88.80000000000001,387.0,True
Stephen Curry,160.8,353.4,False
Stephen Curry,-7.2,76.2,True
Stephen Curry,164.39999999999998,352.20000000000005,True
Stephen Curry,10.8,75.0,True
Stephen Curry,-115.2,358.20000000000005,False
Stephen Curry,-110.39999999999999,268.20000000000005,False
Stephen Curry,-31.200000000000003,400.2,False
Stephen Curry,-4.8,88.19999999999999,True
Stephen Curry,-18.0,370.20000000000005,False
Stephen Curry,-24.0,108.60000000000002,False
Stephen Curry,-278.4,148.2,False
Stephen Curry,-286.8,64.19999999999999,False
Stephen Curry,-141.60000000000002,203.39999999999998,False
Stephen Curry,171.60000000000002,81.0,False
Stephen Curry,14.4,151.8,False
Stephen Curry,-187.2,346.20000000000005,True
Stephen Curry,-236.4,364.20000000000005,False
Stephen Curry,142.79999999999998,359.4,False
Stephen Curry,148.8,383.4,False
Stephen Curry,-14.4,69.0,False
Stephen Curry,-96.0,358.20000000000005,False
Stephen Curry,-180.0,318.6,True
Stephen Curry,12.0,184.2,True
Stephen Curry,-146.4,340.20000000000005,True
Stephen Curry,-201.60000000000002,279.0,False
Stephen Curry,230.4,244.20000000000002,False
Stephen Curry,-21.6,77.4,False
Stephen Curry,-122.39999999999998,210.6,True
Stephen Curry,118.8,360.59999999999997,True
Stephen Curry,-265.20000000000005,179.4,False
Stephen Curry,-270.0,81.0,False
Stephen Curry,202.79999999999998,373.8,False
Stephen Curry,278.4,123.0,False
Stephen Curry,200.39999999999998,328.2,False
Stephen Curry,-229.2,301.8,False
Stephen Curry,-150.0,136.2,False
Stephen Curry,-177.60000000000002,345.0,True
Stephen Curry,-8.399999999999999,251.4,False
Stephen Curry,276.0,50.99999999999999,True
Stephen Curry,-280.8,156.6,True
Stephen Curry,33.599999999999994,268.20000000000005,True
Stephen Curry,-50.400000000000006,89.4,False
Stephen Curry,-39.599999999999994,282.6,True
Stephen Curry,38.4,162.6,True
Stephen Curry,206.39999999999998,95.4,False
Stephen Curry,-0.0,123.0,False
Stephen Curry,228.0,288.59999999999997,True
Stephen Curry,-30.0,57.0,False
Stephen Curry,246.0,352.20000000000005,False
Stephen Curry,157.2,366.59999999999997,False
Stephen Curry,48.0,102.60000000000001,True
Stephen Curry,-176.39999999999998,61.800000000000004,True
Stephen Curry,-139.2,355.8,True
Stephen Curry,-58.8,415.8,True
Stephen Curry,19.2,292.20000000000005,True
Stephen Curry,118.8,165.0,True
Stephen Curry,-19.2,118.2,True
Stephen Curry,-154.8,321.0,False
Stephen Curry,74.4,87.0,False
Stephen Curry,-12.0,409.8,False
Stephen Curry,67.19999999999999,210.6,True
Stephen Curry,279.6,159.0,False
Stephen Curry,152.4,353.4,False
Stephen Curry,-139.2,256.2,False
Stephen Curry,162.0,237.0,True
Stephen Curry,-176.39999999999998,417.0,False
Stephen Curry,203.99999999999997,279.0,False
Stephen Curry,174.0,328.2,False
Stephen Curry,6.0,447.00000000000006,False
Stephen Curry,-57.6,207.0,True
Stephen Curry,-60.0,131.39999999999998,True
Stephen Curry,-13.200000000000003,377.4,False
Stephen Curry,-70.80000000000001,111.0,False
Stephen Curry,-229.2,301.8,True
Stephen Curry,-235.2,287.4,False
Stephen Curry,176.39999999999998,185.4,False
Stephen Curry,-208.79999999999998,299.4,False
Stephen Curry,195.6,352.20000000000005,True
Stephen Curry,150.0,370.20000000000005,False
Stephen Curry,-91.2,370.20000000000005,True
Stephen Curry,32.4,96.60000000000001,True
Stephen Curry,90.0,125.39999999999998,True
Stephen Curry,-60.0,118.2,False
Stephen Curry,238.8,327.0,True
Stephen Curry,13.200000000000003,399.0,True
Stephen Curry,193.20000000000002,352.20000000000005,False
Stephen Curry,-56.4,139.8,False
Stephen Curry,2.4,119.4,True
Stephen Curry,-31.200000000000003,97.8,False
Stephen Curry,-171.60000000000002,309.0,True
Stephen Curry,-201.60000000000002,327.0,False
Stephen Curry,-14.4,180.60000000000002,False
Stephen Curry,-226.8,259.79999999999995,True
Stephen Curry,-127.19999999999999,213.0,False
Stephen Curry,-135.60000000000002,343.79999999999995,False
Stephen Curry,117.6,327.0,False
Stephen Curry,-12.0,91.80000000000001,False
Stephen Curry,157.2,341.4,True
Stephen Curry,-72.0,379.8,True
Stephen Curry,4.8,371.4,True
Stephen Curry,-12.0,119.4,True
Stephen Curry,-104.39999999999999,370.20000000000005,False
Stephen Curry,-282.0,145.79999999999998,True
Stephen Curry,-211.20000000000005,334.2,True
Stephen Curry,7.2,81.0,False
Stephen Curry,-223.2,299.4,True
Stephen Curry,189.6,334.2,True
Stephen Curry,122.39999999999998,355.8,False
Stephen Curry,187.2,324.6,True
Stephen Curry,-15.600000000000001,145.79999999999998,False
Stephen Curry,128.39999999999998,196.20000000000002,True
Stephen Curry,-105.60000000000002,352.20000000000005,False
Stephen Curry,255.60000000000002,285.0,False
Stephen Curry,-31.200000000000003,94.2,True
Stephen Curry,72.0,108.60000000000002,True
Stephen Curry,-154.8,425.40000000000003,True
Stephen Curry,-30.0,64.19999999999999,True
Stephen Curry,163.20000000000002,348.6,False
Stephen Curry,19.2,49.800000000000004,True
Stephen Curry,-45.6,108.60000000000002,True
Stephen Curry,-10.8,145.79999999999998,False
Stephen Curry,-40.800000000000004,49.800000000000004,True
Stephen Curry,-82.8,145.79999999999998,True
Stephen Curry,63.599999999999994,376.2,False
Stephen Curry,-26.400000000000006,57.0,True
Stephen Curry,130.8,343.79999999999995,False
Stephen Curry,220.79999999999998,298.2,False
Stephen Curry,120.0,157.8,False
Stephen Curry,177.60000000000002,360.59999999999997,False
Stephen Curry,150.0,336.6,False
Stephen Curry,85.19999999999999,377.4,True
Stephen Curry,-160.8,341.4,False
Stephen Curry,-243.6,258.6,False
Stephen Curry,-21.6,88.19999999999999,True
Stephen Curry,-0.0,70.2,True
Stephen Curry,92.39999999999999,226.2,False
Stephen Curry,267.6,199.79999999999998,True
Stephen Curry,-0.0,171.0,False
Stephen Curry,14.4,372.59999999999997,False
Stephen Curry,-181.2,325.79999999999995,False
Stephen Curry,33.599999999999994,304.2,True
Stephen Curry,-175.2,304.2,False
Stephen Curry,6.0,54.6,True
Stephen Curry,-52.80000000000001,83.4,False
Stephen Curry,48.0,364.20000000000005,True
Stephen Curry,192.0,279.0,False
Stephen Curry,-256.79999999999995,270.6,False
Stephen Curry,-25.200000000000003,379.8,False
Stephen Curry,-122.39999999999998,264.6,False
Stephen Curry,262.79999999999995,240.6,False
Stephen Curry,45.6,405.0,True
Stephen Curry,-260.4,233.4,True
Stephen Curry,-198.0,322.2,False
Stephen Curry,-163.20000000000002,271.79999999999995,False
Stephen Curry,-8.399999999999999,93.0,True
Stephen Curry,-134.39999999999998,231.0,False
Stephen Curry,168.0,297.0,False
Stephen Curry,-61.19999999999999,139.8,False
Stephen Curry,30.0,370.20000000000005,False
Stephen Curry,99.60000000000001,354.6,False
Stephen Curry,145.2,252.60000000000002,False
Stephen Curry,39.599999999999994,72.6,False
Stephen Curry,-98.39999999999999,232.2,False
Stephen Curry,117.6,359.4,False
Stephen Curry,-117.6,178.2,False
Stephen Curry,-187.2,303.0,False
Stephen Curry,-99.60000000000001,121.8,True
Stephen Curry,-236.4,263.4,False
Stephen Curry,196.79999999999998,321.0,False
Stephen Curry,-226.8,299.4,True
Stephen Curry,278.4,81.0,True
Stephen Curry,194.4,307.8,False
Stephen Curry,-32.4,101.39999999999999,False
Stephen Curry,50.400000000000006,91.80000000000001,False
Stephen Curry,-54.0,139.8,False
Stephen Curry,-243.6,309.0,True
Stephen Curry,-40.800000000000004,114.6,True
Stephen Curry,282.0,72.6,True
Stephen Curry,-56.4,105.0,True
Stephen Curry,31.200000000000003,107.39999999999999,False
Stephen Curry,-274.79999999999995,217.79999999999998,True
Stephen Curry,-31.200000000000003,89.4,False
Stephen Curry,2.4,409.8,False
Stephen Curry,-214.79999999999998,289.8,True
Stephen Curry,-213.6,321.0,False
Stephen Curry,-0.0,384.59999999999997,False
Stephen Curry,-183.60000000000002,423.0,False
Stephen Curry,-79.19999999999999,126.60000000000001,False
Stephen Curry,169.2,330.6,False
Stephen Curry,8.399999999999999,144.60000000000002,True
Stephen Curry,-44.400000000000006,165.0,True
Stephen Curry,-24.0,93.0,False
Stephen Curry,-236.4,311.4,False
Stephen Curry,240.0,303.0,False
Stephen Curry,-25.200000000000003,101.39999999999999,True
Stephen Curry,-135.60000000000002,123.0,True
Stephen Curry,-2.4,253.79999999999998,True
Stephen Curry,-144.0,241.79999999999995,True
Stephen Curry,-98.39999999999999,265.79999999999995,False
Stephen Curry,-6.0,389.40000000000003,False
Stephen Curry,82.8,384.59999999999997,True
Stephen Curry,-135.60000000000002,341.4,False
Stephen Curry,225.6,310.2,True
Stephen Curry,-187.2,351.0,True
Stephen Curry,-51.599999999999994,75.0,True
Stephen Curry,-190.8,297.0,True
Stephen Curry,-39.599999999999994,83.4,True
Stephen Curry,-48.0,95.4,True
Stephen Curry,200.39999999999998,414.5999999999999,True
Stephen Curry,188.4,425.40000000000003,False
Stephen Curry,-79.19999999999999,383.4,False
Stephen Curry,-40.800000000000004,76.2,False
Stephen Curry,-66.0,209.39999999999998,False
Stephen Curry,157.2,226.2,False
Stephen Curry,-188.4,328.2,True
Stephen Curry,8.399999999999999,109.8,True
Stephen Curry,27.599999999999998,90.6,True
Stephen Curry,-278.4,114.6,True
Stephen Curry,80.4,269.4,True
Stephen Curry,73.2,105.0,True
Stephen Curry,-207.6,318.6,False
Stephen Curry,33.599999999999994,365.4,True
Stephen Curry,-272.4,205.79999999999998,False
Stephen Curry,274.79999999999995,50.99999999999999,True
Stephen Curry,-56.4,97.8,True
Stephen Curry,228.0,262.20000000000005,False
Stephen Curry,-176.39999999999998,133.8,False
Stephen Curry,-110.39999999999999,100.19999999999999,False
Stephen Curry,187.2,307.8,False
Stephen Curry,48.0,376.2,False
Stephen Curry,116.4,365.4,False
Stephen Curry,-279.6,165.0,False
Stephen Curry,-228.0,319.79999999999995,False
Stephen Curry,46.8,371.4,False
Stephen Curry,104.39999999999999,81.0,False
Stephen Curry,-201.60000000000002,138.60000000000002,True
Stephen Curry,234.0,301.8,True
Stephen Curry,-154.8,345.0,False
Stephen Curry,-46.8,107.39999999999999,True
Stephen Curry,176.39999999999998,352.20000000000005,False
Stephen Curry,70.80000000000001,273.0,False
Stephen Curry,241.20000000000002,271.79999999999995,False
Stephen Curry,-46.8,101.39999999999999,True
Stephen Curry,262.79999999999995,303.0,False
Stephen Curry,30.0,139.8,False
Stephen Curry,284.4,78.6,True
Stephen Curry,48.0,138.60000000000002,False
Stephen Curry,236.4,313.8,True
Stephen Curry,-116.4,381.0,True
Stephen Curry,-32.4,377.4,False
Stephen Curry,-50.400000000000006,91.80000000000001,False
Stephen Curry,223.2,265.79999999999995,False
Stephen Curry,201.60000000000002,291.0,False
Stephen Curry,-50.400000000000006,157.8,False
Stephen Curry,-44.400000000000006,101.39999999999999,False
Stephen Curry,-222.0,310.2,False
Stephen Curry,37.2,82.19999999999999,True
Stephen Curry,34.8,427.8,False
Stephen Curry,-98.39999999999999,377.4,False
Stephen Curry,19.2,396.59999999999997,False
Stephen Curry,-176.39999999999998,342.6,False
Stephen Curry,-39.599999999999994,69.0,True
Stephen Curry,45.6,405.0,False
Stephen Curry,-124.80000000000001,136.2,True
Stephen Curry,60.0,369.0,False
Stephen Curry,-24.0,112.2,False
Stephen Curry,-110.39999999999999,252.60000000000002,False
Stephen Curry,165.6,341.4,False
Stephen Curry,-142.79999999999998,364.20000000000005,True
Stephen Curry,76.8,364.20000000000005,False
Stephen Curry,139.2,349.79999999999995,True
Stephen Curry,-60.0,379.8,True
Stephen Curry,-14.4,105.0,False
Stephen Curry,253.20000000000002,270.6,False
Stephen Curry,-280.8,103.8,False
Stephen Curry,-31.200000000000003,89.4,False
Stephen Curry,270.0,66.6,False
Stephen Curry,207.6,276.6,False
Stephen Curry,151.2,69.0,False
Stephen Curry,-2.4,313.8,False
Stephen Curry,-111.6,258.6,False
Stephen Curry,-196.79999999999998,341.4,True
Stephen Curry,-15.600000000000001,383.4,False
Stephen Curry,-160.8,329.40000000000003,False
Stephen Curry,106.8,360.59999999999997,True
Stephen Curry,-31.200000000000003,75.0,False
Stephen Curry,132.0,263.4,False
Stephen Curry,-4.8,94.2,False
Stephen Curry,-276.0,75.0,True
Stephen Curry,18.0,400.2,False
Stephen Curry,4.8,481.79999999999995,False
Stephen Curry,170.39999999999998,334.2,False
Stephen Curry,-177.60000000000002,322.2,False
Stephen Curry,279.6,52.199999999999996,True
Stephen Curry,-150.0,335.4,False
Stephen Curry,-110.39999999999999,352.20000000000005,True
Stephen Curry,-144.0,339.0,True
Stephen Curry,-160.8,93.0,False
Stephen Curry,188.4,226.2,True
Stephen Curry,30.0,269.4,True
Stephen Curry,145.2,310.2,False
Stephen Curry,-33.599999999999994,66.6,True
Stephen Curry,-44.400000000000006,366.59999999999997,False
Stephen Curry,-43.2,63.0,True
Stephen Curry,-0.0,113.4,True
Stephen Curry,19.2,139.8,True
Stephen Curry,-115.2,341.4,True
Stephen Curry,-44.400000000000006,78.6,True
Stephen Curry,-10.8,93.0,True
Stephen Curry,-79.19999999999999,400.2,False
Stephen Curry,170.39999999999998,172.2,True
Stephen Curry,-58.8,408.5999999999999,False
Stephen Curry,34.8,123.0,False
Stephen Curry,-57.6,107.39999999999999,True
Stephen Curry,39.599999999999994,78.6,False
Stephen Curry,243.6,253.79999999999998,True
Stephen Curry,236.4,283.8,False
Stephen Curry,-20.400000000000002,94.2,False
Stephen Curry,148.8,336.6,False
Stephen Curry,-152.4,375.0,True
Stephen Curry,-132.0,336.6,False
Stephen Curry,57.6,377.4,False
Stephen Curry,-48.0,123.0,True
Stephen Curry,122.39999999999998,137.39999999999998,False
Stephen Curry,-86.4,360.59999999999997,False
Stephen Curry,259.2,285.0,True
Stephen Curry,-39.599999999999994,115.8,True
Stephen Curry,30.0,354.6,False
Stephen Curry,-15.600000000000001,138.60000000000002,False
Stephen Curry,272.4,83.4,False
Stephen Curry,-285.59999999999997,138.60000000000002,True
Stephen Curry,50.400000000000006,114.6,False
Stephen Curry,151.2,169.8,False
Stephen Curry,-208.79999999999998,335.4,False
Stephen Curry,249.60000000000002,336.6,False
Stephen Curry,261.6,245.4,True
Stephen Curry,-14.4,120.60000000000001,False
Stephen Curry,115.2,108.60000000000002,False
Stephen Curry,30.0,282.6,False
Stephen Curry,34.8,409.8,True
Stephen Curry,-48.0,94.2,False
Stephen Curry,148.8,213.0,False
Stephen Curry,256.79999999999995,286.20000000000005,True
Stephen Curry,-48.0,311.4,True
Stephen Curry,106.8,209.39999999999998,False
Stephen Curry,-57.6,148.2,False
Stephen Curry,-266.4,203.39999999999998,False
Stephen Curry,-64.8,89.4,False
Stephen Curry,219.6,173.39999999999998,False
Stephen Curry,-34.8,85.80000000000001,True
Stephen Curry,-164.39999999999998,225.0,False
Stephen Curry,-69.6,114.6,False
Stephen Curry,-97.2,391.8,False
Stephen Curry,-141.60000000000002,333.0,True
Stephen Curry,-13.200000000000003,143.4,False
Stephen Curry,-43.2,397.79999999999995,False
Stephen Curry,37.2,89.4,False
Stephen Curry,236.4,285.0,True
Stephen Curry,-139.2,210.6,False
Stephen Curry,200.39999999999998,145.79999999999998,False
Stephen Curry,262.79999999999995,309.0,True
Stephen Curry,-175.2,328.2,False
Stephen Curry,-60.0,103.8,False
Stephen Curry,-50.400000000000006,384.59999999999997,True
Stephen Curry,-61.19999999999999,95.4,False
Stephen Curry,45.6,289.8,True
Stephen Curry,-1.2,101.39999999999999,True
Stephen Curry,-171.60000000000002,369.0,True
Stephen Curry,196.79999999999998,317.40000000000003,True
Stephen Curry,8.399999999999999,216.6,False
Stephen Curry,-169.2,334.2,False
Stephen Curry,43.2,113.4,True
Stephen Curry,222.0,327.0,True
Stephen Curry,177.60000000000002,370.20000000000005,False
Stephen Curry,279.6,69.0,True
Stephen Curry,-151.2,384.59999999999997,True
Stephen Curry,-151.2,345.0,True
Stephen Curry,69.6,214.20000000000005,False
Stephen Curry,-109.2,259.79999999999995,False
Stephen Curry,-222.0,316.2,False
Stephen Curry,177.60000000000002,321.0,False
Stephen Curry,-38.4,83.4,True
Stephen Curry,-260.4,256.2,False
Stephen Curry,116.4,117.0,True
Stephen Curry,-57.6,107.39999999999999,True
Stephen Curry,135.60000000000002,208.20000000000005,False
Stephen Curry,-254.39999999999998,349.79999999999995,False
Stephen Curry,162.0,192.6,True
Stephen Curry,-124.80000000000001,97.8,True
Stephen Curry,-63.599999999999994,371.4,False
Stephen Curry,-210.0,303.0,True
Stephen Curry,-170.39999999999998,359.4,False
Stephen Curry,-40.800000000000004,112.2,True
Stephen Curry,32.4,95.4,False
Stephen Curry,252.0,247.79999999999995,True
Stephen Curry,207.6,328.2,False
Stephen Curry,79.19999999999999,402.59999999999997,True
Stephen Curry,-109.2,378.6,False
Stephen Curry,-50.400000000000006,95.4,True
Stephen Curry,228.0,316.2,True
Stephen Curry,-169.2,348.6,True
Stephen Curry,-203.99999999999997,304.2,False
Stephen Curry,4.8,93.0,True
Stephen Curry,86.4,417.0,False
Stephen Curry,-273.6,105.0,True
Stephen Curry,-30.0,64.19999999999999,True
Stephen Curry,-93.6,409.8,False
Stephen Curry,115.2,208.20000000000005,False
Stephen Curry,196.79999999999998,321.0,False
Stephen Curry,198.0,306.6,False
Stephen Curry,99.60000000000001,50.99999999999999,False
Stephen Curry,-52.80000000000001,97.8,True
Stephen Curry,207.6,283.8,False
Stephen Curry,273.6,91.80000000000001,True
Stephen Curry,50.400000000000006,366.59999999999997,False
Stephen Curry,84.0,142.2,False
Stephen Curry,-168.0,382.2,False
Stephen Curry,-38.4,93.0,True
Stephen Curry,-39.599999999999994,105.0,True
Stephen Curry,-110.39999999999999,370.20000000000005,False
Stephen Curry,57.6,271.79999999999995,True
Stephen Curry,-80.4,153.0,False
Stephen Curry,278.4,63.0,True
Stephen Curry,174.0,178.2,False
Stephen Curry,-80.4,369.0,False
Stephen Curry,45.6,94.2,True
Stephen Curry,-148.8,363.0,True
Stephen Curry,-12.0,303.0,False
Stephen Curry,-8.399999999999999,402.59999999999997,True
Stephen Curry,-64.8,285.0,True
Stephen Curry,31.200000000000003,78.6,True
Stephen Curry,-51.599999999999994,395.40000000000003,True
Stephen Curry,223.2,347.4,False
Stephen Curry,-280.8,49.800000000000004,True
Stephen Curry,-145.2,355.8,False
Stephen Curry,32.4,423.0,False
Stephen Curry,211.20000000000005,318.6,True
Stephen Curry,254.39999999999998,207.0,False
Stephen Curry,103.19999999999999,371.4,True
Stephen Curry,-260.4,275.4,True
Stephen Curry,-270.0,251.4,True
Stephen Curry,-7.2,211.79999999999998,True
Stephen Curry,-187.2,359.4,False
Stephen Curry,236.4,283.8,True
Stephen Curry,-198.0,315.0,True
Stephen Curry,-56.4,82.19999999999999,True
Stephen Curry,-216.0,300.6,False
Stephen Curry,76.8,390.59999999999997,True
Stephen Curry,-7.2,108.60000000000002,False
Stephen Curry,-128.39999999999998,211.79999999999998,False
Stephen Curry,-54.0,357.0,True
Stephen Curry,-195.6,300.6,False
Stephen Curry,118.8,375.0,False
Stephen Curry,190.8,295.8,False
Stephen Curry,-13.200000000000003,76.2,True
Stephen Curry,-4.8,69.0,True
Stephen Curry,7.2,234.6,False
Stephen Curry,7.2,95.4,False
Stephen Curry,120.0,94.2,False
Stephen Curry,211.20000000000005,285.0,True
Stephen Curry,-170.39999999999998,307.8,False
Stephen Curry,-134.39999999999998,340.20000000000005,True
Stephen Curry,98.39999999999999,366.59999999999997,False
Stephen Curry,97.2,360.59999999999997,False
Stephen Curry,-0.0,77.4,True
Stephen Curry,74.4,366.59999999999997,True
Stephen Curry,-132.0,77.4,True
Stephen Curry,236.4,263.4,False
Stephen Curry,171.60000000000002,335.4,True
Stephen Curry,-2.4,83.4,False
Stephen Curry,-1.2,72.6,True
Stephen Curry,-270.0,197.39999999999998,True
Stephen Curry,-64.8,375.0,False
Stephen Curry,138.0,383.4,False
Stephen Curry,-10.8,83.4,True
Stephen Curry,-183.60000000000002,139.8,True
Stephen Curry,21.6,91.80000000000001,False
Stephen Curry,-45.6,366.59999999999997,False
Stephen Curry,-4.8,75.0,True
Stephen Curry,-160.8,335.4,False
Stephen Curry,-99.60000000000001,363.0,False
Stephen Curry,144.0,334.2,False
Stephen Curry,-84.0,369.0,True
Stephen Curry,-110.39999999999999,205.79999999999998,True
Stephen Curry,-10.8,85.80000000000001,True
Stephen Curry,12.0,82.19999999999999,True
Stephen Curry,-104.39999999999999,351.0,True
Stephen Curry,-91.2,375.0,True
Stephen Curry,69.6,372.59999999999997,True
Stephen Curry,-1.2,66.6,True
Stephen Curry,117.6,347.4,False
Stephen Curry,216.0,282.6,True
Stephen Curry,-284.4,82.19999999999999,False
Stephen Curry,-12.0,205.79999999999998,True
Stephen Curry,46.8,150.6,False
Stephen Curry,242.4,240.6,False
Stephen Curry,-1.2,64.19999999999999,True
Stephen Curry,-110.39999999999999,349.79999999999995,True
Stephen Curry,-171.60000000000002,303.0,True
Stephen Curry,31.200000000000003,376.2,False
Stephen Curry,-152.4,226.2,True
Stephen Curry,242.4,294.59999999999997,False
Stephen Curry,4.8,391.8,False
Stephen Curry,-267.6,183.0,False
Stephen Curry,58.8,87.0,True
Stephen Curry,21.6,377.4,True
Stephen Curry,132.0,371.4,True
Stephen Curry,26.400000000000006,90.6,True
Stephen Curry,54.0,113.4,False
Stephen Curry,-54.0,93.0,False
Stephen Curry,-187.2,53.4,False
Stephen Curry,203.99999999999997,293.4,True
Stephen Curry,-200.39999999999998,329.40000000000003,False
Stephen Curry,13.200000000000003,64.19999999999999,True
Stephen Curry,-39.599999999999994,430.20000000000005,False
Stephen Curry,26.400000000000006,358.20000000000005,False
Stephen Curry,-37.2,81.0,False
Stephen Curry,-50.400000000000006,55.8,True
Stephen Curry,117.6,388.2,True
Stephen Curry,-39.599999999999994,53.4,False
Stephen Curry,34.8,363.0,False
Stephen Curry,-15.600000000000001,55.8,True
Stephen Curry,10.8,61.800000000000004,True
Stephen Curry,-0.0,168.60000000000002,True
Stephen Curry,51.599999999999994,192.6,False
Stephen Curry,288.0,107.39999999999999,False
Stephen Curry,225.6,288.59999999999997,False
Stephen Curry,139.2,345.0,False
Stephen Curry,13.200000000000003,75.0,True
Stephen Curry,76.8,383.4,True
Stephen Curry,-6.0,229.8,False
Stephen Curry,-252.0,232.2,True
Stephen Curry,230.4,257.4,True
Stephen Curry,195.6,304.2,True
Stephen Curry,-7.2,430.20000000000005,True
Stephen Curry,-19.2,387.0,True
Stephen Curry,30.0,402.59999999999997,True
Stephen Curry,64.8,367.8,True
Stephen Curry,93.6,395.40000000000003,False
Stephen Curry,128.39999999999998,263.4,True
Stephen Curry,151.2,360.59999999999997,True
Stephen Curry,26.400000000000006,90.6,True
Stephen Curry,31.200000000000003,83.4,True
Stephen Curry,-14.4,75.0,False
Stephen Curry,122.39999999999998,345.0,False
Stephen Curry,255.60000000000002,239.4,False
Stephen Curry,-280.8,79.8,True
Stephen Curry,162.0,169.8,True
Stephen Curry,-57.6,409.8,False
Stephen Curry,-111.6,343.79999999999995,False
Stephen Curry,181.2,58.2,False
Stephen Curry,6.0,402.59999999999997,True
Stephen Curry,32.4,366.59999999999997,True
Stephen Curry,280.8,88.19999999999999,True
Stephen Curry,147.60000000000002,276.6,False
Stephen Curry,-111.6,364.20000000000005,False
Stephen Curry,226.8,295.8,False
Stephen Curry,280.8,97.8,True
Stephen Curry,-270.0,47.4,False
Stephen Curry,-276.0,53.4,True
Stephen Curry,-39.599999999999994,129.0,False
Stephen Curry,-97.2,246.60000000000002,False
Stephen Curry,-134.39999999999998,354.6,True
Stephen Curry,117.6,351.0,True
Stephen Curry,19.2,55.8,False
Stephen Curry,106.8,352.20000000000005,True
Stephen Curry,-162.0,357.0,False
Stephen Curry,33.599999999999994,83.4,False
Stephen Curry,129.6,357.0,True
Stephen Curry,-276.0,223.79999999999998,True
Stephen Curry,-147.60000000000002,334.2,False
Stephen Curry,-1.2,379.8,False
Stephen Curry,101.99999999999999,370.20000000000005,False
Stephen Curry,32.4,138.60000000000002,True
Stephen Curry,-198.0,403.8,True
Stephen Curry,180.0,327.0,False
Stephen Curry,15.600000000000001,400.2,False
Stephen Curry,201.60000000000002,400.2,False
Stephen Curry,139.2,352.20000000000005,False
Stephen Curry,116.4,359.4,True
Stephen Curry,-37.2,87.0,True
Stephen Curry,-26.400000000000006,78.6,False
Stephen Curry,284.4,163.8,False
Stephen Curry,-101.99999999999999,346.20000000000005,True
Stephen Curry,40.800000000000004,372.59999999999997,False
Stephen Curry,-67.19999999999999,286.20000000000005,True
Stephen Curry,165.6,304.2,False
Stephen Curry,10.8,365.4,False
Stephen Curry,-225.6,268.20000000000005,True
Stephen Curry,130.8,378.6,True
Stephen Curry,-168.0,426.5999999999999,True
Stephen Curry,-188.4,369.0,True
Stephen Curry,216.0,279.0,False
Stephen Curry,-276.0,202.20000000000002,True
Stephen Curry,10.8,389.40000000000003,True
Stephen Curry,73.2,156.6,False
Stephen Curry,1.2,117.0,True
Stephen Curry,31.200000000000003,89.4,False
Stephen Curry,-123.60000000000001,371.4,False
Stephen Curry,-256.79999999999995,547.8,False
Stephen Curry,198.0,313.8,True
Stephen Curry,50.400000000000006,89.4,True
Stephen Curry,-56.4,414.5999999999999,False
Stephen Curry,32.4,163.8,False
Stephen Curry,286.8,149.4,True
Stephen Curry,-105.60000000000002,162.6,True
Stephen Curry,230.4,294.59999999999997,False
Stephen Curry,-63.599999999999994,384.59999999999997,True
Stephen Curry,-105.60000000000002,382.2,False
Stephen Curry,206.39999999999998,324.6,False
Stephen Curry,203.99999999999997,346.20000000000005,True
Stephen Curry,-241.20000000000002,257.4,False
Stephen Curry,228.0,315.0,True
Stephen Curry,-0.0,202.20000000000002,True
Stephen Curry,203.99999999999997,342.6,False
Stephen Curry,-139.2,353.4,True
Stephen Curry,-235.2,282.6,False
Stephen Curry,226.8,292.20000000000005,True
Stephen Curry,70.80000000000001,89.4,False
Stephen Curry,122.39999999999998,238.20000000000002,False
Stephen Curry,254.39999999999998,286.20000000000005,False
Stephen Curry,6.0,154.2,True
Stephen Curry,-33.599999999999994,95.4,False
Stephen Curry,-208.79999999999998,310.2,True
Stephen Curry,-19.2,90.6,True
Stephen Curry,-270.0,238.20000000000002,True
Stephen Curry,44.400000000000006,360.59999999999997,True
Stephen Curry,232.8,286.20000000000005,True
Stephen Curry,-40.800000000000004,103.8,False
Stephen Curry,175.2,195.0,True
Stephen Curry,-219.6,335.4,False
Stephen Curry,78.0,153.0,True
Stephen Curry,93.6,415.8,True
Stephen Curry,37.2,429.0,False
Stephen Curry,27.599999999999998,165.0,True
Stephen Curry,-156.0,378.6,True
Stephen Curry,-57.6,82.19999999999999,True
Stephen Curry,-196.79999999999998,363.0,False
Stephen Curry,-56.4,76.2,True
Stephen Curry,-174.0,189.0,False
Stephen Curry,-262.79999999999995,282.6,False
Stephen Curry,50.400000000000006,58.2,True
Stephen Curry,-4.8,129.0,False
Stephen Curry,-170.39999999999998,351.0,True
Stephen Curry,109.2,130.2,False
Stephen Curry,-6.0,395.40000000000003,False
Stephen Curry,-184.79999999999998,351.0,False
Stephen Curry,69.6,385.8,False
Stephen Curry,-124.80000000000001,97.8,False
Stephen Curry,144.0,353.4,False
Stephen Curry,-37.2,89.4,True
Stephen Curry,106.8,358.20000000000005,False
Stephen Curry,-259.2,262.20000000000005,False
Stephen Curry,-273.6,99.0,False
Stephen Curry,128.39999999999998,126.60000000000001,True
Stephen Curry,-31.200000000000003,371.4,True
Stephen Curry,163.20000000000002,66.6,False
Stephen Curry,-278.4,114.6,False
Stephen Curry,171.60000000000002,367.8,False
Stephen Curry,-158.39999999999998,353.4,True
Stephen Curry,101.99999999999999,449.40000000000003,False
Stephen Curry,203.99999999999997,396.59999999999997,True
Stephen Curry,-109.2,381.0,False
Stephen Curry,123.60000000000001,286.20000000000005,False
Stephen Curry,-40.800000000000004,95.4,True
Stephen Curry,220.79999999999998,348.6,False
Stephen Curry,-20.400000000000002,441.00000000000006,False
Stephen Curry,259.2,294.59999999999997,False
Stephen Curry,-202.79999999999998,298.2,False
Stephen Curry,141.60000000000002,375.0,False
Stephen Curry,48.0,124.2,False
Stephen Curry,37.2,70.2,True
Stephen Curry,38.4,366.59999999999997,False
Stephen Curry,15.600000000000001,81.0,False
Stephen Curry,-33.599999999999994,89.4,True
Stephen Curry,10.8,136.2,True
Stephen Curry,129.6,334.2,False
Stephen Curry,274.79999999999995,69.0,True
Stephen Curry,-120.0,149.4,False
Stephen Curry,-7.2,124.2,True
Stephen Curry,-225.6,322.2,False
Stephen Curry,-266.4,268.20000000000005,False
Stephen Curry,-247.20000000000002,264.6,False
Stephen Curry,1.2,313.8,False
Stephen Curry,254.39999999999998,246.60000000000002,False
Stephen Curry,-93.6,347.4,False
Stephen Curry,202.79999999999998,359.4,False
Stephen Curry,-282.0,257.4,False
Stephen Curry,-171.60000000000002,411.0,False
Stephen Curry,-249.60000000000002,220.20000000000005,True
Stephen Curry,-101.99999999999999,382.2,False
Stephen Curry,-238.8,337.79999999999995,True
Stephen Curry,-85.19999999999999,171.0,False
Stephen Curry,286.8,55.8,False
Stephen Curry,52.80000000000001,421.8,False
Stephen Curry,176.39999999999998,345.0,False
Stephen Curry,54.0,169.8,True
Stephen Curry,150.0,363.0,False
Stephen Curry,48.0,103.8,True
Stephen Curry,110.39999999999999,417.0,True
Stephen Curry,-97.2,409.8,False
Stephen Curry,-18.0,395.40000000000003,True
Stephen Curry,33.599999999999994,75.0,False
Stephen Curry,-120.0,341.4,True
Stephen Curry,4.8,50.99999999999999,False
Stephen Curry,-260.4,210.6,True
Stephen Curry,189.6,317.40000000000003,True
Stephen Curry,141.60000000000002,345.0,False
Stephen Curry,128.39999999999998,391.8,False
Stephen Curry,12.0,131.39999999999998,True
Stephen Curry,-27.599999999999998,65.4,False
Stephen Curry,4.8,137.39999999999998,True
Stephen Curry,118.8,279.0,False
Stephen Curry,105.60000000000002,348.6,False
Stephen Curry,163.20000000000002,313.8,True
Stephen Curry,-193.20000000000002,343.79999999999995,False
Stephen Curry,-14.4,64.19999999999999,True
Stephen Curry,176.39999999999998,299.4,False
Stephen Curry,-238.8,264.6,False
Stephen Curry,8.399999999999999,70.2,False
Stephen Curry,169.2,315.0,True
Stephen Curry,-270.0,81.0,False
Stephen Curry,249.60000000000002,281.4,True
Stephen Curry,-188.4,301.8,False
Stephen Curry,-2.4,87.0,False
Stephen Curry,164.39999999999998,313.8,False
Stephen Curry,267.6,148.2,False
Stephen Curry,-284.4,99.0,True
Stephen Curry,-230.4,252.60000000000002,True
Stephen Curry,-266.4,191.4,False
Stephen Curry,-236.4,267.0,True
Stephen Curry,-57.6,193.79999999999998,False
Stephen Curry,157.2,355.8,True
Stephen Curry,34.8,391.8,True
Stephen Curry,151.2,340.20000000000005,False
Stephen Curry,-79.19999999999999,370.20000000000005,True
Stephen Curry,34.8,190.2,False
Stephen Curry,-12.0,64.19999999999999,True
Stephen Curry,-10.8,249.0,False
Stephen Curry,76.8,379.8,True
Stephen Curry,-19.2,142.2,False
Stephen Curry,48.0,157.8,False
Stephen Curry,234.0,259.79999999999995,True
Stephen Curry,-54.0,364.20000000000005,True
Stephen Curry,-120.0,351.0,False
Stephen Curry,-255.60000000000002,225.0,False
Stephen Curry,-51.599999999999994,369.0,False
Stephen Curry,91.2,354.6,False
Stephen Curry,-2.4,64.19999999999999,True
Stephen Curry,214.79999999999998,274.20000000000005,False
Stephen Curry,141.60000000000002,359.4,False
Stephen Curry,-98.39999999999999,413.40000000000003,False
Stephen Curry,-18.0,265.79999999999995,False
Stephen Curry,141.60000000000002,367.8,False
Stephen Curry,-267.6,151.8,False
Stephen Curry,80.4,197.39999999999998,True
Stephen Curry,273.6,241.79999999999995,False
Stephen Curry,207.6,298.2,False
Stephen Curry,-0.0,87.0,True
Stephen Curry,67.19999999999999,133.8,False
Stephen Curry,39.599999999999994,427.8,False
Stephen Curry,267.6,227.4,False
Stephen Curry,-182.4,321.0,False
Stephen Curry,226.8,280.20000000000005,False
Stephen Curry,43.2,87.0,True
Stephen Curry,148.8,360.59999999999997,True
Stephen Curry,-69.6,270.6,True
Stephen Curry,211.20000000000005,385.8,True
Stephen Curry,-57.6,387.0,False
Stephen Curry,158.39999999999998,241.79999999999995,False
Stephen Curry,265.20000000000005,232.2,False
Stephen Curry,2.4,133.8,False
Stephen Curry,46.8,97.8,True
Stephen Curry,-170.39999999999998,336.6,True
Stephen Curry,-174.0,220.20000000000005,False
Stephen Curry,-288.0,112.2,False
Stephen Curry,196.79999999999998,316.2,True
Stephen Curry,-266.4,232.2,False
Stephen Curry,-201.60000000000002,193.79999999999998,True
Stephen Curry,-43.2,114.6,False
Stephen Curry,-142.79999999999998,377.4,True
Stephen Curry,104.39999999999999,354.6,True
Stephen Curry,147.60000000000002,322.2,False
Stephen Curry,-76.8,107.39999999999999,False
Stephen Curry,-249.60000000000002,295.8,False
Stephen Curry,147.60000000000002,384.59999999999997,True
Stephen Curry,-188.4,324.6,False
Stephen Curry,-162.0,45.0,False
Stephen Curry,225.6,262.20000000000005,False
Stephen Curry,-33.599999999999994,87.0,True
Stephen Curry,260.4,342.6,True
Stephen Curry,-211.20000000000005,291.0,True
Stephen Curry,187.2,361.8,False
Stephen Curry,223.2,305.4,False
Stephen Curry,-34.8,88.19999999999999,True
Stephen Curry,-217.20000000000005,348.6,False
Stephen Curry,-78.0,379.8,False
Stephen Curry,-39.599999999999994,82.19999999999999,False
Stephen Curry,-10.8,210.6,False
Stephen Curry,242.4,279.0,False
Stephen Curry,282.0,105.0,False
Stephen Curry,-33.599999999999994,243.0,False
Stephen Curry,80.4,203.39999999999998,False
Stephen Curry,-0.0,63.0,True
Stephen Curry,-230.4,265.79999999999995,True
Stephen Curry,-24.0,72.6,True
Stephen Curry,-51.599999999999994,57.0,True
Stephen Curry,-141.60000000000002,238.20000000000002,False
Stephen Curry,8.399999999999999,78.6,True
Stephen Curry,-139.2,335.4,False
Stephen Curry,-70.80000000000001,162.6,False
Stephen Curry,-219.6,261.0,False
Stephen Curry,-202.79999999999998,297.0,False
Stephen Curry,31.200000000000003,75.0,True
Stephen Curry,-48.0,138.60000000000002,True
Stephen Curry,180.0,347.4,True
Stephen Curry,229.2,280.20000000000005,True
Stephen Curry,21.6,67.80000000000001,True
Stephen Curry,-163.20000000000002,323.40000000000003,False
Stephen Curry,-148.8,316.2,False
Stephen Curry,-8.399999999999999,69.0,True
Stephen Curry,-38.4,72.6,False
Stephen Curry,-13.200000000000003,71.39999999999999,True
Stephen Curry,-163.20000000000002,330.6,False
Stephen Curry,110.39999999999999,417.0,False
Stephen Curry,-58.8,267.0,False
Stephen Curry,211.20000000000005,328.2,False
Stephen Curry,109.2,121.8,False
Stephen Curry,1.2,400.2,True
Stephen Curry,148.8,345.0,False
Stephen Curry,44.400000000000006,389.40000000000003,False
Stephen Curry,-37.2,70.2,True
Stephen Curry,-272.4,147.0,True
Stephen Curry,-2.4,115.8,True
Stephen Curry,-27.599999999999998,203.39999999999998,True
Stephen Curry,-164.39999999999998,371.4,True
Stephen Curry,-266.4,250.20000000000002,False
Stephen Curry,45.6,82.19999999999999,True
Stephen Curry,-21.6,129.0,False
Stephen Curry,-240.0,321.0,False
Stephen Curry,241.20000000000002,252.60000000000002,False
Stephen Curry,-124.80000000000001,378.6,False
Stephen Curry,-151.2,445.79999999999995,False
Stephen Curry,-15.600000000000001,379.8,True
Stephen Curry,168.0,319.79999999999995,True
Stephen Curry,-280.8,79.8,True
Stephen Curry,-18.0,157.8,True
Stephen Curry,223.2,324.6,False
Stephen Curry,-14.4,120.60000000000001,False
Stephen Curry,-20.400000000000002,370.20000000000005,False
Stephen Curry,270.0,76.2,False
Stephen Curry,-184.79999999999998,317.40000000000003,True
Stephen Curry,285.59999999999997,82.19999999999999,True
Stephen Curry,46.8,88.19999999999999,True
Stephen Curry,-273.6,85.80000000000001,True
Stephen Curry,99.60000000000001,369.0,False
Stephen Curry,-54.0,88.19999999999999,True
Stephen Curry,-284.4,83.4,True
Stephen Curry,-210.0,382.2,True
Stephen Curry,266.4,87.0,False
Stephen Curry,45.6,76.2,True
Stephen Curry,97.2,365.4,False
Stephen Curry,6.0,119.4,False
Stephen Curry,-208.79999999999998,271.79999999999995,True
Stephen Curry,-30.0,107.39999999999999,False
Stephen Curry,-123.60000000000001,353.4,False
Stephen Curry,234.0,294.59999999999997,False
Stephen Curry,-164.39999999999998,342.6,False
Stephen Curry,285.59999999999997,88.19999999999999,True
Stephen Curry,194.4,383.4,False
Stephen Curry,229.2,377.4,False
Stephen Curry,-214.79999999999998,285.0,True
Stephen Curry,-12.0,94.2,False
Stephen Curry,-190.8,342.6,False
Stephen Curry,232.8,299.4,False
Stephen Curry,249.60000000000002,263.4,False
Stephen Curry,-194.4,372.59999999999997,False
Stephen Curry,151.2,322.2,False
Stephen Curry,-256.79999999999995,237.0,True
Stephen Curry,-101.99999999999999,137.39999999999998,False
Stephen Curry,30.0,378.6,True
Stephen Curry,-164.39999999999998,37.8,False
Stephen Curry,6.0,321.0,True
Stephen Curry,-128.39999999999998,240.6,True
Stephen Curry,-26.400000000000006,100.19999999999999,False
Stephen Curry,-222.0,197.39999999999998,False
Stephen Curry,-88.80000000000001,354.6,False
Stephen Curry,-10.8,94.2,True
Stephen Curry,-60.0,379.8,True
Stephen Curry,134.39999999999998,349.79999999999995,True
Stephen Curry,-1.2,84.6,False
Stephen Curry,-69.6,378.6,False
Stephen Curry,-27.599999999999998,150.6,False
Stephen Curry,60.0,409.8,False
Stephen Curry,-112.8,361.8,True
Stephen Curry,-241.20000000000002,234.6,False
Stephen Curry,-2.4,87.0,True
Stephen Curry,190.8,447.00000000000006,False
Stephen Curry,136.8,340.20000000000005,True
Stephen Curry,-60.0,396.59999999999997,False
Stephen Curry,-150.0,63.0,True
Stephen Curry,220.79999999999998,285.0,False
Stephen Curry,6.0,83.4,True
Stephen Curry,-266.4,252.60000000000002,False
Stephen Curry,7.2,464.99999999999994,True
Stephen Curry,-164.39999999999998,310.2,False
Stephen Curry,-240.0,264.6,False
Stephen Curry,189.6,307.8,False
Stephen Curry,214.79999999999998,209.39999999999998,True
Stephen Curry,34.8,379.8,False
Stephen Curry,-20.400000000000002,82.19999999999999,True
Stephen Curry,-248.4,221.4,True
Stephen Curry,-19.2,70.2,False
Stephen Curry,-38.4,295.8,False
Stephen Curry,126.0,354.6,False
Stephen Curry,148.8,209.39999999999998,False
Stephen Curry,122.39999999999998,149.4,True
Stephen Curry,-30.0,203.39999999999998,True
Stephen Curry,-156.0,382.2,False
Stephen Curry,-32.4,100.19999999999999,False
Stephen Curry,111.6,310.2,False
Stephen Curry,-99.60000000000001,397.79999999999995,False
Stephen Curry,-116.4,354.6,True
Stephen Curry,-220.79999999999998,288.59999999999997,False
Stephen Curry,273.6,106.19999999999999,True
Stephen Curry,15.600000000000001,148.2,False
Stephen Curry,-10.8,261.0,False
Stephen Curry,279.6,119.4,False
Stephen Curry,-15.600000000000001,100.19999999999999,False
Stephen Curry,-30.0,83.4,True
Stephen Curry,117.6,355.8,True
Stephen Curry,273.6,148.2,True
Stephen Curry,230.4,330.6,False
Stephen Curry,-20.400000000000002,76.2,True
Stephen Curry,-46.8,115.8,False
Stephen Curry,-164.39999999999998,358.20000000000005,False
Stephen Curry,-64.8,402.59999999999997,False
Stephen Curry,-106.8,367.8,True
Stephen Curry,-15.600000000000001,73.80000000000001,True
Stephen Curry,-226.8,309.0,True
Stephen Curry,-18.0,364.20000000000005,False
Stephen Curry,190.8,313.8,False
Stephen Curry,7.2,150.6,True
Stephen Curry,73.2,82.19999999999999,True
Stephen Curry,-20.400000000000002,66.6,True
Stephen Curry,139.2,369.0,True
Stephen Curry,14.4,253.79999999999998,False
Stephen Curry,-111.6,407.40000000000003,False
Stephen Curry,-24.0,394.2,False
Stephen Curry,-34.8,83.4,False
Stephen Curry,139.2,201.0,False
Stephen Curry,200.39999999999998,319.79999999999995,True
Stephen Curry,33.599999999999994,221.4,True
Stephen Curry,-238.8,282.6,True
Stephen Curry,232.8,126.60000000000001,True
Stephen Curry,-136.8,361.8,False
Stephen Curry,-110.39999999999999,400.2,False
Stephen Curry,20.400000000000002,82.19999999999999,True
Stephen Curry,-220.79999999999998,293.4,True
Stephen Curry,-78.0,370.20000000000005,True
Stephen Curry,-200.39999999999998,329.40000000000003,True
Stephen Curry,195.6,327.0,False
Stephen Curry,156.0,352.20000000000005,False
Stephen Curry,-157.2,349.79999999999995,False
Stephen Curry,230.4,293.4,True
Stephen Curry,-18.0,91.80000000000001,True
Stephen Curry,-211.20000000000005,322.2,False
Stephen Curry,31.200000000000003,250.20000000000002,True
Stephen Curry,135.60000000000002,351.0,True
Stephen Curry,-139.2,397.79999999999995,False
Stephen Curry,274.79999999999995,69.0,False
Stephen Curry,163.20000000000002,173.39999999999998,False
Stephen Curry,-21.6,82.19999999999999,False
Stephen Curry,-38.4,118.2,False
Stephen Curry,72.0,370.20000000000005,False
Stephen Curry,110.39999999999999,370.20000000000005,True
Stephen Curry,169.2,313.8,True
Stephen Curry,195.6,307.8,False
Stephen Curry,7.2,93.0,False
Stephen Curry,279.6,169.8,True
Stephen Curry,-242.4,226.2,False
Stephen Curry,44.400000000000006,148.2,False
Stephen Curry,-105.60000000000002,148.2,True
Stephen Curry,15.600000000000001,76.2,False
Stephen Curry,-1.2,442.20000000000005,False
Stephen Curry,10.8,94.2,True
Stephen Curry,168.0,341.4,True
Stephen Curry,-183.60000000000002,364.20000000000005,False
Stephen Curry,106.8,366.59999999999997,False
Stephen Curry,-240.0,297.0,False
Stephen Curry,-66.0,99.0,True
Stephen Curry,-252.0,237.0,False
Stephen Curry,-61.19999999999999,402.59999999999997,True
Stephen Curry,103.19999999999999,364.20000000000005,False
Stephen Curry,201.60000000000002,93.0,True
Stephen Curry,260.4,228.6,True
Stephen Curry,32.4,118.2,True
Stephen Curry,-39.599999999999994,89.4,False
Stephen Curry,-34.8,84.6,True
Stephen Curry,31.200000000000003,420.5999999999999,False
Stephen Curry,-18.0,145.79999999999998,True
Stephen Curry,-69.6,384.59999999999997,True
Stephen Curry,228.0,340.20000000000005,False
Stephen Curry,12.0,82.19999999999999,True
Stephen Curry,-26.400000000000006,76.2,True
Stephen Curry,150.0,357.0,False
Stephen Curry,-37.2,79.8,True
Stephen Curry,-21.6,429.0,False
Stephen Curry,-19.2,70.2,True
Stephen Curry,-30.0,226.2,True
Stephen Curry,-120.0,237.0,False
Stephen Curry,188.4,322.2,True
Stephen Curry,157.2,347.4,True
Stephen Curry,165.6,339.0,True
Stephen Curry,120.0,379.8,True
Stephen Curry,54.0,355.8,True
Stephen Curry,10.8,71.39999999999999,False
Stephen Curry,-129.6,354.6,True
Stephen Curry,232.8,336.6,False
Stephen Curry,19.2,391.8,True
Stephen Curry,-253.20000000000002,213.0,False
Stephen Curry,-40.800000000000004,96.60000000000001,False
Stephen Curry,14.4,208.20000000000005,False
Stephen Curry,289.20000000000005,151.8,False
Stephen Curry,-165.6,321.0,False
Stephen Curry,33.599999999999994,115.8,True
Stephen Curry,-57.6,370.20000000000005,True
Stephen Curry,-91.2,370.20000000000005,False
Stephen Curry,-272.4,87.0,False
Stephen Curry,-163.20000000000002,327.0,True
Stephen Curry,-252.0,243.0,False
Stephen Curry,-37.2,214.20000000000005,True
Stephen Curry,-188.4,340.20000000000005,False
Stephen Curry,152.4,335.4,False
Stephen Curry,-228.0,353.4,False
Stephen Curry,15.600000000000001,274.20000000000005,False
Stephen Curry,169.2,325.79999999999995,True
Stephen Curry,-19.2,271.79999999999995,True
Stephen Curry,-91.2,359.4,False
Stephen Curry,-208.79999999999998,310.2,True
Stephen Curry,135.60000000000002,130.2,False
Stephen Curry,-266.4,249.0,True
Stephen Curry,-97.2,281.4,True
Stephen Curry,-259.2,265.79999999999995,False
Stephen Curry,-14.4,114.6,False
Stephen Curry,-43.2,196.20000000000002,False
Stephen Curry,-106.8,358.20000000000005,True
Stephen Curry,-31.200000000000003,87.0,True
Stephen Curry,-45.6,400.2,True
Stephen Curry,-37.2,95.4,True
Stephen Curry,207.6,309.0,False
Stephen Curry,-214.79999999999998,286.20000000000005,False
Stephen Curry,52.80000000000001,97.8,False
Stephen Curry,-112.8,137.39999999999998,False
Stephen Curry,-189.6,329.40000000000003,False
Stephen Curry,238.8,277.79999999999995,True
Stephen Curry,-170.39999999999998,329.40000000000003,True
Stephen Curry,-26.400000000000006,87.0,True
Stephen Curry,236.4,253.79999999999998,True
Stephen Curry,-26.400000000000006,93.0,True
Stephen Curry,234.0,298.2,True
Stephen Curry,46.8,385.8,False
Stephen Curry,273.6,181.79999999999998,False
Stephen Curry,30.0,187.8,False
Stephen Curry,-85.19999999999999,359.4,False
Stephen Curry,118.8,391.8,False
Stephen Curry,-207.6,327.0,True
Stephen Curry,247.20000000000002,279.0,False
Stephen Curry,170.39999999999998,238.20000000000002,False
Stephen Curry,10.8,417.0,False
Stephen Curry,-190.8,329.40000000000003,False
Stephen Curry,142.79999999999998,321.0,True
Stephen Curry,84.0,252.60000000000002,True
Stephen Curry,85.19999999999999,345.0,True
Stephen Curry,-98.39999999999999,370.20000000000005,True
Stephen Curry,50.400000000000006,89.4,True
Stephen Curry,-207.6,366.59999999999997,False
Stephen Curry,278.4,119.4,False
Stephen Curry,48.0,94.2,True
Stephen Curry,216.0,282.6,False
Stephen Curry,-220.79999999999998,319.79999999999995,True
Stephen Curry,175.2,313.8,True
Stephen Curry,-202.79999999999998,312.6,False
Stephen Curry,85.19999999999999,360.59999999999997,False
Stephen Curry,-278.4,184.2,False
Stephen Curry,103.19999999999999,365.4,True
Stephen Curry,-126.0,364.20000000000005,False
Stephen Curry,-20.400000000000002,81.0,False
Stephen Curry,110.39999999999999,159.0,False
Stephen Curry,-203.99999999999997,294.59999999999997,True
Stephen Curry,-21.6,87.0,False
Stephen Curry,103.19999999999999,209.39999999999998,False
Stephen Curry,-27.599999999999998,82.19999999999999,True
Stephen Curry,-109.2,383.4,False
Stephen Curry,18.0,118.2,True
Stephen Curry,20.400000000000002,78.6,True
Stephen Curry,-154.8,354.6,True
Stephen Curry,4.8,411.0,False
Stephen Curry,-1.2,415.8,True
Stephen Curry,-84.0,233.4,True
Stephen Curry,-270.0,151.8,True
Stephen Curry,238.8,53.4,True
Stephen Curry,-97.2,286.20000000000005,True
Stephen Curry,4.8,634.2,False
Stephen Curry,-31.200000000000003,81.0,True
Stephen Curry,-7.2,77.4,True
Stephen Curry,205.20000000000002,312.6,True
Stephen Curry,-18.0,129.0,False
Stephen Curry,2.4,63.0,True
Stephen Curry,192.0,168.60000000000002,False
Stephen Curry,-136.8,348.6,True
Stephen Curry,-163.20000000000002,333.0,False
Stephen Curry,-192.0,309.0,True
Stephen Curry,-73.2,300.6,True
Stephen Curry,231.6,192.6,False
Stephen Curry,-57.6,99.0,True
Stephen Curry,-25.200000000000003,55.8,True
Stephen Curry,19.2,67.80000000000001,True
Stephen Curry,267.6,120.60000000000001,False
Stephen Curry,153.6,267.0,False
Stephen Curry,-145.2,198.6,True
Stephen Curry,-208.79999999999998,125.39999999999998,True
Stephen Curry,-283.20000000000005,59.4,True
Stephen Curry,159.6,312.6,True
Stephen Curry,-237.6,71.39999999999999,True
Stephen Curry,-240.0,322.2,True
Stephen Curry,-194.4,66.6,False
Stephen Curry,-87.6,215.39999999999998,True
Stephen Curry,97.2,361.8,False
Stephen Curry,117.6,273.0,False
Stephen Curry,116.4,263.4,True
Stephen Curry,-205.20000000000002,283.8,False
Stephen Curry,117.6,129.0,False
Stephen Curry,9.6,49.800000000000004,True
Stephen Curry,8.399999999999999,67.80000000000001,True
Stephen Curry,-175.2,312.6,True
Stephen Curry,210.0,297.0,False
Stephen Curry,-277.20000000000005,85.80000000000001,True
Stephen Curry,-40.800000000000004,312.6,True
Stephen Curry,-186.0,214.20000000000005,True
Stephen Curry,103.19999999999999,221.4,True
Stephen Curry,-1.2,85.80000000000001,True
Stephen Curry,-4.8,119.4,True
Stephen Curry,-38.4,388.2,False
Stephen Curry,-156.0,217.79999999999998,False
Stephen Curry,-15.600000000000001,76.2,True
Stephen Curry,-122.39999999999998,367.8,True
Stephen Curry,114.0,353.4,False
Stephen Curry,-120.0,255.00000000000003,False
Stephen Curry,10.8,83.4,False
Stephen Curry,-57.6,107.39999999999999,False
Stephen Curry,163.20000000000002,202.20000000000002,False
Stephen Curry,-24.0,166.2,True
Stephen Curry,-277.20000000000005,228.6,True
Stephen Curry,-256.79999999999995,99.0,True
Stephen Curry,-43.2,299.4,False
Stephen Curry,-12.0,87.0,True
Stephen Curry,-28.8,293.4,True
Stephen Curry,210.0,283.8,False
Stephen Curry,-212.39999999999998,319.79999999999995,False
Stephen Curry,-15.600000000000001,129.0,False
Stephen Curry,28.8,257.4,False
Stephen Curry,150.0,225.0,False
Stephen Curry,-15.600000000000001,77.4,False
Stephen Curry,6.0,263.4,False
Stephen Curry,-15.600000000000001,318.6,True
Stephen Curry,-90.0,70.2,True
Stephen Curry,192.0,333.0,False
Stephen Curry,142.79999999999998,225.0,False
Stephen Curry,120.0,283.8,True
Stephen Curry,235.2,250.20000000000002,False
Stephen Curry,-154.8,310.2,True
Stephen Curry,13.200000000000003,60.6,True
Stephen Curry,222.0,166.2,False
Stephen Curry,-12.0,64.19999999999999,True
Stephen Curry,-224.4,85.80000000000001,False
Stephen Curry,-38.4,70.2,False
Stephen Curry,123.60000000000001,259.79999999999995,True
Stephen Curry,-133.2,329.40000000000003,True
Stephen Curry,-234.0,59.4,True
Stephen Curry,-106.8,143.4,False
Stephen Curry,-0.0,223.79999999999998,False
Stephen Curry,74.4,223.79999999999998,False
Stephen Curry,-163.20000000000002,286.20000000000005,False
Stephen Curry,274.79999999999995,102.60000000000001,True
Stephen Curry,235.2,64.19999999999999,False
Stephen Curry,133.2,346.20000000000005,True
Stephen Curry,216.0,273.0,False
Stephen Curry,31.200000000000003,81.0,False
Stephen Curry,8.399999999999999,89.4,False
Stephen Curry,147.60000000000002,234.6,True
Stephen Curry,-8.399999999999999,149.4,False
Stephen Curry,-99.60000000000001,352.20000000000005,False
Stephen Curry,-120.0,240.6,True
Stephen Curry,-135.60000000000002,333.0,False
Stephen Curry,19.2,59.4,False
Stephen Curry,22.8,64.19999999999999,False
Stephen Curry,-205.20000000000002,306.6,False
Stephen Curry,-24.0,66.6,True
Stephen Curry,-126.0,90.6,False
Stephen Curry,-283.20000000000005,79.8,False
Stephen Curry,189.6,300.6,False
Stephen Curry,-203.99999999999997,291.0,True
Stephen Curry,-168.0,263.4,False
Stephen Curry,-86.4,172.2,False
Stephen Curry,31.200000000000003,73.80000000000001,False
Stephen Curry,278.4,77.4,False
Stephen Curry,-56.4,90.6,False
Stephen Curry,25.200000000000003,63.0,False
Stephen Curry,-123.60000000000001,323.40000000000003,False
Stephen Curry,-195.6,287.4,False
Stephen Curry,267.6,89.4,True
Stephen Curry,268.79999999999995,70.2,True
Stephen Curry,-0.0,87.0,False
Stephen Curry,-190.8,60.6,False
Stephen Curry,-190.8,109.8,False
Stephen Curry,67.19999999999999,331.79999999999995,True
Stephen Curry,-20.400000000000002,60.6,True
Stephen Curry,19.2,71.39999999999999,True
Stephen Curry,-15.600000000000001,49.800000000000004,True
Stephen Curry,-18.0,299.4,False
Stephen Curry,-190.8,283.8,True
Stephen Curry,-270.0,90.6,True
Stephen Curry,-38.4,71.39999999999999,False
Stephen Curry,-136.8,331.79999999999995,False
Stephen Curry,-105.60000000000002,63.0,True
Stephen Curry,78.0,130.2,False
Stephen Curry,2.4,60.6,True
Stephen Curry,202.79999999999998,71.39999999999999,True
Stephen Curry,273.6,117.0,True
Stephen Curry,-34.8,120.60000000000001,True
Stephen Curry,1.2,61.800000000000004,False
Stephen Curry,-201.60000000000002,83.4,False
Stephen Curry,80.4,365.4,False
Stephen Curry,-82.8,208.20000000000005,False
Stephen Curry,274.79999999999995,117.0,False
Stephen Curry,-186.0,208.20000000000005,True
Stephen Curry,21.6,246.60000000000002,False
Stephen Curry,44.400000000000006,205.79999999999998,False
Stephen Curry,206.39999999999998,81.0,True
Stephen Curry,219.6,286.20000000000005,False
Stephen Curry,271.20000000000005,70.2,True
Stephen Curry,273.6,63.0,False
Stephen Curry,-162.0,244.20000000000002,False
Stephen Curry,-60.0,361.8,False
Stephen Curry,-14.4,246.60000000000002,True
Stephen Curry,-292.8,63.0,True
Stephen Curry,4.8,117.0,False
Stephen Curry,-15.600000000000001,83.4,False
Stephen Curry,271.20000000000005,50.99999999999999,True
Stephen Curry,74.4,96.60000000000001,False
Stephen Curry,205.20000000000002,299.4,True
Stephen Curry,-0.0,70.2,True
Stephen Curry,-283.20000000000005,70.2,True
Stephen Curry,-12.0,210.6,True
Stephen Curry,274.79999999999995,192.6,True
Stephen Curry,-27.599999999999998,77.4,True
Stephen Curry,-237.6,169.8,False
Stephen Curry,74.4,96.60000000000001,True
Stephen Curry,110.39999999999999,267.0,False
Stephen Curry,19.2,363.0,True
Stephen Curry,-10.8,120.60000000000001,False
Stephen Curry,74.4,353.4,False
Stephen Curry,28.8,83.4,False
Stephen Curry,-7.2,172.2,False
Stephen Curry,19.2,76.2,True
Stephen Curry,172.8,174.60000000000002,False
Stephen Curry,-186.0,63.0,True
Stephen Curry,94.8,66.6,False
Stephen Curry,-31.200000000000003,70.2,False
Stephen Curry,-37.2,251.4,True
Stephen Curry,201.60000000000002,270.6,False
Stephen Curry,-15.600000000000001,286.20000000000005,True
Stephen Curry,182.4,304.2,True
Stephen Curry,-16.799999999999997,66.6,False
Stephen Curry,123.60000000000001,96.60000000000001,False
Stephen Curry,-4.8,310.2,False
Stephen Curry,104.39999999999999,289.8,True
Stephen Curry,8.399999999999999,64.19999999999999,False
Stephen Curry,58.8,312.6,False
Stephen Curry,-50.400000000000006,83.4,False
Stephen Curry,268.79999999999995,181.79999999999998,True
Stephen Curry,68.4,316.2,True
Stephen Curry,-93.6,263.4,True
Stephen Curry,-38.4,287.4,False
Stephen Curry,134.39999999999998,90.6,False
Stephen Curry,-57.6,353.4,False
Stephen Curry,152.4,316.2,False
Stephen Curry,250.79999999999995,87.0,False
Stephen Curry,-80.4,106.19999999999999,False
Stephen Curry,-84.0,287.4,True
Stephen Curry,127.19999999999999,336.6,False
Stephen Curry,-120.0,253.79999999999998,False
Stephen Curry,-152.4,246.60000000000002,False
Stephen Curry,271.20000000000005,42.599999999999994,False
Stephen Curry,-116.4,336.6,True
Stephen Curry,186.0,53.4,False
Stephen Curry,-248.4,149.4,True
Stephen Curry,116.4,246.60000000000002,False
Stephen Curry,-150.0,319.79999999999995,True
Stephen Curry,106.8,335.4,False
Stephen Curry,27.599999999999998,85.80000000000001,True
Stephen Curry,-163.20000000000002,109.8,True
Stephen Curry,-247.20000000000002,49.800000000000004,True
Stephen Curry,110.39999999999999,381.0,False
Stephen Curry,70.80000000000001,376.2,False
Stephen Curry,13.200000000000003,71.39999999999999,False
Stephen Curry,-28.8,107.39999999999999,False
Stephen Curry,-74.4,280.20000000000005,False
Stephen Curry,-60.0,297.0,True
Stephen Curry,40.800000000000004,367.8,True
Stephen Curry,268.79999999999995,89.4,True
Stephen Curry,-18.0,148.2,False
Stephen Curry,-10.8,66.6,True
Stephen Curry,2.4,93.0,False
Stephen Curry,-70.80000000000001,79.8,False
Stephen Curry,85.19999999999999,363.0,True
Stephen Curry,-270.0,120.60000000000001,True
Stephen Curry,-46.8,87.0,False
Stephen Curry,288.0,96.60000000000001,True
Stephen Curry,103.19999999999999,289.8,False
Stephen Curry,265.20000000000005,191.4,True
Stephen Curry,9.6,139.8,True
Stephen Curry,278.4,89.4,True
Stephen Curry,267.6,119.4,False
Stephen Curry,-64.8,355.8,False
Stephen Curry,159.6,247.79999999999995,True
Stephen Curry,25.200000000000003,365.4,False
Stephen Curry,-244.79999999999995,117.0,True
Stephen Curry,-10.8,376.2,True
Stephen Curry,-217.20000000000005,283.8,True
Stephen Curry,-256.79999999999995,339.0,False
Stephen Curry,-12.0,139.8,True
Stephen Curry,108.0,286.20000000000005,True
Stephen Curry,-296.4,85.80000000000001,False
Stephen Curry,100.80000000000001,240.6,False
Stephen Curry,94.8,220.20000000000005,False
Stephen Curry,-0.0,169.8,False
Stephen Curry,-205.20000000000002,117.0,False
Stephen Curry,-24.0,59.4,True
Stephen Curry,27.599999999999998,353.4,True
Stephen Curry,195.6,300.6,True
Stephen Curry,-162.0,238.20000000000002,False
Stephen Curry,31.200000000000003,81.0,True
Stephen Curry,-21.6,329.40000000000003,False
Stephen Curry,-12.0,85.80000000000001,True
Stephen Curry,195.6,306.6,True
Stephen Curry,-258.0,237.0,True
Stephen Curry,229.2,192.6,True
Stephen Curry,-158.39999999999998,221.4,False
Stephen Curry,136.8,355.8,False
Stephen Curry,44.400000000000006,361.8,False
Stephen Curry,-100.80000000000001,238.20000000000002,False
Stephen Curry,13.200000000000003,63.0,False
Stephen Curry,-146.4,352.20000000000005,True
Stephen Curry,-240.0,241.79999999999995,False
Stephen Curry,277.20000000000005,103.8,True
Stephen Curry,222.0,274.20000000000005,False
Stephen Curry,-21.6,269.4,True
Stephen Curry,58.8,115.8,False
Stephen Curry,-261.6,227.4,False
Stephen Curry,224.4,247.79999999999995,False
Stephen Curry,277.20000000000005,49.800000000000004,False
Stephen Curry,196.79999999999998,161.39999999999998,False
Stephen Curry,26.400000000000006,79.8,False
Stephen Curry,-48.0,187.8,False
Stephen Curry,136.8,325.79999999999995,False
Stephen Curry,22.8,73.80000000000001,True
Stephen Curry,268.79999999999995,55.8,True
Stephen Curry,-99.60000000000001,310.2,False
Stephen Curry,-217.20000000000005,57.0,True
Stephen Curry,-21.6,81.0,True
Stephen Curry,-24.0,382.2,True
Stephen Curry,-1.2,215.39999999999998,False
Stephen Curry,32.4,71.39999999999999,False
Stephen Curry,-27.599999999999998,83.4,True
Stephen Curry,235.2,220.20000000000005,False
Stephen Curry,6.0,435.00000000000006,False
Stephen Curry,25.200000000000003,159.0,False
Stephen Curry,-156.0,113.4,True
Stephen Curry,4.8,145.79999999999998,True
Stephen Curry,-90.0,352.20000000000005,False
Stephen Curry,8.399999999999999,87.0,False
Stephen Curry,225.6,89.4,True
Stephen Curry,-57.6,123.0,True
Stephen Curry,44.400000000000006,306.6,False
Stephen Curry,-15.600000000000001,90.6,False
Stephen Curry,8.399999999999999,73.80000000000001,True
Stephen Curry,193.20000000000002,77.4,True
Stephen Curry,-0.0,64.19999999999999,True
Stephen Curry,182.4,99.0,False
Stephen Curry,291.59999999999997,135.0,True
Stephen Curry,21.6,126.60000000000001,True
Stephen Curry,282.0,145.79999999999998,True
Stephen Curry,68.4,358.20000000000005,False
Stephen Curry,127.19999999999999,335.4,False
Stephen Curry,-237.6,247.79999999999995,True
Stephen Curry,-181.2,246.60000000000002,False
Stephen Curry,2.4,63.0,True
Stephen Curry,-141.60000000000002,198.6,True
Stephen Curry,142.79999999999998,339.0,False
Stephen Curry,147.60000000000002,155.4,True
Stephen Curry,-165.6,33.0,False
Stephen Curry,67.19999999999999,215.39999999999998,False
Stephen Curry,219.6,99.0,True
Stephen Curry,4.8,57.0,True
Stephen Curry,183.60000000000002,120.60000000000001,False
Stephen Curry,-122.39999999999998,303.0,True
Stephen Curry,130.8,126.60000000000001,False
Stephen Curry,-199.20000000000002,143.4,False
Stephen Curry,-24.0,47.4,True
Stephen Curry,-15.600000000000001,63.0,True
Stephen Curry,267.6,195.0,False
Stephen Curry,-168.0,304.2,False
Stephen Curry,-195.6,50.99999999999999,True
Stephen Curry,-60.0,322.2,False
Stephen Curry,-10.8,204.60000000000002,False
Stephen Curry,25.200000000000003,139.8,False
Stephen Curry,-21.6,361.8,False
Stephen Curry,-4.8,355.8,True
Stephen Curry,-195.6,165.0,True
Stephen Curry,-250.79999999999995,136.2,False
Stephen Curry,-212.39999999999998,318.6,False
Stephen Curry,-136.8,352.20000000000005,False
Stephen Curry,-212.39999999999998,63.0,True
Stephen Curry,-31.200000000000003,59.4,False
Stephen Curry,-14.4,223.79999999999998,False
Stephen Curry,193.20000000000002,125.39999999999998,True
Stephen Curry,-178.8,67.80000000000001,False
Stephen Curry,-182.4,304.2,False
Stephen Curry,-201.60000000000002,295.8,True
Stephen Curry,-129.6,353.4,True
Stephen Curry,-25.200000000000003,125.39999999999998,True
Stephen Curry,-8.399999999999999,79.8,False
Stephen Curry,-0.0,47.4,True
Stephen Curry,175.2,50.99999999999999,True
Stephen Curry,-24.0,76.2,True
Stephen Curry,268.79999999999995,129.0,True
Stephen Curry,57.6,187.8,False
Stephen Curry,195.6,306.6,False
Stephen Curry,-129.6,346.20000000000005,False
Stephen Curry,-21.6,57.0,False
Stephen Curry,38.4,367.8,False
Stephen Curry,-175.2,106.19999999999999,True
Stephen Curry,-294.0,64.19999999999999,True
Stephen Curry,133.2,136.2,True
Stephen Curry,-172.8,138.60000000000002,False
Stephen Curry,-0.0,132.60000000000002,True
Stephen Curry,-148.8,333.0,True
Stephen Curry,-169.2,240.6,False
Stephen Curry,-273.6,220.20000000000005,True
Stephen Curry,-136.8,352.20000000000005,True
Stephen Curry,-132.0,304.2,False
Stephen Curry,-212.39999999999998,313.8,False
Stephen Curry,8.399999999999999,283.8,False
Stephen Curry,-148.8,358.20000000000005,False
Stephen Curry,-10.8,309.0,False
Stephen Curry,-80.4,135.0,False
Stephen Curry,144.0,325.79999999999995,True
Stephen Curry,142.79999999999998,318.6,True
Stephen Curry,-175.2,120.60000000000001,True
Stephen Curry,142.79999999999998,313.8,True
Stephen Curry,-7.2,166.2,False
Stephen Curry,196.79999999999998,221.4,False
Stephen Curry,90.0,297.0,True
Stephen Curry,286.8,93.0,True
Stephen Curry,278.4,70.2,False
Stephen Curry,-0.0,694.2,False
Stephen Curry,-28.8,282.6,True
Stephen Curry,180.0,267.0,False
Stephen Curry,19.2,76.2,True
Stephen Curry,-159.6,90.6,True
Stephen Curry,92.39999999999999,70.2,False
Stephen Curry,-226.8,130.2,True
Stephen Curry,6.0,83.4,True
Stephen Curry,-132.0,340.20000000000005,True
Stephen Curry,-0.0,60.6,True
Stephen Curry,-14.4,238.20000000000002,False
Stephen Curry,-182.4,66.6,False
Stephen Curry,15.600000000000001,85.80000000000001,True
Stephen Curry,8.399999999999999,210.6,False
Stephen Curry,224.4,282.6,False
Stephen Curry,-198.0,130.2,False
Stephen Curry,93.6,361.8,False
Stephen Curry,-133.2,257.4,True
Stephen Curry,13.200000000000003,63.0,True
Stephen Curry,-172.8,225.0,True
Stephen Curry,157.2,215.39999999999998,False
Stephen Curry,-195.6,304.2,False
Stephen Curry,-284.4,119.4,True
Stephen Curry,120.0,257.4,True
Stephen Curry,-24.0,87.0,True
Stephen Curry,-145.2,253.79999999999998,True
Stephen Curry,208.79999999999998,223.79999999999998,True
Stephen Curry,-1.2,67.80000000000001,False
Stephen Curry,28.8,63.0,True
Stephen Curry,-214.79999999999998,274.20000000000005,False
Stephen Curry,18.0,63.0,False
Stephen Curry,258.0,73.80000000000001,False
Stephen Curry,129.6,319.79999999999995,False
Stephen Curry,-271.20000000000005,50.99999999999999,False
Stephen Curry,-220.79999999999998,43.8,False
Stephen Curry,-284.4,77.4,True
Stephen Curry,-279.6,198.6,True
Stephen Curry,241.20000000000002,246.60000000000002,True
Stephen Curry,-24.0,63.0,True
Stephen Curry,-27.599999999999998,73.80000000000001,True
Stephen Curry,-283.20000000000005,136.2,False
Stephen Curry,108.0,215.39999999999998,True
Stephen Curry,140.4,214.20000000000005,True
Stephen Curry,133.2,217.79999999999998,True
Stephen Curry,-231.6,90.6,False
Stephen Curry,282.0,71.39999999999999,False
Stephen Curry,159.6,156.6,True
Stephen Curry,-14.4,71.39999999999999,False
Stephen Curry,-24.0,385.8,True
Stephen Curry,-51.599999999999994,175.8,True
Stephen Curry,147.60000000000002,345.0,False
Stephen Curry,133.2,70.2,True
Stephen Curry,280.8,71.39999999999999,True
Stephen Curry,-33.599999999999994,71.39999999999999,False
Stephen Curry,64.8,202.20000000000002,True
Stephen Curry,147.60000000000002,257.4,False
Stephen Curry,-118.8,77.4,True
Stephen Curry,147.60000000000002,228.6,False
Stephen Curry,166.8,329.40000000000003,False
Stephen Curry,-96.0,83.4,False
Stephen Curry,-192.0,286.20000000000005,True
Stephen Curry,-201.60000000000002,291.0,True
Stephen Curry,-8.399999999999999,77.4,True
Stephen Curry,85.19999999999999,102.60000000000001,False
Stephen Curry,111.6,277.79999999999995,True
Stephen Curry,-92.39999999999999,81.0,False
Stephen Curry,-127.19999999999999,136.2,True
Stephen Curry,106.8,240.6,True
Stephen Curry,-289.20000000000005,53.4,False
Stephen Curry,142.79999999999998,201.0,False
Stephen Curry,156.0,139.8,True
Stephen Curry,70.80000000000001,107.39999999999999,True
Stephen Curry,-192.0,304.2,True
Stephen Curry,-190.8,293.4,False
Stephen Curry,-14.4,83.4,True
Stephen Curry,-116.4,277.79999999999995,False
Stephen Curry,201.60000000000002,309.0,False
Stephen Curry,232.8,267.0,False
Stephen Curry,-57.6,119.4,True
Stephen Curry,85.19999999999999,369.0,False
Stephen Curry,-286.8,90.6,False
Stephen Curry,-86.4,93.0,True
Stephen Curry,67.19999999999999,304.2,False
Stephen Curry,-186.0,217.79999999999998,True
Stephen Curry,268.79999999999995,93.0,False
Stephen Curry,8.399999999999999,66.6,True
Stephen Curry,-188.4,89.4,False
Stephen Curry,-142.79999999999998,280.20000000000005,True
Stephen Curry,-116.4,282.6,True
Stephen Curry,-22.8,77.4,False
Stephen Curry,208.79999999999998,60.6,True
Stephen Curry,192.0,323.40000000000003,False
Stephen Curry,94.8,267.0,False
Stephen Curry,-168.0,346.20000000000005,False
Stephen Curry,-184.79999999999998,198.6,True
Stephen Curry,-181.2,161.39999999999998,True
Stephen Curry,-76.8,103.8,True
Stephen Curry,-0.0,79.8,True
Stephen Curry,-76.8,90.6,True
Stephen Curry,210.0,270.6,True
Stephen Curry,-24.0,85.80000000000001,False
Stephen Curry,62.400000000000006,153.0,False
Stephen Curry,228.0,247.79999999999995,False
Stephen Curry,280.8,83.4,True
Stephen Curry,117.6,247.79999999999995,True
Stephen Curry,142.79999999999998,208.20000000000005,False
Stephen Curry,57.6,303.0,True
Stephen Curry,76.8,282.6,False
Stephen Curry,-48.0,96.60000000000001,False
Stephen Curry,196.79999999999998,102.60000000000001,True
Stephen Curry,116.4,349.79999999999995,True
Stephen Curry,110.39999999999999,345.0,False
Stephen Curry,-96.0,191.4,True
Stephen Curry,146.4,336.6,True
Stephen Curry,8.399999999999999,67.80000000000001,True
Stephen Curry,-168.0,175.8,True
Stephen Curry,-120.0,299.4,False
Stephen Curry,-158.39999999999998,81.0,False
Stephen Curry,-87.6,355.8,False
Stephen Curry,9.6,73.80000000000001,True
Stephen Curry,-123.60000000000001,184.2,False
Stephen Curry,-54.0,85.80000000000001,True
Stephen Curry,-93.6,358.20000000000005,True
Stephen Curry,-15.600000000000001,66.6,True
Stephen Curry,278.4,49.800000000000004,False
Stephen Curry,93.6,353.4,False
Stephen Curry,-271.20000000000005,211.79999999999998,False
Stephen Curry,-7.2,79.8,True
Stephen Curry,-4.8,71.39999999999999,False
Stephen Curry,-24.0,71.39999999999999,True
Stephen Curry,-139.2,335.4,True
Stephen Curry,-201.60000000000002,297.0,False
Stephen Curry,-165.6,204.60000000000002,True
Stephen Curry,-27.599999999999998,378.6,True
Stephen Curry,-241.20000000000002,255.00000000000003,False
Stephen Curry,165.6,267.0,False
Stephen Curry,175.2,240.6,True
Stephen Curry,-37.2,112.2,False
Stephen Curry,126.0,352.20000000000005,True
Stephen Curry,-212.39999999999998,319.79999999999995,True
Stephen Curry,-172.8,161.39999999999998,True
Stephen Curry,284.4,70.2,True
Stephen Curry,-1.2,318.6,False
Stephen Curry,-1.2,70.2,False
Stephen Curry,123.60000000000001,336.6,False
Stephen Curry,-112.8,353.4,True
Stephen Curry,-158.39999999999998,210.6,True
Stephen Curry,6.0,66.6,True
Stephen Curry,6.0,138.60000000000002,True
Stephen Curry,199.20000000000002,282.6,True
Stephen Curry,206.39999999999998,467.40000000000003,False
Stephen Curry,-67.19999999999999,363.0,False
Stephen Curry,8.399999999999999,139.8,True
Stephen Curry,180.0,139.8,False
Stephen Curry,-211.20000000000005,83.4,True
Stephen Curry,-118.8,274.20000000000005,True
Stephen Curry,-192.0,64.19999999999999,False
Stephen Curry,9.6,251.4,False
Stephen Curry,108.0,81.0,True
Stephen Curry,13.200000000000003,156.6,True
Stephen Curry,242.4,100.19999999999999,True
Stephen Curry,-38.4,287.4,True
Stephen Curry,15.600000000000001,79.8,False
Stephen Curry,169.2,76.2,False
Stephen Curry,-280.8,138.60000000000002,False
Stephen Curry,-154.8,202.20000000000002,False
Stephen Curry,-14.4,250.20000000000002,True
Stephen Curry,-50.400000000000006,172.2,False
Stephen Curry,273.6,100.19999999999999,True
Stephen Curry,21.6,169.8,False
Stephen Curry,195.6,333.0,False
Stephen Curry,-175.2,201.0,True
Stephen Curry,-184.79999999999998,159.0,True
Stephen Curry,-56.4,323.40000000000003,False
Stephen Curry,-14.4,375.0,True
Stephen Curry,-136.8,335.4,False
Stephen Curry,-7.2,77.4,True
Stephen Curry,260.4,195.0,False
Stephen Curry,-1.2,375.0,False
Stephen Curry,142.79999999999998,270.6,True
Stephen Curry,-93.6,359.4,True
Stephen Curry,-165.6,345.0,False
Stephen Curry,-146.4,103.8,True
Stephen Curry,-152.4,264.6,False
Stephen Curry,-22.8,82.19999999999999,True
Stephen Curry,-10.8,85.80000000000001,True
Stephen Curry,-54.0,100.19999999999999,True
Stephen Curry,175.2,335.4,True
Stephen Curry,-80.4,322.2,True
Stephen Curry,232.8,64.19999999999999,True
Stephen Curry,-211.20000000000005,448.20000000000005,False
Stephen Curry,140.4,220.20000000000005,False
Stephen Curry,-93.6,376.2,False
Stephen Curry,216.0,287.4,True
Stephen Curry,-48.0,77.4,False
Stephen Curry,-34.8,277.79999999999995,False
Stephen Curry,22.8,67.80000000000001,True
Stephen Curry,-296.4,29.4,False
Stephen Curry,38.4,99.0,False
Stephen Curry,-46.8,274.20000000000005,True
Stephen Curry,130.8,205.79999999999998,True
Stephen Curry,157.2,325.79999999999995,False
Stephen Curry,6.0,378.6,False
Stephen Curry,84.0,93.0,True
Stephen Curry,-87.6,365.4,True
Stephen Curry,-60.0,250.20000000000002,True
Stephen Curry,4.8,60.6,True
Stephen Curry,49.199999999999996,327.0,True
Stephen Curry,-280.8,113.4,True
Stephen Curry,178.8,304.2,True
Stephen Curry,-7.2,225.0,True
Stephen Curry,-90.0,67.80000000000001,False
Stephen Curry,4.8,66.6,True
Stephen Curry,80.4,264.6,False
Stephen Curry,201.60000000000002,598.2,False
Stephen Curry,-172.8,264.6,False
Stephen Curry,-61.19999999999999,361.8,False
Stephen Curry,-112.8,264.6,True
Stephen Curry,-46.8,300.6,True
Stephen Curry,-2.4,96.60000000000001,False
Stephen Curry,178.8,119.4,False
Stephen Curry,-87.6,83.4,True
Stephen Curry,-139.2,151.8,False
Stephen Curry,-282.0,72.6,False
Stephen Curry,189.6,293.4,False
Stephen Curry,-120.0,237.0,True
Stephen Curry,206.39999999999998,270.6,False
Stephen Curry,-136.8,184.2,False
Stephen Curry,-158.39999999999998,87.0,True
Stephen Curry,-37.2,89.4,True
Stephen Curry,186.0,195.0,False
Stephen Curry,-208.79999999999998,277.79999999999995,True
Stephen Curry,114.0,227.4,True
Stephen Curry,-21.6,376.2,True
Stephen Curry,-20.400000000000002,83.4,False
Stephen Curry,8.399999999999999,90.6,False
Stephen Curry,-264.0,217.79999999999998,False
Stephen Curry,2.4,120.60000000000001,False
Stephen Curry,-96.0,363.0,False
Stephen Curry,195.6,181.79999999999998,True
Stephen Curry,235.2,276.6,False
Stephen Curry,157.2,319.79999999999995,True
Stephen Curry,192.0,117.0,False
Stephen Curry,9.6,71.39999999999999,False
Stephen Curry,153.6,457.79999999999995,False
Stephen Curry,-56.4,99.0,False
Stephen Curry,-12.0,90.6,False
Stephen Curry,-289.20000000000005,66.6,True
Stephen Curry,6.0,63.0,False
Stephen Curry,-4.8,123.0,True
Stephen Curry,129.6,349.79999999999995,False
Stephen Curry,68.4,81.0,True
Stephen Curry,150.0,223.79999999999998,False
Stephen Curry,205.20000000000002,287.4,True
Stephen Curry,32.4,367.8,True
Stephen Curry,-292.8,77.4,True
Stephen Curry,280.8,67.80000000000001,False
Stephen Curry,91.2,107.39999999999999,True
Stephen Curry,146.4,225.0,True
Stephen Curry,186.0,55.8,True
Stephen Curry,-192.0,210.6,False
Stephen Curry,-67.19999999999999,299.4,False
Stephen Curry,-136.8,238.20000000000002,True
Stephen Curry,-146.4,339.0,False
Stephen Curry,-171.60000000000002,594.5999999999999,False
Stephen Curry,273.6,102.60000000000001,False
Stephen Curry,-112.8,352.20000000000005,False
Stephen Curry,147.60000000000002,323.40000000000003,True
Stephen Curry,64.8,369.0,False
Stephen Curry,8.399999999999999,225.0,False
Stephen Curry,-234.0,237.0,False
Stephen Curry,28.8,306.6,False
Stephen Curry,-199.20000000000002,283.8,False
Stephen Curry,252.0,50.99999999999999,False
Stephen Curry,146.4,319.79999999999995,False
Stephen Curry,-24.0,81.0,False
Stephen Curry,-27.599999999999998,363.0,False
Stephen Curry,8.399999999999999,204.60000000000002,True
Stephen Curry,-20.400000000000002,81.0,True
Stephen Curry,139.2,240.6,False
Stephen Curry,12.0,358.20000000000005,False
Stephen Curry,-286.8,96.60000000000001,True
Stephen Curry,106.8,274.20000000000005,True
Stephen Curry,100.80000000000001,358.20000000000005,True
Stephen Curry,76.8,361.8,False
Stephen Curry,4.8,76.2,False
Stephen Curry,-152.4,273.0,False
Stephen Curry,130.8,345.0,True
Stephen Curry,-205.20000000000002,329.40000000000003,False
Stephen Curry,291.59999999999997,67.80000000000001,True
Stephen Curry,-220.79999999999998,283.8,False
Stephen Curry,51.599999999999994,70.2,True
Stephen Curry,-150.0,234.6,True
Stephen Curry,159.6,237.0,False
Stephen Curry,238.8,87.0,True
Stephen Curry,-51.599999999999994,89.4,False
Stephen Curry,-195.6,231.0,True
Stephen Curry,32.4,71.39999999999999,False
Stephen Curry,228.0,64.19999999999999,True
Stephen Curry,110.39999999999999,221.4,False
Stephen Curry,22.8,81.0,True
Stephen Curry,280.8,63.0,True
Stephen Curry,126.0,139.8,False
Stephen Curry,-178.8,300.6,False
Stephen Curry,278.4,90.6,True
Stephen Curry,277.20000000000005,64.19999999999999,False
Stephen Curry,-171.60000000000002,151.8,True
Stephen Curry,235.2,264.6,True
Stephen Curry,-14.4,102.60000000000001,False
Stephen Curry,94.8,210.6,False
Stephen Curry,176.39999999999998,130.2,False
Stephen Curry,288.0,94.2,False
Stephen Curry,-28.8,79.8,True
Stephen Curry,277.20000000000005,106.19999999999999,True
Stephen Curry,186.0,210.6,True
Stephen Curry,19.2,90.6,False
Stephen Curry,27.599999999999998,81.0,False
Stephen Curry,-93.6,246.60000000000002,False
Stephen Curry,97.2,247.79999999999995,False
Stephen Curry,-181.2,261.0,True
Stephen Curry,78.0,363.0,False
Stephen Curry,22.8,77.4,True
Stephen Curry,-2.4,126.60000000000001,True
Stephen Curry,21.6,77.4,True
Stephen Curry,165.6,244.20000000000002,True
Stephen Curry,126.0,227.4,False
Stephen Curry,-20.400000000000002,70.2,True
Stephen Curry,-61.19999999999999,369.0,False
Stephen Curry,-264.0,202.20000000000002,True
Stephen Curry,51.599999999999994,162.6,False
Stephen Curry,-205.20000000000002,100.19999999999999,True
Stephen Curry,-3.6,73.80000000000001,True
Stephen Curry,108.0,358.20000000000005,True
Stephen Curry,110.39999999999999,348.6,True
Stephen Curry,-205.20000000000002,291.0,True
Stephen Curry,80.4,277.79999999999995,False
Stephen Curry,-203.99999999999997,85.80000000000001,False
Stephen Curry,199.20000000000002,227.4,False
Stephen Curry,-12.0,208.20000000000005,False
Stephen Curry,45.6,295.8,True
Stephen Curry,25.200000000000003,300.6,True
Stephen Curry,-18.0,70.2,False
Stephen Curry,21.6,371.4,False
Stephen Curry,13.200000000000003,70.2,True
Stephen Curry,-8.399999999999999,257.4,False
Stephen Curry,-224.4,210.6,False
Stephen Curry,-283.20000000000005,107.39999999999999,False
Stephen Curry,192.0,169.8,False
Stephen Curry,196.79999999999998,205.79999999999998,True
Stephen Curry,61.19999999999999,365.4,False
Stephen Curry,-12.0,60.6,False
Stephen Curry,-207.6,83.4,False
Stephen Curry,-18.0,63.0,True
Stephen Curry,-50.400000000000006,293.4,True
Stephen Curry,218.4,273.0,False
Stephen Curry,-286.8,67.80000000000001,True
Stephen Curry,-178.8,225.0,False
Stephen Curry,2.4,365.4,True
Stephen Curry,-25.200000000000003,83.4,True
Stephen Curry,274.79999999999995,87.0,False
Stephen Curry,13.200000000000003,93.0,False
Stephen Curry,-69.6,143.4,False
Stephen Curry,-289.20000000000005,60.6,True
Stephen Curry,-103.19999999999999,277.79999999999995,False
Stephen Curry,21.6,201.0,False
Stephen Curry,93.6,359.4,True
Stephen Curry,-70.80000000000001,109.8,False
Stephen Curry,-2.4,99.0,False
Stephen Curry,-0.0,153.0,False
Stephen Curry,-296.4,76.2,False
Stephen Curry,-0.0,263.4,False
Stephen Curry,-145.2,484.20000000000005,False
Stephen Curry,-283.20000000000005,50.99999999999999,False
Stephen Curry,19.2,73.80000000000001,False
Stephen Curry,-20.400000000000002,87.0,True
Stephen Curry,-284.4,64.19999999999999,False
Stephen Curry,-123.60000000000001,244.20000000000002,False
Stephen Curry,-20.400000000000002,280.20000000000005,False
Stephen Curry,-64.8,287.4,False
Stephen Curry,127.19999999999999,348.6,False
Stephen Curry,246.0,67.80000000000001,True
Stephen Curry,127.19999999999999,145.79999999999998,False
Stephen Curry,160.8,211.79999999999998,False
Stephen Curry,-178.8,169.8,False
Stephen Curry,-86.4,363.0,False
Stephen Curry,13.200000000000003,70.2,True
Stephen Curry,-156.0,310.2,True
Stephen Curry,-50.400000000000006,277.79999999999995,False
Stephen Curry,-73.2,76.2,False
Stephen Curry,265.20000000000005,201.0,True
Stephen Curry,-141.60000000000002,336.6,False
Stephen Curry,-67.19999999999999,70.2,True
Stephen Curry,31.200000000000003,81.0,False
Stephen Curry,-20.400000000000002,238.20000000000002,True
Stephen Curry,-28.8,77.4,False
Stephen Curry,-123.60000000000001,264.6,False
Stephen Curry,218.4,83.4,True
Stephen Curry,-181.2,303.0,True
Stephen Curry,40.800000000000004,237.0,True
Stephen Curry,-90.0,214.20000000000005,False
Stephen Curry,-145.2,329.40000000000003,False
Stephen Curry,25.200000000000003,67.80000000000001,True
Stephen Curry,-188.4,168.60000000000002,True
Stephen Curry,-57.6,289.8,True
Stephen Curry,214.79999999999998,263.4,True
Stephen Curry,-109.2,336.6,False
Stephen Curry,-14.4,67.80000000000001,False
Stephen Curry,193.20000000000002,189.0,True
Stephen Curry,-176.39999999999998,73.80000000000001,True
Stephen Curry,-271.20000000000005,119.4,True
Stephen Curry,-201.60000000000002,286.20000000000005,True
Stephen Curry,-76.8,259.79999999999995,True
Stephen Curry,176.39999999999998,162.6,True
Stephen Curry,100.80000000000001,257.4,True
Stephen Curry,-12.0,90.6,False
Stephen Curry,270.0,77.4,True
Stephen Curry,-154.8,253.79999999999998,True
Stephen Curry,265.20000000000005,189.0,False
Stephen Curry,-24.0,59.4,True
Stephen Curry,-33.599999999999994,71.39999999999999,False
Stephen Curry,-24.0,79.8,True
Stephen Curry,-50.400000000000006,244.20000000000002,True
Stephen Curry,21.6,70.2,False
Stephen Curry,202.79999999999998,276.6,False
Stephen Curry,120.0,246.60000000000002,False
Stephen Curry,-70.80000000000001,168.60000000000002,False
Stephen Curry,-110.39999999999999,352.20000000000005,True
Stephen Curry,94.8,376.2,False
Stephen Curry,-70.80000000000001,85.80000000000001,True
Stephen Curry,-7.2,192.6,False
Stephen Curry,-18.0,87.0,True
Stephen Curry,-222.0,283.8,False
Stephen Curry,-165.6,184.2,True
Stephen Curry,176.39999999999998,310.2,True
Stephen Curry,-18.0,162.6,False
Stephen Curry,136.8,83.4,True
Stephen Curry,-51.599999999999994,103.8,True
Stephen Curry,-99.60000000000001,253.79999999999998,False
Stephen Curry,-195.6,333.0,False
Stephen Curry,186.0,63.0,False
Stephen Curry,-21.6,71.39999999999999,True
Stephen Curry,4.8,90.6,False
Stephen Curry,-145.2,280.20000000000005,True
Stephen Curry,-84.0,109.8,False
Stephen Curry,218.4,336.6,True
Stephen Curry,9.6,261.0,True
Stephen Curry,271.20000000000005,103.8,False
Stephen Curry,-171.60000000000002,195.0,True
Stephen Curry,111.6,237.0,True
Stephen Curry,-40.800000000000004,135.0,False
Stephen Curry,-15.600000000000001,303.0,True
Stephen Curry,-0.0,378.6,True
Stephen Curry,42.0,267.0,True
Stephen Curry,127.19999999999999,280.20000000000005,False
Stephen Curry,38.4,287.4,True
Stephen Curry,-25.200000000000003,83.4,True
Stephen Curry,4.8,76.2,True
Stephen Curry,8.399999999999999,166.2,False
Stephen Curry,93.6,348.6,True
Stephen Curry,-217.20000000000005,267.0,True
Stephen Curry,-194.4,168.60000000000002,False
Stephen Curry,-284.4,149.4,False
Stephen Curry,31.200000000000003,87.0,True
Stephen Curry,235.2,197.39999999999998,True
Stephen Curry,-8.399999999999999,342.6,False
Stephen Curry,205.20000000000002,291.0,True
Stephen Curry,45.6,83.4,False
Stephen Curry,-250.79999999999995,221.4,True
Stephen Curry,231.6,253.79999999999998,False
Stephen Curry,-18.0,90.6,True
Stephen Curry,-69.6,348.6,True
Stephen Curry,237.6,99.0,False
Stephen Curry,-279.6,63.0,True
Stephen Curry,15.600000000000001,63.0,True
Stephen Curry,-218.4,215.39999999999998,False
Stephen Curry,153.6,319.79999999999995,False
Stephen Curry,129.6,138.60000000000002,False
Stephen Curry,-0.0,89.4,True
Stephen Curry,-27.599999999999998,73.80000000000001,True
Stephen Curry,-44.400000000000006,96.60000000000001,False
Stephen Curry,-73.2,261.0,False
Stephen Curry,2.4,87.0,True
Stephen Curry,-176.39999999999998,185.4,False
Stephen Curry,-8.399999999999999,76.2,False
Stephen Curry,-10.8,71.39999999999999,True
Stephen Curry,-18.0,197.39999999999998,False
Stephen Curry,57.6,363.0,False
Stephen Curry,9.6,73.80000000000001,True
Stephen Curry,-86.4,67.80000000000001,False
Stephen Curry,19.2,70.2,True
Stephen Curry,189.6,66.6,False
Stephen Curry,12.0,63.0,True
Stephen Curry,-40.800000000000004,85.80000000000001,True
Stephen Curry,-122.39999999999998,119.4,False
Stephen Curry,9.6,90.6,False
Stephen Curry,-106.8,139.8,False
Stephen Curry,-8.399999999999999,99.0,False
Stephen Curry,90.0,244.20000000000002,False
Stephen Curry,-186.0,329.40000000000003,False
Stephen Curry,134.39999999999998,287.4,False
Stephen Curry,-127.19999999999999,100.19999999999999,True
Stephen Curry,76.8,169.8,False
Stephen Curry,-92.39999999999999,123.0,True
Stephen Curry,-28.8,143.4,True
Stephen Curry,-165.6,204.60000000000002,True
Stephen Curry,2.4,372.59999999999997,False
Stephen Curry,146.4,269.4,True
Stephen Curry,273.6,70.2,False
Stephen Curry,274.79999999999995,64.19999999999999,True
Stephen Curry,136.8,246.60000000000002,True
Stephen Curry,265.20000000000005,106.19999999999999,False
Stephen Curry,134.39999999999998,120.60000000000001,False
Stephen Curry,133.2,185.4,False
Stephen Curry,-217.20000000000005,303.0,False
Stephen Curry,196.79999999999998,99.0,True
Stephen Curry,-145.2,277.79999999999995,True
Stephen Curry,44.400000000000006,192.6,False
Stephen Curry,22.8,143.4,True
Stephen Curry,2.4,106.19999999999999,True
Stephen Curry,98.39999999999999,217.79999999999998,False
Stephen Curry,150.0,181.79999999999998,False
Stephen Curry,2.4,99.0,True
Stephen Curry,72.0,361.8,True
Stephen Curry,183.60000000000002,300.6,False
Stephen Curry,206.39999999999998,304.2,False
Stephen Curry,160.8,187.8,False
Stephen Curry,-150.0,257.4,True
Stephen Curry,27.599999999999998,369.0,False
Stephen Curry,-207.6,297.0,True
Stephen Curry,-195.6,214.20000000000005,False
Stephen Curry,278.4,90.6,False
Stephen Curry,-7.2,372.59999999999997,True
Stephen Curry,-165.6,246.60000000000002,False
Stephen Curry,22.8,87.0,True
Stephen Curry,-0.0,90.6,True
Stephen Curry,-92.39999999999999,250.20000000000002,False
Stephen Curry,-129.6,359.4,False
Stephen Curry,-203.99999999999997,208.20000000000005,True
Stephen Curry,169.2,211.79999999999998,True
Stephen Curry,140.4,359.4,True
Stephen Curry,-14.4,89.4,True
Stephen Curry,-38.4,257.4,False
Stephen Curry,111.6,85.80000000000001,False
Stephen Curry,13.200000000000003,94.2,False
Stephen Curry,-28.8,299.4,False
Stephen Curry,6.0,202.20000000000002,False
Stephen Curry,-93.6,306.6,False
Stephen Curry,-172.8,217.79999999999998,True
Stephen Curry,81.60000000000001,283.8,False
Stephen Curry,222.0,76.2,False
Stephen Curry,-120.0,107.39999999999999,True
Stephen Curry,-244.79999999999995,276.6,False
Stephen Curry,264.0,204.60000000000002,True
Stephen Curry,274.79999999999995,81.0,True
Stephen Curry,152.4,231.0,False
Stephen Curry,-14.4,73.80000000000001,True
Stephen Curry,-10.8,246.60000000000002,True
Stephen Curry,51.599999999999994,155.4,True
Stephen Curry,-8.399999999999999,304.2,False
Stephen Curry,-195.6,89.4,False
Stephen Curry,242.4,238.20000000000002,False
Stephen Curry,-139.2,60.6,True
Stephen Curry,27.599999999999998,306.6,False
Stephen Curry,-37.2,66.6,False
Stephen Curry,-70.80000000000001,159.0,False
Stephen Curry,-7.2,83.4,False
Stephen Curry,12.0,79.8,False
Stephen Curry,-205.20000000000002,46.199999999999996,False
Stephen Curry,-129.6,223.79999999999998,False
Stephen Curry,-10.8,385.8,False
Stephen Curry,3.6,77.4,True
Stephen Curry,274.79999999999995,60.6,False
Stephen Curry,-159.6,155.4,False
Stephen Curry,9.6,67.80000000000001,True
Stephen Curry,72.0,76.2,False
Stephen Curry,-8.399999999999999,71.39999999999999,True
Stephen Curry,-1.2,381.0,True
Stephen Curry,-276.0,59.4,False
Stephen Curry,206.39999999999998,241.79999999999995,False
Stephen Curry,-82.8,263.4,True
Stephen Curry,74.4,112.2,False
Stephen Curry,93.6,280.20000000000005,False
Stephen Curry,282.0,63.0,True
Stephen Curry,-60.0,64.19999999999999,False
Stephen Curry,-37.2,259.79999999999995,True
Stephen Curry,-127.19999999999999,339.0,False
Stephen Curry,-73.2,286.20000000000005,False
Stephen Curry,-226.8,257.4,False
Stephen Curry,-182.4,66.6,False
Stephen Curry,-33.599999999999994,83.4,True
Stephen Curry,-181.2,85.80000000000001,False
Stephen Curry,-25.200000000000003,83.4,True
Stephen Curry,-69.6,67.80000000000001,False
Stephen Curry,12.0,100.19999999999999,True
Stephen Curry,-21.6,70.2,True
Stephen Curry,-129.6,333.0,True
Stephen Curry,57.6,77.4,True
Stephen Curry,-2.4,103.8,False
Stephen Curry,-21.6,63.0,False
Stephen Curry,-60.0,76.2,False
Stephen Curry,-172.8,156.6,True
Stephen Curry,-152.4,57.0,False
Stephen Curry,4.8,71.39999999999999,True
Stephen Curry,-25.200000000000003,70.2,True
Stephen Curry,-12.0,66.6,True
Stephen Curry,-15.600000000000001,73.80000000000001,True
Stephen Curry,72.0,162.6,False
Stephen Curry,-37.2,96.60000000000001,False
Stephen Curry,182.4,50.99999999999999,False
Stephen Curry,-37.2,71.39999999999999,True
Stephen Curry,9.6,64.19999999999999,True
Stephen Curry,84.0,293.4,False
Stephen Curry,31.200000000000003,389.40000000000003,False
Stephen Curry,-7.2,291.0,True
Stephen Curry,-28.8,71.39999999999999,True
Stephen Curry,277.20000000000005,64.19999999999999,True
Stephen Curry,-21.6,64.19999999999999,True
Stephen Curry,255.60000000000002,198.6,True
Stephen Curry,-145.2,132.60000000000002,True
Stephen Curry,32.4,76.2,False
Stephen Curry,-24.0,73.80000000000001,False
Stephen Curry,-0.0,77.4,False
Stephen Curry,-24.0,66.6,True
Stephen Curry,-0.0,85.80000000000001,True
Stephen Curry,273.6,60.6,False
Stephen Curry,-18.0,70.2,True
Stephen Curry,-118.8,159.0,False
Stephen Curry,-4.8,60.6,False
Stephen Curry,78.0,231.0,True
Stephen Curry,-14.4,81.0,False
Stephen Curry,-7.2,198.6,False
Stephen Curry,9.6,66.6,True
Stephen Curry,-181.2,70.2,True
Stephen Curry,-105.60000000000002,353.4,False
Stephen Curry,40.800000000000004,168.60000000000002,True
Stephen Curry,-46.8,81.0,False
Stephen Curry,-207.6,166.2,False
Stephen Curry,-0.0,66.6,False
Stephen Curry,-63.599999999999994,263.4,True
Stephen Curry,-145.2,185.4,True
Stephen Curry,273.6,132.60000000000002,False
Stephen Curry,-150.0,85.80000000000001,False
Stephen Curry,6.0,241.79999999999995,False
Stephen Curry,-277.20000000000005,148.2,False
Stephen Curry,-1.2,64.19999999999999,False
Stephen Curry,-57.6,382.2,False
Stephen Curry,-20.400000000000002,79.8,True
Stephen Curry,166.8,197.39999999999998,True
Stephen Curry,166.8,210.6,False
Stephen Curry,-86.4,185.4,True
Stephen Curry,205.20000000000002,201.0,False
Stephen Curry,-8.399999999999999,181.79999999999998,False
Stephen Curry,-208.79999999999998,175.8,False
Stephen Curry,-156.0,234.6,False
Stephen Curry,-103.19999999999999,274.20000000000005,True
Stephen Curry,110.39999999999999,358.20000000000005,False
Stephen Curry,-50.400000000000006,369.0,True
Stephen Curry,-15.600000000000001,250.20000000000002,True
Stephen Curry,-10.8,166.2,True
Stephen Curry,62.400000000000006,353.4,False
Stephen Curry,-4.8,161.39999999999998,False
Stephen Curry,-33.599999999999994,306.6,False
Stephen Curry,6.0,83.4,True
Stephen Curry,-27.599999999999998,63.0,True
Stephen Curry,4.8,274.20000000000005,True
Stephen Curry,-2.4,136.2,True
Stephen Curry,98.39999999999999,358.20000000000005,False
Stephen Curry,170.39999999999998,340.20000000000005,True
Stephen Curry,-244.79999999999995,71.39999999999999,True
Stephen Curry,231.6,246.60000000000002,False
Stephen Curry,-4.8,251.4,True
Stephen Curry,175.2,153.0,False
Stephen Curry,-241.20000000000002,295.8,True
Stephen Curry,195.6,253.79999999999998,True
Stephen Curry,-284.4,85.80000000000001,False
Stephen Curry,-156.0,64.19999999999999,True
Stephen Curry,-199.20000000000002,323.40000000000003,True
Stephen Curry,-192.0,227.4,True
Stephen Curry,258.0,234.6,True
Stephen Curry,182.4,323.40000000000003,False
Stephen Curry,-0.0,81.0,False
Stephen Curry,103.19999999999999,304.2,False
Stephen Curry,182.4,319.79999999999995,False
Stephen Curry,-116.4,246.60000000000002,True
Stephen Curry,103.19999999999999,225.0,True
Stephen Curry,-190.8,79.8,False
Stephen Curry,-15.600000000000001,263.4,True
Stephen Curry,1.2,383.4,False
Stephen Curry,278.4,90.6,False
Stephen Curry,19.2,72.6,True
Stephen Curry,-146.4,331.79999999999995,False
Stephen Curry,-220.79999999999998,285.0,True
Stephen Curry,-272.4,161.39999999999998,True
Stephen Curry,72.0,141.0,False
Stephen Curry,-146.4,912.5999999999999,False
Stephen Curry,-0.0,136.2,False
Stephen Curry,279.6,61.800000000000004,False
Stephen Curry,-104.39999999999999,349.79999999999995,False
Stephen Curry,42.0,418.20000000000005,False
Stephen Curry,278.4,159.0,False
Stephen Curry,242.4,276.6,True
Stephen Curry,254.39999999999998,232.2,True
Stephen Curry,-93.6,349.79999999999995,True
Stephen Curry,183.60000000000002,306.6,False
Stephen Curry,192.0,383.4,False
Stephen Curry,219.6,294.59999999999997,True
Stephen Curry,-26.400000000000006,78.6,True
Stephen Curry,10.8,55.8,False
Stephen Curry,158.39999999999998,137.39999999999998,False
Stephen Curry,1.2,84.6,False
Stephen Curry,13.200000000000003,395.40000000000003,True
Stephen Curry,-103.19999999999999,371.4,False
Stephen Curry,-248.4,247.79999999999995,True
Stephen Curry,-112.8,94.2,False
Stephen Curry,-261.6,202.20000000000002,True
Stephen Curry,1.2,90.6,True
Stephen Curry,-211.20000000000005,82.19999999999999,True
Stephen Curry,-12.0,379.8,True
Stephen Curry,-12.0,365.4,True
Stephen Curry,146.4,171.0,False
Stephen Curry,-0.0,65.4,True
Stephen Curry,-147.60000000000002,247.79999999999995,False
Stephen Curry,-10.8,373.8,True
Stephen Curry,150.0,232.2,False
Stephen Curry,-82.8,365.4,False
Stephen Curry,-118.8,259.79999999999995,True
Stephen Curry,-267.6,207.0,True
Stephen Curry,4.8,71.39999999999999,False
Stephen Curry,-32.4,66.6,False
Stephen Curry,103.19999999999999,353.4,False
Stephen Curry,-28.8,71.39999999999999,True
Stephen Curry,-12.0,71.39999999999999,False
Stephen Curry,-28.8,65.4,True
Stephen Curry,148.8,336.6,True
Stephen Curry,-279.6,106.19999999999999,False
Stephen Curry,-48.0,76.2,True
Stephen Curry,238.8,265.79999999999995,False
Stephen Curry,78.0,353.4,True
Stephen Curry,181.2,211.79999999999998,True
Stephen Curry,1.2,76.2,True
Stephen Curry,-2.4,361.8,True
Stephen Curry,-142.79999999999998,72.6,False
Stephen Curry,-63.599999999999994,361.8,True
Stephen Curry,284.4,184.2,True
Stephen Curry,-294.0,55.8,True
Stephen Curry,24.0,153.0,False
Stephen Curry,270.0,82.19999999999999,False
Stephen Curry,-1.2,94.2,True
Stephen Curry,187.2,234.6,False
Stephen Curry,176.39999999999998,319.79999999999995,True
Stephen Curry,2.4,377.4,True
Stephen Curry,202.79999999999998,71.39999999999999,True
Stephen Curry,-0.0,64.19999999999999,True
Stephen Curry,-24.0,131.39999999999998,False
Stephen Curry,246.0,265.79999999999995,False
Stephen Curry,-10.8,94.2,False
Stephen Curry,213.6,336.6,False
Stephen Curry,-128.39999999999998,259.79999999999995,False
Stephen Curry,-0.0,66.6,True
Stephen Curry,-1.2,383.4,True
Stephen Curry,278.4,136.2,False
Stephen Curry,-142.79999999999998,341.4,False
Stephen Curry,-26.400000000000006,94.2,False
Stephen Curry,-168.0,78.6,True
Stephen Curry,-181.2,330.6,True
Stephen Curry,-195.6,294.59999999999997,False
Stephen Curry,-75.6,179.4,True
Stephen Curry,-61.19999999999999,361.8,False
Stephen Curry,-181.2,336.6,True
Stephen Curry,-0.0,82.19999999999999,True
Stephen Curry,-18.0,94.2,True
Stephen Curry,128.39999999999998,241.79999999999995,False
Stephen Curry,-226.8,291.0,True
Stephen Curry,-156.0,319.79999999999995,False
Stephen Curry,1.2,71.39999999999999,True
Stephen Curry,1.2,96.60000000000001,True
Stephen Curry,-75.6,373.8,True
Stephen Curry,-244.79999999999995,255.00000000000003,True
Stephen Curry,-207.6,294.59999999999997,False
Stephen Curry,46.8,73.80000000000001,False
Stephen Curry,-181.2,325.79999999999995,True
Stephen Curry,270.0,238.20000000000002,False
Stephen Curry,284.4,76.2,True
Stephen Curry,260.4,259.79999999999995,True
Stephen Curry,-218.4,282.6,True
Stephen Curry,109.2,136.2,True
Stephen Curry,-91.2,401.40000000000003,False
Stephen Curry,-193.20000000000002,341.4,True
Stephen Curry,-248.4,235.8,True
Stephen Curry,1.2,88.19999999999999,True
Stephen Curry,4.8,412.2,False
Stephen Curry,-205.20000000000002,318.6,False
Stephen Curry,-276.0,141.0,True
Stephen Curry,-14.4,71.39999999999999,True
Stephen Curry,154.8,232.2,False
Stephen Curry,256.79999999999995,241.79999999999995,False
Stephen Curry,-61.19999999999999,202.20000000000002,False
Stephen Curry,-104.39999999999999,361.8,False
Stephen Curry,142.79999999999998,247.79999999999995,True
Stephen Curry,-2.4,84.6,False
Stephen Curry,19.2,241.79999999999995,False
Stephen Curry,-132.0,217.79999999999998,False
Stephen Curry,-50.400000000000006,361.8,True
Stephen Curry,7.2,72.6,True
Stephen Curry,-116.4,100.19999999999999,False
Stephen Curry,-36.0,525.0,False
Stephen Curry,-0.0,64.19999999999999,True
Stephen Curry,-33.599999999999994,57.0,False
Stephen Curry,40.800000000000004,401.40000000000003,False
Stephen Curry,-10.8,57.0,True
Stephen Curry,-232.8,261.0,True
Stephen Curry,-51.599999999999994,395.40000000000003,False
Stephen Curry,-236.4,261.0,True
Stephen Curry,-207.6,306.6,True
Stephen Curry,22.8,65.4,True
Stephen Curry,-33.599999999999994,63.0,True
Stephen Curry,2.4,49.800000000000004,False
Stephen Curry,-136.8,377.4,False
Stephen Curry,26.400000000000006,65.4,False
Stephen Curry,2.4,72.6,False
Stephen Curry,-140.4,94.2,False
Stephen Curry,270.0,201.0,True
Stephen Curry,116.4,291.0,False
Stephen Curry,63.599999999999994,271.79999999999995,True
Stephen Curry,-10.8,373.8,True
Stephen Curry,-132.0,325.79999999999995,False
Stephen Curry,4.8,57.0,True
Stephen Curry,-162.0,66.6,True
Stephen Curry,-73.2,217.79999999999998,False
Stephen Curry,208.79999999999998,276.6,True
Stephen Curry,-0.0,66.6,False
Stephen Curry,24.0,367.8,False
Stephen Curry,-159.6,318.6,False
Stephen Curry,284.4,112.2,False
Stephen Curry,72.0,353.4,False
Stephen Curry,2.4,65.4,True
Stephen Curry,-103.19999999999999,343.79999999999995,False
Stephen Curry,193.20000000000002,235.8,True
Stephen Curry,19.2,57.0,True
Stephen Curry,-144.0,312.6,False
Stephen Curry,-14.4,55.8,True
Stephen Curry,2.4,49.800000000000004,True
Stephen Curry,-87.6,347.4,False
Stephen Curry,-1.2,159.0,False
Stephen Curry,-279.6,183.0,True
Stephen Curry,-159.6,377.4,False
Stephen Curry,-164.39999999999998,183.0,True
Stephen Curry,-181.2,330.6,True
Stephen Curry,22.8,359.4,True
Stephen Curry,42.0,201.0,True
Stephen Curry,-124.80000000000001,355.8,False
Stephen Curry,-10.8,88.19999999999999,False
Stephen Curry,75.6,383.4,False
Stephen Curry,-2.4,84.6,True
Stephen Curry,-270.0,82.19999999999999,True
Stephen Curry,246.0,94.2,False
Stephen Curry,-186.0,312.6,False
Stephen Curry,250.79999999999995,285.0,True
Stephen Curry,211.20000000000005,303.0,False
Stephen Curry,26.400000000000006,389.40000000000003,False
Stephen Curry,13.200000000000003,88.19999999999999,False
Stephen Curry,282.0,72.6,True
Stephen Curry,140.4,383.4,False
Stephen Curry,224.4,355.8,False
Stephen Curry,57.6,395.40000000000003,True
Stephen Curry,230.4,276.6,True
Stephen Curry,236.4,279.0,True
Stephen Curry,241.20000000000002,76.2,False
Stephen Curry,-7.2,124.2,False
Stephen Curry,-220.79999999999998,211.79999999999998,True
Stephen Curry,26.400000000000006,84.6,True
Stephen Curry,10.8,424.20000000000005,False
Stephen Curry,132.0,189.0,True
Stephen Curry,-186.0,312.6,False
Stephen Curry,273.6,76.2,False
Stephen Curry,48.0,183.0,False
Stephen Curry,-66.0,377.4,True
Stephen Curry,-87.6,347.4,False
Stephen Curry,170.39999999999998,331.79999999999995,False
Stephen Curry,20.400000000000002,253.79999999999998,True
Stephen Curry,220.79999999999998,271.79999999999995,True
Stephen Curry,-229.2,605.4000000000001,False
Stephen Curry,241.20000000000002,229.8,False
Stephen Curry,162.0,318.6,True
Stephen Curry,-279.6,66.6,False
Stephen Curry,270.0,112.2,False
Stephen Curry,-18.0,71.39999999999999,True
Stephen Curry,148.8,347.4,True
Stephen Curry,44.400000000000006,149.4,True
Stephen Curry,272.4,65.4,True
Stephen Curry,-202.79999999999998,300.6,False
Stephen Curry,-175.2,336.6,False
Stephen Curry,-28.8,294.59999999999997,True
Stephen Curry,-14.4,61.800000000000004,True
Stephen Curry,45.6,306.6,False
Stephen Curry,30.0,361.8,True
Stephen Curry,-272.4,130.2,False
Stephen Curry,10.8,349.79999999999995,True
Stephen Curry,-180.0,318.6,False
Stephen Curry,-132.0,331.79999999999995,True
Stephen Curry,100.80000000000001,318.6,False
Stephen Curry,270.0,72.6,True
Stephen Curry,-1.2,112.2,False
Stephen Curry,4.8,66.6,False
Stephen Curry,-158.39999999999998,306.6,False
Stephen Curry,50.400000000000006,371.4,False
Stephen Curry,273.6,72.6,True
Stephen Curry,-0.0,64.19999999999999,True
Stephen Curry,-61.19999999999999,343.79999999999995,True
Stephen Curry,109.2,214.20000000000005,False
Stephen Curry,202.79999999999998,271.79999999999995,False
Stephen Curry,213.6,291.0,True
Stephen Curry,-165.6,337.79999999999995,True
Stephen Curry,13.200000000000003,71.39999999999999,False
Stephen Curry,195.6,294.59999999999997,True
Stephen Curry,171.60000000000002,420.5999999999999,True
Stephen Curry,-1.2,78.6,True
Stephen Curry,75.6,371.4,True
Stephen Curry,267.6,229.8,True
Stephen Curry,-4.8,82.19999999999999,True
Stephen Curry,-144.0,336.6,False
Stephen Curry,-112.8,365.4,False
Stephen Curry,248.4,250.20000000000002,True
Stephen Curry,22.8,71.39999999999999,True
Stephen Curry,-10.8,88.19999999999999,False
Stephen Curry,-0.0,829.8,False
Stephen Curry,-22.8,84.6,True
Stephen Curry,8.399999999999999,78.6,True
Stephen Curry,-42.0,371.4,True
Stephen Curry,-26.400000000000006,84.6,False
Stephen Curry,-0.0,124.2,True
Stephen Curry,-132.0,288.59999999999997,False
Stephen Curry,-134.39999999999998,355.8,True
Stephen Curry,-116.4,355.8,False
Stephen Curry,207.6,306.6,False
Stephen Curry,264.0,217.79999999999998,False
Stephen Curry,4.8,76.2,True
Stephen Curry,-85.19999999999999,108.60000000000002,True
Stephen Curry,241.20000000000002,294.59999999999997,False
Stephen Curry,14.4,65.4,True
Stephen Curry,272.4,76.2,True
Stephen Curry,189.6,330.6,True
Stephen Curry,-211.20000000000005,291.0,False
Stephen Curry,112.8,353.4,False
Stephen Curry,56.4,285.0,True
Stephen Curry,-87.6,367.8,True
Stephen Curry,-276.0,100.19999999999999,False
Stephen Curry,1.2,179.4,False
Stephen Curry,-10.8,71.39999999999999,False
Stephen Curry,12.0,91.80000000000001,False
Stephen Curry,-2.4,389.40000000000003,True
Stephen Curry,13.200000000000003,124.2,False
Stephen Curry,-2.4,361.8,False
Stephen Curry,13.200000000000003,371.4,False
Stephen Curry,-2.4,309.0,False
Stephen Curry,214.79999999999998,383.4,False
Stephen Curry,-168.0,265.79999999999995,False
Stephen Curry,278.4,119.4,True
Stephen Curry,-12.0,82.19999999999999,True
Stephen Curry,-20.400000000000002,84.6,False
Stephen Curry,-55.199999999999996,379.8,False
Stephen Curry,-122.39999999999998,183.0,True
Stephen Curry,-44.400000000000006,361.8,False
Stephen Curry,159.6,202.20000000000002,False
Stephen Curry,-118.8,229.8,True
Stephen Curry,10.8,282.6,False
Stephen Curry,-18.0,124.2,True
Stephen Curry,-4.8,63.0,False
Stephen Curry,-153.6,315.0,False
Stephen Curry,-4.8,72.6,True
Stephen Curry,-33.599999999999994,76.2,False
Stephen Curry,-180.0,309.0,False
Stephen Curry,-67.19999999999999,76.2,False
Stephen Curry,-254.39999999999998,78.6,False
Stephen Curry,-13.200000000000003,63.0,False
Stephen Curry,-67.19999999999999,353.4,False
Stephen Curry,-124.80000000000001,341.4,True
Stephen Curry,-10.8,55.8,True
Stephen Curry,1.2,359.4,False
Stephen Curry,28.8,294.59999999999997,True
Stephen Curry,-15.600000000000001,73.80000000000001,False
Stephen Curry,20.400000000000002,96.60000000000001,True
Stephen Curry,-1.2,61.800000000000004,True
Stephen Curry,-12.0,82.19999999999999,False
Stephen Curry,-128.39999999999998,325.79999999999995,False
Stephen Curry,177.60000000000002,241.79999999999995,True
Stephen Curry,-189.6,291.0,False
Stephen Curry,22.8,55.8,True
Stephen Curry,262.79999999999995,195.0,False
Stephen Curry,-112.8,106.19999999999999,False
Stephen Curry,44.400000000000006,379.8,False
Stephen Curry,-50.400000000000006,371.4,True
Stephen Curry,264.0,238.20000000000002,False
Stephen Curry,-18.0,71.39999999999999,True
Stephen Curry,-122.39999999999998,347.4,False
Stephen Curry,160.8,281.4,True
Stephen Curry,13.200000000000003,159.0,False
Stephen Curry,7.2,82.19999999999999,True
Stephen Curry,56.4,379.8,False
Stephen Curry,273.6,130.2,False
Stephen Curry,-118.8,365.4,False
Stephen Curry,-118.8,159.0,True
Stephen Curry,-201.60000000000002,312.6,False
Stephen Curry,-16.799999999999997,76.2,True
Stephen Curry,189.6,312.6,True
Stephen Curry,-1.2,96.60000000000001,True
Stephen Curry,-168.0,318.6,False
Stephen Curry,-22.8,65.4,True
Stephen Curry,-236.4,259.79999999999995,True
Stephen Curry,279.6,63.0,True
Stephen Curry,-260.4,232.2,True
Stephen Curry,85.19999999999999,353.4,False
Stephen Curry,-224.4,177.0,False
Stephen Curry,279.6,84.6,False
Stephen Curry,-54.0,359.4,False
Stephen Curry,103.19999999999999,94.2,False
Stephen Curry,-126.0,330.6,True
Stephen Curry,-10.8,359.4,False
Stephen Curry,-186.0,291.0,False
Stephen Curry,262.79999999999995,223.79999999999998,True
Stephen Curry,130.8,361.8,False
Stephen Curry,-150.0,312.6,True
Stephen Curry,-24.0,71.39999999999999,True
Stephen Curry,-76.8,365.4,False
Stephen Curry,-236.4,165.0,False
Stephen Curry,-278.4,100.19999999999999,False
Stephen Curry,176.39999999999998,261.0,True
Stephen Curry,186.0,297.0,False
Stephen Curry,24.0,49.800000000000004,False
Stephen Curry,164.39999999999998,318.6,True
Stephen Curry,273.6,49.800000000000004,True
Stephen Curry,7.2,66.6,True
Stephen Curry,-22.8,57.0,True
Stephen Curry,14.4,66.6,True
Stephen Curry,-175.2,300.6,False
Stephen Curry,-33.599999999999994,76.2,False
Stephen Curry,-195.6,312.6,True
Stephen Curry,186.0,775.8000000000001,False
Stephen Curry,-174.0,306.6,True
Stephen Curry,-22.8,61.800000000000004,False
Stephen Curry,-288.0,40.2,False
Stephen Curry,105.60000000000002,329.40000000000003,True
Stephen Curry,-278.4,19.799999999999997,False
Stephen Curry,34.8,63.0,True
Stephen Curry,-32.4,76.2,False
Stephen Curry,152.4,171.0,True
Stephen Curry,288.0,19.799999999999997,False
Stephen Curry,-22.8,71.39999999999999,False
Stephen Curry,208.79999999999998,271.79999999999995,False
Stephen Curry,-223.2,276.6,False
Stephen Curry,232.8,84.6,False
Stephen Curry,-66.0,361.8,False
Stephen Curry,-10.8,88.19999999999999,False
Stephen Curry,-162.0,312.6,False
Stephen Curry,162.0,318.6,False
Stephen Curry,223.2,61.800000000000004,True
Stephen Curry,72.0,78.6,False
Stephen Curry,-16.799999999999997,66.6,True
Stephen Curry,7.2,383.4,False
Stephen Curry,16.799999999999997,65.4,True
Stephen Curry,-14.4,241.79999999999995,True
Stephen Curry,-152.4,291.0,False
Stephen Curry,-146.4,330.6,True
Stephen Curry,-132.0,271.79999999999995,False
Stephen Curry,-28.8,76.2,False
Stephen Curry,-199.20000000000002,489.0,False
Stephen Curry,-87.6,347.4,False
Stephen Curry,-10.8,66.6,True
Stephen Curry,279.6,37.8,True
Stephen Curry,158.39999999999998,519.0,False
Stephen Curry,-9.6,69.0,True
Stephen Curry,-132.0,319.79999999999995,False
Stephen Curry,193.20000000000002,319.79999999999995,False
Stephen Curry,-175.2,61.800000000000004,False
Stephen Curry,-4.8,108.60000000000002,True
Stephen Curry,-144.0,288.59999999999997,True
Stephen Curry,20.400000000000002,72.6,False
Stephen Curry,-12.0,438.59999999999997,False
Stephen Curry,24.0,55.8,True
Stephen Curry,22.8,65.4,False
Stephen Curry,-20.400000000000002,45.0,False
Stephen Curry,186.0,349.79999999999995,False
Stephen Curry,211.20000000000005,300.6,True
Stephen Curry,-18.0,71.39999999999999,True
Stephen Curry,270.0,84.6,False
Stephen Curry,7.2,72.6,True
Stephen Curry,-146.4,385.8,False
Stephen Curry,-0.0,61.800000000000004,True
Stephen Curry,195.6,184.2,True
Stephen Curry,258.0,223.79999999999998,True
Stephen Curry,-248.4,294.59999999999997,False
Stephen Curry,-36.0,88.19999999999999,True
Stephen Curry,-278.4,229.8,False
Stephen Curry,-69.6,201.0,False
Stephen Curry,-267.6,211.79999999999998,False
Stephen Curry,-97.2,265.79999999999995,True
Stephen Curry,-207.6,217.79999999999998,False
Stephen Curry,10.8,82.19999999999999,True
Stephen Curry,165.6,336.6,False
Stephen Curry,-14.4,71.39999999999999,True
Stephen Curry,-0.0,82.19999999999999,True
Stephen Curry,278.4,37.8,False
Stephen Curry,-202.79999999999998,244.20000000000002,False
Stephen Curry,-181.2,297.0,False
Stephen Curry,2.4,84.6,False
Stephen Curry,10.8,71.39999999999999,True
Stephen Curry,-22.8,65.4,False
Stephen Curry,-199.20000000000002,315.0,False
Stephen Curry,7.2,82.19999999999999,True
Stephen Curry,162.0,325.79999999999995,False
Stephen Curry,-136.8,149.4,False
Stephen Curry,-12.0,76.2,True
Stephen Curry,-36.0,379.8,False
Stephen Curry,-67.19999999999999,82.19999999999999,False
Stephen Curry,230.4,265.79999999999995,False
Stephen Curry,-283.20000000000005,45.0,False
Stephen Curry,252.0,271.79999999999995,False
Stephen Curry,162.0,337.79999999999995,False
Stephen Curry,8.399999999999999,55.8,True
Stephen Curry,-93.6,353.4,False
Stephen Curry,22.8,373.8,True
Stephen Curry,-24.0,90.6,True
Stephen Curry,-164.39999999999998,325.79999999999995,False
Stephen Curry,-2.4,100.19999999999999,False
Stephen Curry,258.0,94.2,True
Stephen Curry,-24.0,71.39999999999999,True
Stephen Curry,-26.400000000000006,84.6,False
Stephen Curry,-60.0,353.4,False
Stephen Curry,-2.4,306.6,False
Stephen Curry,192.0,306.6,True
Stephen Curry,-0.0,383.4,False
Stephen Curry,7.2,106.19999999999999,False
Stephen Curry,2.4,71.39999999999999,False
Stephen Curry,85.19999999999999,267.0,True
Stephen Curry,-175.2,330.6,False
Stephen Curry,16.799999999999997,153.0,False
Stephen Curry,122.39999999999998,347.4,True
Stephen Curry,-4.8,100.19999999999999,False
Stephen Curry,150.0,325.79999999999995,True
Stephen Curry,-112.8,341.4,True
Stephen Curry,-190.8,341.4,False
Stephen Curry,-205.20000000000002,373.8,True
Stephen Curry,238.8,288.59999999999997,True
Stephen Curry,14.4,82.19999999999999,True
Stephen Curry,230.4,261.0,False
Stephen Curry,-212.39999999999998,271.79999999999995,True
Stephen Curry,-276.0,76.2,True
Stephen Curry,-195.6,309.0,False
Stephen Curry,187.2,318.6,True
Stephen Curry,-218.4,271.79999999999995,False
Stephen Curry,16.799999999999997,141.0,False
Stephen Curry,38.4,385.8,True
Stephen Curry,118.8,273.0,True
Stephen Curry,-4.8,82.19999999999999,False
Stephen Curry,207.6,229.8,True
Stephen Curry,127.19999999999999,353.4,False
Stephen Curry,208.79999999999998,82.19999999999999,True
Stephen Curry,36.0,407.40000000000003,False
Stephen Curry,266.4,250.20000000000002,False
Stephen Curry,146.4,402.59999999999997,True
Stephen Curry,13.200000000000003,72.6,False
Stephen Curry,-159.6,377.4,False
Stephen Curry,-130.8,389.40000000000003,False
Stephen Curry,230.4,267.0,True
Stephen Curry,16.799999999999997,88.19999999999999,False
Stephen Curry,-186.0,312.6,False
Stephen Curry,-0.0,353.4,False
Stephen Curry,-112.8,241.79999999999995,False
Stephen Curry,-105.60000000000002,115.8,True
Stephen Curry,-7.2,82.19999999999999,True
Stephen Curry,44.400000000000006,147.0,False
Stephen Curry,150.0,189.0,False
Stephen Curry,34.8,61.800000000000004,False
Stephen Curry,7.2,353.4,False
Stephen Curry,136.8,325.79999999999995,False
Stephen Curry,279.6,34.2,False
Stephen Curry,201.60000000000002,291.0,False
Stephen Curry,214.79999999999998,294.59999999999997,False
Stephen Curry,229.2,259.79999999999995,False
Stephen Curry,-158.39999999999998,337.79999999999995,True
Stephen Curry,-61.19999999999999,147.0,False
Stephen Curry,-270.0,167.39999999999998,False
Stephen Curry,-175.2,217.79999999999998,True
Stephen Curry,-54.0,365.4,False
Stephen Curry,-150.0,271.79999999999995,False
Stephen Curry,-244.79999999999995,235.8,False
Stephen Curry,152.4,271.79999999999995,True
Stephen Curry,-244.79999999999995,229.8,False
Stephen Curry,-36.0,253.79999999999998,True
Stephen Curry,-142.79999999999998,318.6,True
Stephen Curry,-30.0,88.19999999999999,False
Stephen Curry,-109.2,593.4,False
Stephen Curry,91.2,336.6,False
Stephen Curry,-187.2,214.20000000000005,False
Stephen Curry,-0.0,71.39999999999999,True
Stephen Curry,24.0,136.2,False
Stephen Curry,-33.599999999999994,63.0,True
Stephen Curry,270.0,125.39999999999998,True
Stephen Curry,-270.0,100.19999999999999,False
Stephen Curry,223.2,94.2,True
Stephen Curry,-177.60000000000002,288.59999999999997,True
Stephen Curry,-76.8,589.8,False
Stephen Curry,30.0,371.4,True
Stephen Curry,-208.79999999999998,271.79999999999995,False
Stephen Curry,-12.0,71.39999999999999,True
Stephen Curry,-98.39999999999999,341.4,False
Stephen Curry,276.0,124.2,False
Stephen Curry,-94.8,232.2,True
Stephen Curry,-73.2,359.4,False
Stephen Curry,16.799999999999997,71.39999999999999,False
Stephen Curry,-4.8,65.4,True
Stephen Curry,8.399999999999999,65.4,True
Stephen Curry,278.4,76.2,True
Stephen Curry,-112.8,349.79999999999995,False
Stephen Curry,-75.6,353.4,False
Stephen Curry,-276.0,43.8,True
Stephen Curry,-28.8,71.39999999999999,True
Stephen Curry,63.599999999999994,183.0,True
Stephen Curry,118.8,347.4,False
Stephen Curry,-134.39999999999998,273.0,False
Stephen Curry,-183.60000000000002,229.8,False
Stephen Curry,66.0,207.0,True
Stephen Curry,-104.39999999999999,235.8,True
Stephen Curry,7.2,276.6,True
Stephen Curry,10.8,365.4,False
Stephen Curry,-0.0,88.19999999999999,False
Stephen Curry,-0.0,247.79999999999995,False
Stephen Curry,170.39999999999998,261.0,True
Stephen Curry,-51.599999999999994,418.20000000000005,False
Stephen Curry,82.8,85.80000000000001,False
Stephen Curry,132.0,341.4,False
Stephen Curry,278.4,71.39999999999999,True
Stephen Curry,-81.60000000000001,78.6,False
Stephen Curry,-13.200000000000003,106.19999999999999,False
Stephen Curry,136.8,367.8,True
Stephen Curry,32.4,395.40000000000003,False
Stephen Curry,-224.4,288.59999999999997,False
Stephen Curry,-266.4,201.0,True
Stephen Curry,168.0,331.79999999999995,False
Stephen Curry,-162.0,383.4,True
Stephen Curry,-144.0,347.4,True
Stephen Curry,121.2,336.6,True
Stephen Curry,-1.2,383.4,False
Stephen Curry,-33.599999999999994,65.4,True
Stephen Curry,-112.8,341.4,False
Stephen Curry,254.39999999999998,232.2,True
Stephen Curry,24.0,96.60000000000001,True
Stephen Curry,205.20000000000002,294.59999999999997,True
Stephen Curry,91.2,365.4,False
Stephen Curry,-106.8,273.0,True
Stephen Curry,22.8,371.4,True
Stephen Curry,-2.4,306.6,False
Stephen Curry,229.2,71.39999999999999,False
Stephen Curry,242.4,259.79999999999995,False
Stephen Curry,-254.39999999999998,259.79999999999995,True
Stephen Curry,-26.400000000000006,82.19999999999999,True
Stephen Curry,-72.0,195.0,True
Stephen Curry,-12.0,88.19999999999999,False
Stephen Curry,45.6,383.4,False
Stephen Curry,-112.8,207.0,True
Stephen Curry,1.2,96.60000000000001,True
Stephen Curry,-159.6,330.6,False
Stephen Curry,-30.0,71.39999999999999,False
Stephen Curry,-205.20000000000002,315.0,True
Stephen Curry,-91.2,115.8,True
Stephen Curry,-16.799999999999997,173.39999999999998,False
Stephen Curry,-1.2,84.6,True
Stephen Curry,-153.6,319.79999999999995,True
Stephen Curry,-100.80000000000001,300.6,False
Stephen Curry,72.0,377.4,False
Stephen Curry,276.0,43.8,False
Stephen Curry,62.400000000000006,84.6,True
Stephen Curry,176.39999999999998,312.6,False
Stephen Curry,-7.2,84.6,True
Stephen Curry,10.8,401.40000000000003,False
Stephen Curry,-195.6,347.4,True
Stephen Curry,256.79999999999995,232.2,True
Stephen Curry,132.0,271.79999999999995,True
Stephen Curry,-244.79999999999995,235.8,False
Stephen Curry,8.399999999999999,76.2,True
Stephen Curry,158.39999999999998,341.4,True
Stephen Curry,-165.6,336.6,False
Stephen Curry,244.79999999999995,57.0,False
Stephen Curry,73.2,430.20000000000005,True
Stephen Curry,-10.8,76.2,True
Stephen Curry,-180.0,330.6,True
Stephen Curry,214.79999999999998,343.79999999999995,True
Stephen Curry,-134.39999999999998,347.4,False
Stephen Curry,235.2,265.79999999999995,True
Stephen Curry,-4.8,71.39999999999999,False
Stephen Curry,-152.4,355.8,False
Stephen Curry,252.0,244.20000000000002,True
Stephen Curry,-30.0,420.5999999999999,True
Stephen Curry,244.79999999999995,247.79999999999995,True
Stephen Curry,235.2,282.6,True
Stephen Curry,-39.599999999999994,747.0,False
Stephen Curry,-201.60000000000002,294.59999999999997,True
Stephen Curry,-276.0,108.60000000000002,False
Stephen Curry,-171.60000000000002,371.4,True
Stephen Curry,8.399999999999999,76.2,True
Stephen Curry,201.60000000000002,330.6,True
Stephen Curry,-201.60000000000002,365.4,True
Stephen Curry,-38.4,371.4,True
Stephen Curry,79.19999999999999,373.8,False
Stephen Curry,-10.8,71.39999999999999,True
Stephen Curry,22.8,232.2,True
Stephen Curry,122.39999999999998,666.6,True
Stephen Curry,254.39999999999998,271.79999999999995,True
Stephen Curry,-24.0,82.19999999999999,False
Stephen Curry,-152.4,341.4,False
Stephen Curry,4.8,65.4,True
Stephen Curry,284.4,78.6,True
Stephen Curry,-134.39999999999998,259.79999999999995,False
Stephen Curry,44.400000000000006,365.4,False
Stephen Curry,-140.4,331.79999999999995,False
Stephen Curry,8.399999999999999,72.6,True
Stephen Curry,-75.6,407.40000000000003,True
Stephen Curry,8.399999999999999,82.19999999999999,True
Stephen Curry,-217.20000000000005,395.40000000000003,False
Stephen Curry,-147.60000000000002,318.6,True
Stephen Curry,1.2,90.6,False
Stephen Curry,-279.6,100.19999999999999,True
Stephen Curry,14.4,66.6,True
Stephen Curry,122.39999999999998,861.0,False
Stephen Curry,-150.0,407.40000000000003,False
Stephen Curry,8.399999999999999,63.0,True
Stephen Curry,106.8,306.6,True
Stephen Curry,-82.8,347.4,True
Stephen Curry,-93.6,347.4,False
Stephen Curry,-88.80000000000001,235.8,False
Stephen Curry,14.4,65.4,False
Stephen Curry,-10.8,71.39999999999999,False
Stephen Curry,75.6,359.4,False
Stephen Curry,84.0,426.5999999999999,False
Stephen Curry,-174.0,389.40000000000003,True
Stephen Curry,-152.4,153.0,False
Stephen Curry,-186.0,325.79999999999995,True
Stephen Curry,16.799999999999997,71.39999999999999,True
Stephen Curry,-82.8,341.4,True
Stephen Curry,122.39999999999998,208.20000000000005,True
Stephen Curry,-75.6,72.6,False
Stephen Curry,262.79999999999995,55.8,False
Stephen Curry,174.0,318.6,False
Stephen Curry,-10.8,72.6,True
Stephen Curry,226.8,253.79999999999998,False
Stephen Curry,-69.6,349.79999999999995,False
Stephen Curry,75.6,265.79999999999995,True
Stephen Curry,-60.0,94.2,True
Stephen Curry,-0.0,82.19999999999999,False
Stephen Curry,-10.8,65.4,False
Stephen Curry,-196.79999999999998,294.59999999999997,False
Stephen Curry,106.8,65.4,True
Stephen Curry,-26.400000000000006,365.4,True
Stephen Curry,-20.400000000000002,359.4,False
Stephen Curry,-26.400000000000006,265.79999999999995,False
Stephen Curry,159.6,306.6,True
Stephen Curry,-0.0,76.2,False
Stephen Curry,-26.400000000000006,72.6,False
Stephen Curry,252.0,214.20000000000005,False
Stephen Curry,-10.8,359.4,True
Stephen Curry,78.0,401.40000000000003,False
Stephen Curry,-212.39999999999998,349.79999999999995,True
Stephen Curry,266.4,49.800000000000004,True
Stephen Curry,20.400000000000002,365.4,False
Stephen Curry,-240.0,261.0,False
Stephen Curry,-174.0,343.79999999999995,True
Stephen Curry,-285.59999999999997,177.0,True
Stephen Curry,-283.20000000000005,76.2,False
Stephen Curry,276.0,76.2,True
Stephen Curry,-12.0,401.40000000000003,True
Stephen Curry,14.4,72.6,False
Stephen Curry,-158.39999999999998,324.6,False
Stephen Curry,-33.599999999999994,71.39999999999999,True
Stephen Curry,116.4,355.8,True
Stephen Curry,-220.79999999999998,276.6,False
Stephen Curry,279.6,106.19999999999999,True
Stephen Curry,-220.79999999999998,106.19999999999999,False
Stephen Curry,224.4,100.19999999999999,False
Stephen Curry,-244.79999999999995,232.2,False
Stephen Curry,-8.399999999999999,390.59999999999997,False
Stephen Curry,-20.400000000000002,76.2,False
Stephen Curry,-158.39999999999998,306.6,True
Stephen Curry,-16.799999999999997,402.59999999999997,True
Stephen Curry,211.20000000000005,306.6,False
Stephen Curry,97.2,341.4,True
Stephen Curry,-169.2,226.2,False
Stephen Curry,-202.79999999999998,312.6,False
Stephen Curry,-196.79999999999998,195.0,True
Stephen Curry,224.4,276.6,False
Stephen Curry,193.20000000000002,293.4,True
Stephen Curry,-4.8,82.19999999999999,True
Stephen Curry,-18.0,76.2,True
Stephen Curry,-12.0,379.8,False
Stephen Curry,2.4,78.6,True
Stephen Curry,16.799999999999997,385.8,False
Stephen Curry,-1.2,82.19999999999999,False
Stephen Curry,8.399999999999999,76.2,False
Stephen Curry,2.4,66.6,True
Stephen Curry,-18.0,395.40000000000003,True
Stephen Curry,22.8,689.4,False
Stephen Curry,-16.799999999999997,71.39999999999999,True
Stephen Curry,51.599999999999994,402.59999999999997,False
Stephen Curry,1.2,88.19999999999999,True
Stephen Curry,22.8,78.6,False
Stephen Curry,-4.8,57.0,False
Stephen Curry,140.4,294.59999999999997,False
Stephen Curry,13.200000000000003,94.2,True
Stephen Curry,165.6,341.4,False
Stephen Curry,4.8,65.4,True
Stephen Curry,1.2,94.2,True
Stephen Curry,7.2,412.2,True
Stephen Curry,16.799999999999997,155.4,False
Stephen Curry,180.0,315.0,False
Stephen Curry,-26.400000000000006,94.2,False
Stephen Curry,-234.0,261.0,False
Stephen Curry,-115.2,226.2,False
Stephen Curry,-128.39999999999998,330.6,True
Stephen Curry,-276.0,76.2,False
Stephen Curry,-20.400000000000002,94.2,False
Stephen Curry,-156.0,229.8,False
Stephen Curry,-201.60000000000002,294.59999999999997,True
Stephen Curry,-140.4,355.8,True
Stephen Curry,224.4,207.0,True
Stephen Curry,-4.8,65.4,False
Stephen Curry,-115.2,349.79999999999995,False
Stephen Curry,-7.2,377.4,True
Stephen Curry,242.4,294.59999999999997,True
Stephen Curry,1.2,94.2,False
Stephen Curry,241.20000000000002,247.79999999999995,False
Stephen Curry,273.6,102.60000000000001,False
Stephen Curry,22.8,424.20000000000005,False
Stephen Curry,24.0,82.19999999999999,True
Stephen Curry,128.39999999999998,341.4,True
Stephen Curry,171.60000000000002,324.6,False
Stephen Curry,-10.8,78.6,False
Stephen Curry,-214.79999999999998,294.59999999999997,False
Stephen Curry,192.0,319.79999999999995,False
Stephen Curry,-16.799999999999997,78.6,False
Stephen Curry,-2.4,82.19999999999999,True
Stephen Curry,20.400000000000002,355.8,False
Stephen Curry,-10.8,76.2,True
Stephen Curry,42.0,367.8,False
Stephen Curry,-0.0,259.79999999999995,True
Stephen Curry,248.4,261.0,False
Stephen Curry,252.0,291.0,True
Stephen Curry,87.6,306.6,True
Stephen Curry,93.6,365.4,True
Stephen Curry,-67.19999999999999,306.6,True
Stephen Curry,99.60000000000001,276.6,True
Stephen Curry,-14.4,78.6,True
Stephen Curry,-218.4,294.59999999999997,False
Stephen Curry,211.20000000000005,336.6,True
Stephen Curry,-238.8,247.79999999999995,False
Stephen Curry,13.200000000000003,94.2,False
Stephen Curry,-22.8,389.40000000000003,False
Stephen Curry,199.20000000000002,88.19999999999999,False
Stephen Curry,-132.0,247.79999999999995,False
Stephen Curry,170.39999999999998,324.6,False
Stephen Curry,-73.2,271.79999999999995,True
Stephen Curry,-69.6,276.6,True
Stephen Curry,22.8,108.60000000000002,False
Stephen Curry,-116.4,371.4,False
Stephen Curry,88.80000000000001,347.4,True
Stephen Curry,-18.0,82.19999999999999,False
Stephen Curry,140.4,407.40000000000003,True
Stephen Curry,252.0,259.79999999999995,True
Stephen Curry,-12.0,90.6,False
Stephen Curry,260.4,214.20000000000005,False
Stephen Curry,4.8,312.6,True
Stephen Curry,279.6,72.6,False
Stephen Curry,-2.4,371.4,False
Stephen Curry,270.0,76.2,True
Stephen Curry,201.60000000000002,276.6,False
Stephen Curry,-19.2,329.40000000000003,True
Stephen Curry,93.6,250.20000000000002,False
Stephen Curry,-28.8,72.6,True
Stephen Curry,272.4,84.6,False
Stephen Curry,2.4,88.19999999999999,True
Stephen Curry,-164.39999999999998,330.6,True
Stephen Curry,40.800000000000004,355.8,True
Stephen Curry,-177.60000000000002,235.8,False
Stephen Curry,-18.0,76.2,True
Stephen Curry,-4.8,65.4,True
Stephen Curry,-57.6,347.4,False
Stephen Curry,-211.20000000000005,108.60000000000002,False
Stephen Curry,-282.0,71.39999999999999,False
Stephen Curry,-171.60000000000002,66.6,False
Stephen Curry,-201.60000000000002,61.800000000000004,True
Stephen Curry,-79.19999999999999,141.0,False
Stephen Curry,246.0,235.8,True
Stephen Curry,-244.79999999999995,250.20000000000002,False
Stephen Curry,168.0,325.79999999999995,True
Stephen Curry,-211.20000000000005,341.4,False
Stephen Curry,10.8,84.6,False
Stephen Curry,-144.0,336.6,False
Stephen Curry,-212.39999999999998,424.20000000000005,False
Stephen Curry,-116.4,353.4,False
Stephen Curry,51.599999999999994,118.2,True
Stephen Curry,7.2,190.2,True
Stephen Curry,-199.20000000000002,319.79999999999995,False
Stephen Curry,-70.80000000000001,208.20000000000005,True
Stephen Curry,-2.4,71.39999999999999,False
Stephen Curry,-199.20000000000002,343.79999999999995,False
Stephen Curry,-1.2,72.6,True
Stephen Curry,-144.0,341.4,True
Stephen Curry,-248.4,282.6,True
Stephen Curry,-255.60000000000002,244.20000000000002,True
Stephen Curry,-121.2,347.4,True
Stephen Curry,45.6,259.79999999999995,False
Stephen Curry,-224.4,267.0,False
Stephen Curry,127.19999999999999,229.8,True
Stephen Curry,19.2,377.4,True
Stephen Curry,-87.6,202.20000000000002,False
Stephen Curry,-16.799999999999997,90.6,True
Stephen Curry,-12.0,84.6,True
Stephen Curry,-12.0,76.2,True
Stephen Curry,-4.8,76.2,True
Stephen Curry,-109.2,343.79999999999995,False
Stephen Curry,-32.4,100.19999999999999,True
Stephen Curry,-44.400000000000006,343.79999999999995,False
Stephen Curry,-20.400000000000002,300.6,False
Stephen Curry,-273.6,96.60000000000001,True
Stephen Curry,8.399999999999999,401.40000000000003,False
Stephen Curry,-1.2,217.79999999999998,True
Stephen Curry,13.200000000000003,179.4,True
Stephen Curry,-273.6,118.2,True
Stephen Curry,-267.6,88.19999999999999,False
Stephen Curry,1.2,161.39999999999998,True
Stephen Curry,-10.8,65.4,True
Stephen Curry,-177.60000000000002,367.8,True
Stephen Curry,-104.39999999999999,253.79999999999998,False
Stephen Curry,4.8,94.2,True
Stephen Curry,170.39999999999998,325.79999999999995,False
Stephen Curry,142.79999999999998,349.79999999999995,False
Stephen Curry,73.2,165.0,False
Stephen Curry,16.799999999999997,136.2,True
Stephen Curry,-44.400000000000006,303.0,False
Stephen Curry,-122.39999999999998,336.6,True
Stephen Curry,-168.0,907.8000000000002,False
Stephen Curry,130.8,355.8,False
Stephen Curry,-75.6,349.79999999999995,False
Stephen Curry,8.399999999999999,94.2,True
Stephen Curry,-26.400000000000006,401.40000000000003,False
Stephen Curry,34.8,365.4,True
Stephen Curry,-283.20000000000005,130.2,False
Stephen Curry,-73.2,288.59999999999997,False
Stephen Curry,-169.2,373.8,True
Stephen Curry,-4.8,250.20000000000002,True
Stephen Curry,-32.4,420.5999999999999,False
Stephen Curry,-1.2,84.6,True
Stephen Curry,10.8,379.8,False
Stephen Curry,-67.19999999999999,408.5999999999999,False
Stephen Curry,-168.0,223.79999999999998,False
Stephen Curry,-144.0,244.20000000000002,True
Stephen Curry,-4.8,94.2,False
Stephen Curry,63.599999999999994,390.59999999999997,False
Stephen Curry,73.2,461.40000000000003,True
Stephen Curry,-138.0,271.79999999999995,True
Stephen Curry,217.20000000000005,306.6,False
Stephen Curry,-1.2,76.2,True
Stephen Curry,-20.400000000000002,76.2,False
Stephen Curry,199.20000000000002,294.59999999999997,True
Stephen Curry,-183.60000000000002,100.19999999999999,False
Stephen Curry,-82.8,360.59999999999997,False
Stephen Curry,-12.0,90.6,False
Stephen Curry,-246.0,241.79999999999995,True
Stephen Curry,4.8,90.6,False
Stephen Curry,256.79999999999995,102.60000000000001,True
Stephen Curry,24.0,85.80000000000001,False
Stephen Curry,-60.0,371.4,False
Stephen Curry,-181.2,324.6,True
Stephen Curry,-2.4,71.39999999999999,True
Stephen Curry,217.20000000000005,347.4,False
Stephen Curry,-270.0,141.0,True
Stephen Curry,-0.0,82.19999999999999,True
Stephen Curry,-7.2,88.19999999999999,False
Stephen Curry,-248.4,253.79999999999998,False
Stephen Curry,14.4,76.2,True
Stephen Curry,22.8,84.6,False
Stephen Curry,-138.0,229.8,False
Stephen Curry,110.39999999999999,124.2,True
Stephen Curry,10.8,72.6,True
Stephen Curry,282.0,130.2,True
Stephen Curry,19.2,282.6,False
Stephen Curry,148.8,247.79999999999995,False
Stephen Curry,176.39999999999998,337.79999999999995,True
Stephen Curry,2.4,65.4,True
Stephen Curry,24.0,159.0,False
Stephen Curry,109.2,355.8,False
Stephen Curry,-88.80000000000001,383.4,False
Stephen Curry,34.8,389.40000000000003,True
Stephen Curry,-72.0,201.0,True
Stephen Curry,273.6,202.20000000000002,True
Stephen Curry,-1.2,57.0,True
Stephen Curry,-234.0,253.79999999999998,False
Stephen Curry,122.39999999999998,208.20000000000005,False
Stephen Curry,-165.6,318.6,False
Stephen Curry,-22.8,124.2,True
Stephen Curry,279.6,207.0,False
Stephen Curry,56.4,167.39999999999998,False
Stephen Curry,288.0,65.4,True
Stephen Curry,285.59999999999997,201.0,False
Stephen Curry,282.0,171.0,False
Stephen Curry,-187.2,153.0,False
Stephen Curry,158.39999999999998,336.6,True
Stephen Curry,1.2,66.6,True
Stephen Curry,-169.2,184.2,False
Stephen Curry,-270.0,229.8,True
Stephen Curry,-255.60000000000002,232.2,False
Stephen Curry,-283.20000000000005,159.0,True
Stephen Curry,-264.0,217.79999999999998,False
Stephen Curry,8.399999999999999,183.0,False
Stephen Curry,158.39999999999998,330.6,False
Stephen Curry,272.4,217.79999999999998,True
Stephen Curry,230.4,253.79999999999998,False
Stephen Curry,2.4,61.800000000000004,False
Stephen Curry,284.4,72.6,True
Stephen Curry,67.19999999999999,365.4,False
Stephen Curry,-32.4,261.0,True
Stephen Curry,214.79999999999998,306.6,True
Stephen Curry,-112.8,336.6,False
Stephen Curry,288.0,55.8,False
Stephen Curry,-136.8,94.2,False
Stephen Curry,250.79999999999995,88.19999999999999,True
Stephen Curry,-220.79999999999998,253.79999999999998,False
Stephen Curry,-112.8,330.6,True
Stephen Curry,-57.6,593.4,False
Stephen Curry,279.6,112.2,False
Stephen Curry,124.80000000000001,183.0,True
Stephen Curry,26.400000000000006,55.8,False
Stephen Curry,-103.19999999999999,235.8,False
Stephen Curry,-10.8,636.6,False
Stephen Curry,-272.4,61.800000000000004,True
Stephen Curry,266.4,155.4,False
Stephen Curry,-180.0,309.0,False
Stephen Curry,278.4,40.2,False
Stephen Curry,168.0,106.19999999999999,True
Stephen Curry,150.0,318.6,False
Stephen Curry,-118.8,353.4,False
Stephen Curry,-202.79999999999998,282.6,True
Stephen Curry,8.399999999999999,71.39999999999999,False
Stephen Curry,238.8,235.8,False
Stephen Curry,-38.4,377.4,True
Stephen Curry,1.2,65.4,True
Stephen Curry,-87.6,359.4,False
Stephen Curry,-153.6,325.79999999999995,True
Stephen Curry,1.2,82.19999999999999,True
Stephen Curry,-110.39999999999999,147.0,False
Stephen Curry,75.6,276.6,False
Stephen Curry,10.8,96.60000000000001,False
Stephen Curry,-2.4,88.19999999999999,True
Stephen Curry,152.4,341.4,False
Stephen Curry,2.4,71.39999999999999,True
Stephen Curry,88.80000000000001,355.8,True
Stephen Curry,-276.0,65.4,False
Stephen Curry,-152.4,241.79999999999995,False
Stephen Curry,170.39999999999998,349.79999999999995,True
Stephen Curry,-193.20000000000002,315.0,False
Stephen Curry,-158.39999999999998,401.40000000000003,True
Stephen Curry,-10.8,82.19999999999999,False
Stephen Curry,7.2,359.4,False
Stephen Curry,10.8,147.0,False
Stephen Curry,1.2,90.6,True
Stephen Curry,264.0,229.8,False
Stephen Curry,-267.6,167.39999999999998,True
Stephen Curry,262.79999999999995,235.8,True
Stephen Curry,202.79999999999998,337.79999999999995,True
Stephen Curry,-7.2,389.40000000000003,False
Stephen Curry,186.0,324.6,False
Stephen Curry,258.0,137.39999999999998,False
Stephen Curry,2.4,377.4,False
Stephen Curry,-30.0,88.19999999999999,True
Stephen Curry,-276.0,82.19999999999999,True
Stephen Curry,193.20000000000002,355.8,False
Stephen Curry,223.2,265.79999999999995,True
Stephen Curry,1.2,65.4,False
Stephen Curry,-10.8,72.6,False
Stephen Curry,116.4,247.79999999999995,False
Stephen Curry,-28.8,114.6,False
Stephen Curry,232.8,282.6,False
Stephen Curry,236.4,297.0,False
Stephen Curry,213.6,189.0,False
Stephen Curry,28.8,71.39999999999999,True
Stephen Curry,240.0,85.80000000000001,True
Stephen Curry,-116.4,349.79999999999995,False
Stephen Curry,16.799999999999997,65.4,False
Stephen Curry,-18.0,71.39999999999999,False
Stephen Curry,-180.0,130.2,False
Stephen Curry,-177.60000000000002,82.19999999999999,False
Stephen Curry,24.0,72.6,False
Stephen Curry,-138.0,196.20000000000002,False
Stephen Curry,-175.2,265.79999999999995,True
Stephen Curry,-106.8,361.8,True
Stephen Curry,250.79999999999995,261.0,True
Stephen Curry,-14.4,72.6,True
Stephen Curry,10.8,559.8000000000001,False
Stephen Curry,-28.8,71.39999999999999,True
Stephen Curry,26.400000000000006,66.6,True
Stephen Curry,-232.8,282.6,False
Stephen Curry,-7.2,383.4,True
Stephen Curry,279.6,112.2,True
Stephen Curry,195.6,306.6,True
Stephen Curry,-156.0,72.6,False
Stephen Curry,198.0,291.0,False
Stephen Curry,-16.799999999999997,71.39999999999999,True
Stephen Curry,-168.0,318.6,False
Stephen Curry,-165.6,318.6,False
Stephen Curry,-0.0,365.4,True
Stephen Curry,152.4,319.79999999999995,True
Stephen Curry,-153.6,235.8,True
Stephen Curry,-14.4,71.39999999999999,False
Stephen Curry,13.200000000000003,82.19999999999999,True
Stephen Curry,-28.8,100.19999999999999,False
Stephen Curry,-7.2,88.19999999999999,True
Stephen Curry,-159.6,220.20000000000005,False
Stephen Curry,-118.8,265.79999999999995,False
Stephen Curry,199.20000000000002,282.6,False
Stephen Curry,127.19999999999999,343.79999999999995,False
Stephen Curry,-164.39999999999998,319.79999999999995,True
Stephen Curry,28.8,55.8,False
Stephen Curry,-36.0,71.39999999999999,False
Stephen Curry,-81.60000000000001,353.4,False
Stephen Curry,-126.0,355.8,True
Stephen Curry,-76.8,353.4,False
Stephen Curry,-246.0,253.79999999999998,False
Stephen Curry,-126.0,341.4,False
Stephen Curry,-150.0,330.6,True
Stephen Curry,-4.8,923.4000000000001,False
Stephen Curry,-50.400000000000006,361.8,False
Stephen Curry,16.799999999999997,61.800000000000004,True
Stephen Curry,63.599999999999994,365.4,False
Stephen Curry,-22.8,65.4,True
Stephen Curry,270.0,159.0,False
Stephen Curry,-122.39999999999998,265.79999999999995,False
Stephen Curry,-278.4,78.6,False
Stephen Curry,-150.0,318.6,True
Stephen Curry,278.4,66.6,False
Stephen Curry,109.2,285.0,False
Stephen Curry,-26.400000000000006,63.0,True
Stephen Curry,97.2,76.2,False
Stephen Curry,-232.8,312.6,False
Stephen Curry,-264.0,201.0,False
Stephen Curry,87.6,336.6,False
Stephen Curry,122.39999999999998,276.6,True
Stephen Curry,260.4,171.0,True
Stephen Curry,-278.4,88.19999999999999,True
Stephen Curry,-138.0,330.6,True
Stephen Curry,112.8,359.4,False
Stephen Curry,1.2,202.20000000000002,False
Stephen Curry,192.0,330.6,False
Stephen Curry,-7.2,72.6,True
Stephen Curry,-169.2,330.6,False
Stephen Curry,-288.0,66.6,False
Stephen Curry,-196.79999999999998,814.1999999999999,False
Stephen Curry,158.39999999999998,315.0,False
Stephen Curry,-7.2,88.19999999999999,True
Stephen Curry,-24.0,84.6,True
Stephen Curry,276.0,66.6,False
Stephen Curry,8.399999999999999,88.19999999999999,True
Stephen Curry,198.0,196.20000000000002,True
Stephen Curry,7.2,76.2,True
Stephen Curry,-30.0,65.4,True
Stephen Curry,56.4,448.20000000000005,False
Stephen Curry,-97.2,371.4,False
Stephen Curry,-0.0,72.6,True
Stephen Curry,279.6,88.19999999999999,True
Stephen Curry,10.8,82.19999999999999,True
Stephen Curry,-278.4,141.0,False
Stephen Curry,229.2,682.2,False
Stephen Curry,-91.2,359.4,False
Stephen Curry,-48.0,367.8,False
Stephen Curry,32.4,106.19999999999999,False
Stephen Curry,-174.0,324.6,True
Stephen Curry,-111.6,103.8,False
Stephen Curry,8.399999999999999,124.2,True
Stephen Curry,-138.0,347.4,True
Stephen Curry,34.8,159.0,False
Stephen Curry,-110.39999999999999,112.2,True
Stephen Curry,250.79999999999995,247.79999999999995,True
Stephen Curry,244.79999999999995,247.79999999999995,True
Stephen Curry,-0.0,76.2,True
Stephen Curry,134.39999999999998,347.4,False
Stephen Curry,-12.0,78.6,True
Stephen Curry,-82.8,383.4,False
Stephen Curry,-4.8,214.20000000000005,False
Stephen Curry,273.6,136.2,True
Stephen Curry,201.60000000000002,294.59999999999997,True
Stephen Curry,-116.4,253.79999999999998,True
Stephen Curry,19.2,78.6,False
Stephen Curry,-94.8,347.4,False
Stephen Curry,-153.6,324.6,False
Stephen Curry,-272.4,153.0,True
Stephen Curry,16.799999999999997,84.6,True
Stephen Curry,-106.8,365.4,False
Stephen Curry,-132.0,265.79999999999995,True
Stephen Curry,-276.0,82.19999999999999,False
Stephen Curry,-220.79999999999998,259.79999999999995,True
Stephen Curry,-10.8,385.8,False
Stephen Curry,-174.0,211.79999999999998,False
Stephen Curry,-278.4,131.39999999999998,False
Stephen Curry,100.80000000000001,377.4,True
Stephen Curry,-10.8,82.19999999999999,True
Stephen Curry,-2.4,71.39999999999999,True
Stephen Curry,138.0,336.6,False
Stephen Curry,-0.0,88.19999999999999,False
Stephen Curry,-181.2,359.4,False
Stephen Curry,10.8,208.20000000000005,False
Stephen Curry,214.79999999999998,330.6,True
Stephen Curry,79.19999999999999,361.8,False
Stephen Curry,54.0,201.0,True
Stephen Curry,124.80000000000001,361.8,False
Stephen Curry,-30.0,379.8,False
Stephen Curry,195.6,337.79999999999995,True
Stephen Curry,4.8,118.2,True
Stephen Curry,111.6,121.8,False
Stephen Curry,-4.8,71.39999999999999,False
Stephen Curry,-2.4,365.4,False
Stephen Curry,-124.80000000000001,336.6,True
Stephen Curry,-142.79999999999998,207.0,True
Stephen Curry,-4.8,106.19999999999999,False
Stephen Curry,-246.0,265.79999999999995,False
Stephen Curry,-187.2,336.6,False
Stephen Curry,28.8,291.0,False
Stephen Curry,202.79999999999998,318.6,True
Stephen Curry,-229.2,288.59999999999997,False
Stephen Curry,-98.39999999999999,353.4,False
Stephen Curry,235.2,267.0,True
Stephen Curry,36.0,377.4,False
Stephen Curry,-7.2,82.19999999999999,True
Stephen Curry,93.6,373.8,False
Stephen Curry,127.19999999999999,389.40000000000003,True
Stephen Curry,-270.0,94.2,True
Stephen Curry,-10.8,84.6,True
Stephen Curry,-0.0,94.2,True
Stephen Curry,-4.8,165.0,True
Stephen Curry,-177.60000000000002,76.2,False
Stephen Curry,-93.6,279.0,True
Stephen Curry,170.39999999999998,361.8,True
Stephen Curry,-10.8,90.6,False
Stephen Curry,-104.39999999999999,100.19999999999999,True
Stephen Curry,224.4,303.0,False
Stephen Curry,-14.4,100.19999999999999,True
Stephen Curry,-115.2,88.19999999999999,True
Stephen Curry,198.0,383.4,False
Stephen Curry,87.6,217.79999999999998,True
Stephen Curry,285.59999999999997,147.0,True
Stephen Curry,19.2,72.6,True
Stephen Curry,-9.6,60.6,True
Stephen Curry,-133.2,341.4,False
Stephen Curry,-6.0,358.20000000000005,True
Stephen Curry,-146.4,352.20000000000005,True
Stephen Curry,-246.0,217.79999999999998,False
Stephen Curry,-0.0,64.19999999999999,True
Stephen Curry,-15.600000000000001,70.2,True
Stephen Curry,-189.6,287.4,False
Stephen Curry,-0.0,64.19999999999999,False
Stephen Curry,-176.39999999999998,246.60000000000002,False
Stephen Curry,114.0,429.0,False
Stephen Curry,157.2,319.79999999999995,True
Stephen Curry,284.4,64.19999999999999,True
Stephen Curry,216.0,258.6,False
Stephen Curry,2.4,76.2,False
Stephen Curry,-180.0,293.4,False
Stephen Curry,-183.60000000000002,306.6,False
Stephen Curry,-1.2,76.2,True
Stephen Curry,-20.400000000000002,88.19999999999999,False
Stephen Curry,211.20000000000005,282.6,False
Stephen Curry,-278.4,141.0,True
Stephen Curry,-10.8,82.19999999999999,True
Stephen Curry,-45.6,772.1999999999999,False
Stephen Curry,235.2,271.79999999999995,False
Stephen Curry,-12.0,82.19999999999999,True
Stephen Curry,238.8,259.79999999999995,True
Stephen Curry,45.6,377.4,True
Stephen Curry,-152.4,285.0,False
Stephen Curry,224.4,288.59999999999997,True
Stephen Curry,40.800000000000004,106.19999999999999,True
Stephen Curry,202.79999999999998,306.6,True
Stephen Curry,26.400000000000006,377.4,False
Stephen Curry,-112.8,365.4,True
Stephen Curry,258.0,238.20000000000002,True
Stephen Curry,7.2,377.4,False
Stephen Curry,118.8,291.0,True
Stephen Curry,132.0,106.19999999999999,True
Stephen Curry,1.2,65.4,True
Stephen Curry,-258.0,229.8,True
Stephen Curry,-85.19999999999999,66.6,True
Stephen Curry,-214.79999999999998,276.6,True
Stephen Curry,-250.79999999999995,223.79999999999998,False
Stephen Curry,284.4,65.4,False
Stephen Curry,138.0,341.4,False
Stephen Curry,4.8,300.6,False
Stephen Curry,10.8,389.40000000000003,False
Stephen Curry,-18.0,71.39999999999999,True
Stephen Curry,36.0,385.8,False
Stephen Curry,-2.4,71.39999999999999,True
Stephen Curry,242.4,276.6,False
Stephen Curry,-54.0,161.39999999999998,False
Stephen Curry,254.39999999999998,49.800000000000004,True
Stephen Curry,1.2,65.4,False
Stephen Curry,272.4,100.19999999999999,False
Stephen Curry,256.79999999999995,250.20000000000002,False
Stephen Curry,-0.0,71.39999999999999,True
Stephen Curry,-16.799999999999997,408.5999999999999,False
Stephen Curry,-276.0,112.2,True
Stephen Curry,-44.400000000000006,377.4,False
Stephen Curry,3.6,55.8,False
Stephen Curry,177.60000000000002,315.0,False
Stephen Curry,-60.0,71.39999999999999,False
Stephen Curry,-2.4,63.0,True
Stephen Curry,-88.80000000000001,137.39999999999998,True
Stephen Curry,236.4,276.6,False
Stephen Curry,-94.8,355.8,False
Stephen Curry,-106.8,407.40000000000003,False
Stephen Curry,10.8,82.19999999999999,True
Stephen Curry,-279.6,131.39999999999998,True
Stephen Curry,8.399999999999999,66.6,False
Stephen Curry,-282.0,88.19999999999999,False
Stephen Curry,122.39999999999998,267.0,False
Stephen Curry,244.79999999999995,294.59999999999997,False
Stephen Curry,-10.8,57.0,True
Stephen Curry,-12.0,371.4,True
Stephen Curry,-162.0,330.6,False
Stephen Curry,217.20000000000005,537.0,False
Stephen Curry,30.0,71.39999999999999,True
Stephen Curry,16.799999999999997,377.4,False
Stephen Curry,79.19999999999999,324.6,True
Stephen Curry,-162.0,324.6,False
Stephen Curry,174.0,84.6,False
Stephen Curry,-165.6,324.6,False
Stephen Curry,32.4,130.2,True
Stephen Curry,-1.2,82.19999999999999,False
Stephen Curry,-10.8,72.6,False
Stephen Curry,-278.4,208.20000000000005,False
Stephen Curry,116.4,265.79999999999995,False
Stephen Curry,-66.0,377.4,False
Stephen Curry,-186.0,161.39999999999998,False
Stephen Curry,-171.60000000000002,312.6,True
Stephen Curry,-201.60000000000002,309.0,True
Stephen Curry,171.60000000000002,161.39999999999998,True
Stephen Curry,176.39999999999998,325.79999999999995,False
Stephen Curry,-0.0,73.80000000000001,False
Stephen Curry,-42.0,55.8,True
Stephen Curry,22.8,65.4,True
Stephen Curry,-180.0,306.6,False
Stephen Curry,1.2,66.6,True
Stephen Curry,-230.4,250.20000000000002,True
Stephen Curry,7.2,371.4,False
Stephen Curry,116.4,309.0,True
Stephen Curry,40.800000000000004,72.6,True
Stephen Curry,34.8,76.2,True
Stephen Curry,-248.4,244.20000000000002,False
Stephen Curry,-10.8,114.6,False
Stephen Curry,-39.599999999999994,184.2,False
Stephen Curry,1.2,88.19999999999999,True
Stephen Curry,-18.0,389.40000000000003,True
Stephen Curry,-33.599999999999994,359.4,True
Stephen Curry,180.0,353.4,False
Stephen Curry,-63.599999999999994,238.20000000000002,False
Stephen Curry,230.4,267.0,False
Stephen Curry,7.2,408.5999999999999,False
Stephen Curry,112.8,361.8,True
Stephen Curry,-0.0,88.19999999999999,True
Stephen Curry,-136.8,336.6,False
Stephen Curry,84.0,165.0,True
Stephen Curry,-55.199999999999996,365.4,True
Stephen Curry,8.399999999999999,88.19999999999999,False
Stephen Curry,278.4,84.6,True
Stephen Curry,10.8,66.6,True
Stephen Curry,-186.0,359.4,False
Stephen Curry,-128.39999999999998,448.20000000000005,False
Stephen Curry,246.0,297.0,True
Stephen Curry,211.20000000000005,341.4,True
Stephen Curry,241.20000000000002,241.79999999999995,True
Stephen Curry,284.4,49.800000000000004,False
Stephen Curry,-81.60000000000001,353.4,True
Stephen Curry,14.4,55.8,True
Stephen Curry,-248.4,76.2,False
Stephen Curry,291.59999999999997,49.800000000000004,False
Stephen Curry,20.400000000000002,65.4,True
Stephen Curry,176.39999999999998,312.6,False
Stephen Curry,187.2,300.6,True
Stephen Curry,177.60000000000002,309.0,True
Stephen Curry,44.400000000000006,383.4,False
Stephen Curry,176.39999999999998,312.6,True
Stephen Curry,-30.0,71.39999999999999,True
Stephen Curry,-152.4,424.20000000000005,True
Stephen Curry,-106.8,189.0,True
Stephen Curry,-195.6,217.79999999999998,True
Stephen Curry,-0.0,96.60000000000001,True
Stephen Curry,16.799999999999997,383.4,True
Stephen Curry,284.4,65.4,False
Stephen Curry,42.0,379.8,False
Stephen Curry,-218.4,276.6,True
Stephen Curry,164.39999999999998,395.40000000000003,True
Stephen Curry,-12.0,82.19999999999999,True
Stephen Curry,279.6,65.4,False
Stephen Curry,248.4,297.0,False
Stephen Curry,1.2,131.39999999999998,False
Stephen Curry,-85.19999999999999,365.4,True
Stephen Curry,106.8,347.4,True
Stephen Curry,232.8,253.79999999999998,True
Stephen Curry,-152.4,331.79999999999995,False
Stephen Curry,235.2,247.79999999999995,True
Stephen Curry,-2.4,131.39999999999998,False
Stephen Curry,109.2,365.4,True
Stephen Curry,144.0,336.6,True
Stephen Curry,-153.6,235.8,False
Stephen Curry,266.4,208.20000000000005,False
Stephen Curry,-48.0,201.0,False
Stephen Curry,170.39999999999998,82.19999999999999,True
Stephen Curry,-22.8,377.4,True
Stephen Curry,183.60000000000002,705.0,False
Stephen Curry,1.2,76.2,True
Stephen Curry,-4.8,153.0,False
Stephen Curry,19.2,373.8,True
Stephen Curry,248.4,282.6,True
Stephen Curry,241.20000000000002,261.0,True
Stephen Curry,195.6,259.79999999999995,False
Stephen Curry,279.6,100.19999999999999,True
Stephen Curry,220.79999999999998,306.6,True
Stephen Curry,63.599999999999994,389.40000000000003,False
Stephen Curry,235.2,336.6,True
Stephen Curry,-1.2,76.2,True
Stephen Curry,146.4,330.6,False
Stephen Curry,12.0,66.6,True
Stephen Curry,-44.400000000000006,348.6,False
Stephen Curry,294.0,175.8,False
Stephen Curry,101.99999999999999,354.6,False
Stephen Curry,25.200000000000003,63.0,False
Stephen Curry,203.99999999999997,295.8,False
Stephen Curry,21.6,64.19999999999999,True
Stephen Curry,139.2,330.6,False
Stephen Curry,295.20000000000005,55.8,False
Stephen Curry,192.0,231.0,True
Stephen Curry,242.4,112.2,False
Stephen Curry,21.6,64.19999999999999,True
Stephen Curry,272.4,135.0,False
Stephen Curry,-1.2,64.19999999999999,True
Stephen Curry,278.4,199.79999999999998,False
Stephen Curry,235.2,264.6,False
Stephen Curry,8.399999999999999,438.59999999999997,False
Stephen Curry,10.8,82.19999999999999,True
Stephen Curry,-276.0,94.2,True
Stephen Curry,40.800000000000004,106.19999999999999,False
Stephen Curry,-261.6,235.8,True
Stephen Curry,-38.4,276.6,True
Stephen Curry,-20.400000000000002,88.19999999999999,False
Stephen Curry,-98.39999999999999,355.8,False
Stephen Curry,-20.400000000000002,94.2,False
Stephen Curry,40.800000000000004,161.39999999999998,False
Stephen Curry,272.4,214.20000000000005,False
Stephen Curry,-181.2,303.0,False
Stephen Curry,4.8,82.19999999999999,True
Stephen Curry,7.2,76.2,True
Stephen Curry,-124.80000000000001,337.79999999999995,True
Stephen Curry,-10.8,65.4,True
Stephen Curry,-122.39999999999998,300.6,False
Stephen Curry,26.400000000000006,71.39999999999999,True
Stephen Curry,-20.400000000000002,65.4,False
Stephen Curry,-273.6,76.2,True
Stephen Curry,-79.19999999999999,78.6,False
Stephen Curry,-76.8,365.4,False
Stephen Curry,2.4,408.5999999999999,True
Stephen Curry,-14.4,65.4,True
Stephen Curry,-97.2,341.4,True
Stephen Curry,252.0,306.6,True
Stephen Curry,-7.2,547.8,False
Stephen Curry,63.599999999999994,241.79999999999995,False
Stephen Curry,150.0,271.79999999999995,False
Stephen Curry,-98.39999999999999,379.8,False
Stephen Curry,-12.0,66.6,True
Stephen Curry,26.400000000000006,65.4,True
Stephen Curry,-61.19999999999999,223.79999999999998,False
Stephen Curry,118.8,365.4,False
Stephen Curry,276.0,66.6,False
Stephen Curry,202.79999999999998,88.19999999999999,False
Stephen Curry,278.4,37.8,False
Stephen Curry,67.19999999999999,285.0,True
Stephen Curry,2.4,84.6,False
Stephen Curry,19.2,149.4,False
Stephen Curry,-181.2,341.4,False
Stephen Curry,109.2,365.4,True
Stephen Curry,42.0,106.19999999999999,True
Stephen Curry,154.8,114.6,False
Stephen Curry,-282.0,207.0,True
Stephen Curry,278.4,61.800000000000004,False
Stephen Curry,-22.8,71.39999999999999,False
Stephen Curry,176.39999999999998,319.79999999999995,True
Stephen Curry,-69.6,119.4,True
Stephen Curry,-1.2,365.4,True
Stephen Curry,202.79999999999998,136.2,True
Stephen Curry,66.0,371.4,False
Stephen Curry,-4.8,72.6,True
Stephen Curry,-22.8,71.39999999999999,False
Stephen Curry,-162.0,324.6,False
Stephen Curry,24.0,72.6,False
Stephen Curry,7.2,309.0,True
Stephen Curry,-76.8,430.20000000000005,False
Stephen Curry,165.6,377.4,True
Stephen Curry,-20.400000000000002,71.39999999999999,True
Stephen Curry,273.6,61.800000000000004,True
Stephen Curry,213.6,303.0,False
Stephen Curry,16.799999999999997,71.39999999999999,False
Stephen Curry,-10.8,94.2,True
Stephen Curry,205.20000000000002,171.0,False
Stephen Curry,-126.0,353.4,True
Stephen Curry,-22.8,359.4,False
Stephen Curry,187.2,306.6,False
Stephen Curry,26.400000000000006,82.19999999999999,False
Stephen Curry,128.39999999999998,336.6,True
Stephen Curry,278.4,94.2,False
Stephen Curry,-2.4,112.2,True
Stephen Curry,256.79999999999995,130.2,True
Stephen Curry,-10.8,78.6,True
Stephen Curry,-9.6,69.0,True
Stephen Curry,-270.0,106.19999999999999,False
Stephen Curry,2.4,71.39999999999999,False
Stephen Curry,87.6,408.5999999999999,False
Stephen Curry,202.79999999999998,377.4,False
Stephen Curry,-156.0,365.4,False
Stephen Curry,-136.8,359.4,True
Stephen Curry,1.2,71.39999999999999,True
Stephen Curry,19.2,147.0,True
Stephen Curry,10.8,383.4,True
Stephen Curry,-195.6,232.2,False
Stephen Curry,-190.8,337.79999999999995,False
Stephen Curry,-226.8,271.79999999999995,True
Stephen Curry,-156.0,371.4,False
Stephen Curry,-19.799999999999997,99.3,False
Stephen Curry,23.28,91.98,False
Stephen Curry,-24.839999999999996,86.1,False
Stephen Curry,-25.200000000000003,87.9,True
Stephen Curry,10.32,106.61999999999999,False
Stephen Curry,-5.04,71.22,True
Stephen Curry,27.36,82.5,True
Stephen Curry,-2.1599999999999997,100.26,True
Stephen Curry,-7.080000000000001,70.61999999999999,True
Stephen Curry,3.48,103.5,False
Stephen Curry,-1.2,88.97999999999999,True
Stephen Curry,-12.48,100.74,True
Stephen Curry,-22.68,93.9,True
Stephen Curry,19.679999999999996,78.18,True
Stephen Curry,3.8400000000000003,71.94,True
Stephen Curry,-4.68,91.5,True
Stephen Curry,8.040000000000001,90.42,False
Stephen Curry,24.599999999999998,95.58,False
Stephen Curry,-0.6,98.69999999999999,False
Stephen Curry,-3.9599999999999986,73.86,True
Stephen Curry,-16.799999999999997,97.86000000000001,True
Stephen Curry,16.080000000000002,81.42,True
Stephen Curry,-1.2,102.30000000000001,False
Stephen Curry,26.759999999999998,84.9,True
Stephen Curry,21.479999999999997,91.38,True
Stephen Curry,-16.2,90.17999999999999,False
Stephen Curry,-23.28,91.26,False
Stephen Curry,-27.24,70.86000000000001,False
Stephen Curry,3.48,70.86000000000001,True
Stephen Curry,-20.28,68.82000000000001,False
Stephen Curry,11.040000000000001,99.05999999999999,True
Stephen Curry,1.9200000000000002,80.22,False
Stephen Curry,-21.720000000000002,96.89999999999999,False
Stephen Curry,21.720000000000002,92.58,True
Stephen Curry,-2.1599999999999997,70.26,True
Stephen Curry,23.64,91.74,False
Stephen Curry,-7.080000000000001,72.06,True
Stephen Curry,2.52,72.30000000000001,True
Stephen Curry,2.52,70.61999999999999,True
Stephen Curry,-3.359999999999999,102.30000000000001,False
Stephen Curry,-22.68,92.1,False
Stephen Curry,-0.8399999999999987,109.5,True
Stephen Curry,3.9599999999999986,73.26,False
Stephen Curry,-2.64,100.97999999999999,True
Stephen Curry,8.639999999999999,73.74,True
Stephen Curry,2.52,71.22,True
Stephen Curry,11.16,99.54,True
Stephen Curry,10.44,76.26,True
Stephen Curry,-13.559999999999999,98.34,False
Stephen Curry,-3.48,71.34,False
Stephen Curry,2.7600000000000002,103.38,False
Stephen Curry,0.12000000000000001,75.42,False
Stephen Curry,-27.96,69.9,False
Stephen Curry,8.280000000000001,106.38,False
Stephen Curry,-11.16,97.02000000000001,False
Stephen Curry,27.96,70.61999999999999,True
Stephen Curry,0.12000000000000001,102.77999999999999,True
Stephen Curry,13.559999999999999,102.53999999999999,False
Stephen Curry,-13.080000000000002,70.02,True
Stephen Curry,-16.919999999999998,91.74,False
Stephen Curry,-27.0,69.42,False
Stephen Curry,2.64,86.94000000000001,False
Stephen Curry,-26.640000000000004,69.42,False
Stephen Curry,-11.040000000000001,97.5,True
Stephen Curry,-1.32,70.02,True
Stephen Curry,21.479999999999997,90.53999999999999,False
Stephen Curry,0.12000000000000001,83.1,True
Stephen Curry,-0.6,70.26,True
Stephen Curry,8.399999999999999,98.10000000000001,False
Stephen Curry,-17.759999999999998,103.38,False
Stephen Curry,3.12,73.5,True
Stephen Curry,14.52,103.5,False
Stephen Curry,1.9200000000000002,71.94,True
Stephen Curry,-2.52,102.41999999999999,True
Stephen Curry,1.2,71.82000000000001,True
Stephen Curry,12.36,100.5,False
Stephen Curry,5.64,74.94,True
Stephen Curry,-16.32,87.53999999999999,False
Stephen Curry,-20.64,93.66,True
Stephen Curry,12.24,84.30000000000001,True
Stephen Curry,2.0399999999999987,70.86000000000001,True
Stephen Curry,-6.0,80.10000000000001,True
Stephen Curry,5.64,100.5,True
Stephen Curry,20.28,94.74,False
Stephen Curry,-1.2,79.5,False
Stephen Curry,13.200000000000003,82.74,True
Stephen Curry,-13.92,88.5,False
Stephen Curry,13.68,96.3,True
Stephen Curry,-0.72,79.02,False
Stephen Curry,-14.52,81.9,True
Stephen Curry,-7.32,99.18,False
Stephen Curry,8.639999999999999,73.98,False
Stephen Curry,1.2,71.22,True
Stephen Curry,-13.559999999999999,97.74,True
Stephen Curry,5.4,80.34,False
Stephen Curry,-11.040000000000001,76.74,True
Stephen Curry,-18.24,76.26,False
Stephen Curry,-12.24,103.02000000000001,False
Stephen Curry,3.72,70.86000000000001,True
Stephen Curry,1.56,77.58,False
Stephen Curry,-1.56,77.22000000000001,True
Stephen Curry,-25.68,86.34,True
Stephen Curry,-3.0,72.53999999999999,False
Stephen Curry,21.6,97.02000000000001,True
Stephen Curry,-13.080000000000002,83.58,False
Stephen Curry,-16.56,99.66,True
Stephen Curry,-2.4,71.58,False
Stephen Curry,0.12000000000000001,70.02,True
Stephen Curry,2.52,100.26,False
Stephen Curry,-3.0,98.82,False
Stephen Curry,6.480000000000001,104.46,False
Stephen Curry,-4.68,90.42,True
Stephen Curry,-0.48000000000000004,76.98,True
Stephen Curry,-19.44,92.34,False
Stephen Curry,11.76,97.74,True
Stephen Curry,0.12000000000000001,70.26,True
Stephen Curry,0.8399999999999987,71.22,False
Stephen Curry,-12.84,96.54,True
Stephen Curry,21.720000000000002,97.13999999999999,False
Stephen Curry,-1.32,69.9,False
Stephen Curry,16.56,94.62,False
Stephen Curry,-22.919999999999998,90.06,True
Stephen Curry,-17.16,103.5,False
Stephen Curry,1.8,73.98,True
Stephen Curry,-26.640000000000004,83.69999999999999,True
Stephen Curry,14.52,95.7,False
Stephen Curry,23.64,86.82000000000001,True
Stephen Curry,-10.680000000000001,97.86000000000001,False
Stephen Curry,12.36,98.34,False
Stephen Curry,26.640000000000004,68.69999999999999,False
Stephen Curry,-11.16,107.46,False
Stephen Curry,19.799999999999997,97.97999999999999,True
Stephen Curry,-0.0,106.38,False
Stephen Curry,2.4,69.30000000000001,True
Stephen Curry,0.48000000000000004,72.78000000000002,False
Stephen Curry,12.0,80.58,False
Stephen Curry,17.16,95.7,False
Stephen Curry,10.200000000000001,97.38,False
Stephen Curry,-1.0799999999999998,83.94,True
Stephen Curry,0.6,71.82000000000001,True
Stephen Curry,0.72,76.86,False
Stephen Curry,-2.52,93.30000000000001,False
Stephen Curry,17.759999999999998,94.5,True
Stephen Curry,24.839999999999996,87.30000000000001,False
Stephen Curry,3.359999999999999,70.5,False
Stephen Curry,-0.0,71.1,True
Stephen Curry,11.040000000000001,81.54,True
Stephen Curry,2.7600000000000002,82.5,False
Stephen Curry,-12.960000000000003,76.86,False
Stephen Curry,-25.68,90.06,False
Stephen Curry,1.0799999999999998,69.9,True
Stephen Curry,-0.48000000000000004,70.14,True
Stephen Curry,-24.72,85.02000000000001,False
Stephen Curry,-21.720000000000002,89.34,True
Stephen Curry,0.6,70.5,True
Stephen Curry,27.48,70.26,False
Stephen Curry,-2.52,103.86,False
Stephen Curry,-11.64,105.78,False
Stephen Curry,-0.8399999999999987,73.86,True
Stephen Curry,0.8399999999999987,103.14000000000001,True
Stephen Curry,1.44,71.1,True
Stephen Curry,-3.0,71.58,False
Stephen Curry,7.080000000000001,99.3,False
Stephen Curry,-11.76,97.62,True
Stephen Curry,2.1599999999999997,79.26,True
Stephen Curry,18.36,93.30000000000001,False
Stephen Curry,18.839999999999996,79.86,True
Stephen Curry,-23.04,89.46,False
Stephen Curry,6.600000000000001,74.34,True
Stephen Curry,10.680000000000001,91.5,False
Stephen Curry,-3.0,69.9,False
Stephen Curry,23.4,98.69999999999999,False
Stephen Curry,-22.919999999999998,82.98,True
Stephen Curry,-3.359999999999999,69.30000000000001,True
Stephen Curry,-5.04,72.17999999999999,True
Stephen Curry,2.7600000000000002,100.02000000000001,False
Stephen Curry,-0.48000000000000004,103.86,False
Stephen Curry,4.079999999999999,70.74,True
Stephen Curry,-13.559999999999999,90.17999999999999,True
Stephen Curry,-3.0,73.98,True
Stephen Curry,-4.68,72.66,True
Stephen Curry,-19.56,97.86000000000001,False
Stephen Curry,21.120000000000005,95.1,True
Stephen Curry,-11.88,91.26,False
Stephen Curry,-0.24000000000000002,103.5,False
Stephen Curry,-22.32,96.77999999999999,False
Stephen Curry,14.160000000000002,101.46,True
Stephen Curry,0.48000000000000004,101.46,True
Stephen Curry,-16.2,100.02000000000001,False
Stephen Curry,14.88,105.78,False
Stephen Curry,2.1599999999999997,71.1,False
Stephen Curry,13.799999999999999,100.26,False
Stephen Curry,-11.76,103.26000000000002,True
Stephen Curry,-4.8,90.42,False
Stephen Curry,20.28,94.38,True
Stephen Curry,0.24000000000000002,79.86,True
Stephen Curry,-22.8,89.46,False
Stephen Curry,-10.560000000000002,100.38,True
Stephen Curry,-19.799999999999997,98.34,True
Stephen Curry,15.600000000000001,96.42,True
Stephen Curry,24.0,87.78,True
Stephen Curry,-6.72,82.74,True
Stephen Curry,2.7600000000000002,83.22,True
Stephen Curry,-12.600000000000001,100.62,False
Stephen Curry,-0.24000000000000002,72.89999999999999,True
Stephen Curry,0.72,72.30000000000001,False
Stephen Curry,18.24,101.46,False
Stephen Curry,23.88,93.78000000000002,True
Stephen Curry,-5.64,100.5,False
Stephen Curry,13.200000000000003,130.26000000000002,False
Stephen Curry,-5.880000000000002,80.82,False
Stephen Curry,6.600000000000001,74.46,True
Stephen Curry,-0.8399999999999987,78.06,True
Stephen Curry,-0.72,79.62,True
Stephen Curry,18.0,97.97999999999999,False
Stephen Curry,-7.680000000000001,80.34,True
Stephen Curry,-24.72,94.62,False
Stephen Curry,-2.64,93.53999999999999,True
Stephen Curry,-6.600000000000001,71.7,False
Stephen Curry,-19.44,100.74,False
Stephen Curry,3.8400000000000003,70.38000000000001,True
Stephen Curry,7.680000000000001,70.97999999999999,False
Stephen Curry,12.48,83.34,True
Stephen Curry,2.7600000000000002,102.18000000000002,False
Stephen Curry,-3.8400000000000003,70.26,True
Stephen Curry,19.32,96.42,True
Stephen Curry,2.1599999999999997,102.53999999999999,False
Stephen Curry,6.480000000000001,88.38000000000001,True
Stephen Curry,28.44,69.30000000000001,False
Stephen Curry,21.120000000000005,95.58,False
Stephen Curry,24.359999999999996,95.82,False
Stephen Curry,16.32,96.54,True
Stephen Curry,2.52,83.94,False
Stephen Curry,-22.8,93.9,False
Stephen Curry,28.08,81.54,False
Stephen Curry,11.28,106.14000000000001,True
Stephen Curry,26.52,85.98,False
Stephen Curry,-28.2,79.26,False
Stephen Curry,-9.839999999999998,90.89999999999999,False
Stephen Curry,-3.12,103.86,True
Stephen Curry,3.9599999999999986,103.5,False
Stephen Curry,-22.080000000000002,96.05999999999999,True
Stephen Curry,-5.4,80.69999999999999,True
Stephen Curry,-12.0,93.30000000000001,True
Stephen Curry,19.32,92.46,False
Stephen Curry,14.52,96.66,False
Stephen Curry,3.0,71.46,False
Stephen Curry,-16.799999999999997,100.38,True
Stephen Curry,0.8399999999999987,78.66,True
Stephen Curry,11.64,85.74,False
Stephen Curry,-5.16,97.97999999999999,False
Stephen Curry,-27.24,70.86000000000001,True
Stephen Curry,-17.64,97.74,False
Stephen Curry,-15.600000000000001,94.26,True
Stephen Curry,-17.52,68.34,False
Stephen Curry,27.24,92.46,False
Stephen Curry,16.32,73.02,True
Stephen Curry,-11.88,97.97999999999999,False
Stephen Curry,-11.040000000000001,101.94000000000001,True
Stephen Curry,-4.4399999999999995,72.53999999999999,True
Stephen Curry,-18.36,92.46,False
Stephen Curry,-6.480000000000001,101.22000000000001,False
Stephen Curry,-12.960000000000003,100.86000000000001,True
Stephen Curry,11.52,101.22000000000001,False
Stephen Curry,11.64,108.66,False
Stephen Curry,7.919999999999999,100.86000000000001,True
Stephen Curry,27.84,74.22,False
Stephen Curry,-0.12000000000000001,86.82000000000001,True
Stephen Curry,-13.68,104.69999999999999,False
Stephen Curry,27.48,77.7,True
Stephen Curry,3.2400000000000007,71.82000000000001,True
Stephen Curry,-21.0,95.1,True
Stephen Curry,7.680000000000001,68.58,True
Stephen Curry,22.8,91.14,False
Stephen Curry,-6.600000000000001,98.94000000000001,False
Stephen Curry,26.52,86.82000000000001,True
Stephen Curry,5.04,93.9,False
Stephen Curry,25.68,88.02,False
Stephen Curry,-1.0799999999999998,73.14,True
Stephen Curry,8.280000000000001,100.97999999999999,True
Stephen Curry,-24.96,87.78,True
Stephen Curry,-27.0,77.1,False
Stephen Curry,-25.68,86.82000000000001,True
Stephen Curry,-2.1599999999999997,71.34,True
Stephen Curry,13.080000000000002,102.66,False
Stephen Curry,5.04,102.77999999999999,True
Stephen Curry,-8.280000000000001,89.46,True
Stephen Curry,-15.72,99.05999999999999,True
Stephen Curry,-10.32,82.74,True
Stephen Curry,11.28,99.18,True
Stephen Curry,11.28,99.77999999999999,False
Stephen Curry,-0.6,71.22,False
Stephen Curry,-26.52,92.7,False
Stephen Curry,13.559999999999999,97.74,True
Stephen Curry,15.839999999999998,99.54,False
Stephen Curry,-12.36,100.13999999999999,True
Stephen Curry,14.88,84.9,False
Stephen Curry,0.24000000000000002,70.61999999999999,True
Stephen Curry,10.92,101.94000000000001,True
Stephen Curry,0.12000000000000001,79.14,True
Stephen Curry,-1.9200000000000002,70.26,True
Stephen Curry,1.56,104.69999999999999,False
Stephen Curry,-27.84,70.86000000000001,False
Stephen Curry,2.64,69.78,False
Stephen Curry,-1.2,70.61999999999999,False
Stephen Curry,-21.360000000000003,92.1,True
Stephen Curry,15.24,97.02000000000001,False
Stephen Curry,4.079999999999999,70.86000000000001,False
Stephen Curry,3.359999999999999,69.9,True
Stephen Curry,13.92,100.74,True
Stephen Curry,27.96,70.38000000000001,False
Stephen Curry,16.080000000000002,87.05999999999999,False
Stephen Curry,-1.8,101.46,False
Stephen Curry,17.52,95.1,False
Stephen Curry,26.640000000000004,83.94,True
Stephen Curry,13.440000000000003,102.53999999999999,False
Stephen Curry,-3.12,72.06,False
Stephen Curry,8.040000000000001,79.26,False
Stephen Curry,-9.36,88.86000000000001,True
Stephen Curry,4.079999999999999,70.86000000000001,False
Stephen Curry,-3.0,101.34000000000002,False
Stephen Curry,16.32,99.42,False
Stephen Curry,13.68,102.53999999999999,True
Stephen Curry,-22.200000000000003,103.26000000000002,False
Stephen Curry,3.12,70.97999999999999,True
Stephen Curry,23.04,87.66,True
Stephen Curry,19.32,78.3,True
Stephen Curry,1.44,70.26,True
Stephen Curry,14.160000000000002,98.22,False
Stephen Curry,8.639999999999999,100.26,True
Stephen Curry,-5.16,75.3,False
Stephen Curry,-17.759999999999998,92.58,True
Stephen Curry,9.36,74.82,True
Stephen Curry,11.64,84.9,False
Stephen Curry,4.56,100.26,False
Stephen Curry,2.1599999999999997,71.1,False
Stephen Curry,9.96,98.34,True
Stephen Curry,-1.44,85.02000000000001,False
Stephen Curry,-26.880000000000006,73.86,False
Stephen Curry,3.0,92.94,False
Stephen Curry,7.44,100.74,True
Stephen Curry,-7.2,78.3,False
Stephen Curry,-15.72,121.74000000000001,False
Stephen Curry,23.88,94.98,False
Stephen Curry,1.9200000000000002,103.38,False
Stephen Curry,0.24000000000000002,100.62,True
Stephen Curry,-22.56,70.38000000000001,True
Stephen Curry,8.52,76.14,False
Stephen Curry,26.880000000000006,75.54,False
Stephen Curry,20.88,94.98,False
Stephen Curry,5.4,103.61999999999999,False
Stephen Curry,-14.52,83.69999999999999,True
Stephen Curry,-28.92,69.78,False
Stephen Curry,-20.76,93.9,False
Stephen Curry,6.480000000000001,92.1,True
Stephen Curry,13.68,86.82000000000001,True
Stephen Curry,-20.88,92.82000000000001,True
Stephen Curry,-0.12000000000000001,84.06,True
Stephen Curry,0.48000000000000004,107.94000000000001,False
Stephen Curry,-24.24,91.26,False
Stephen Curry,-27.599999999999998,67.74,False
Stephen Curry,-0.0,69.30000000000001,False
Stephen Curry,4.319999999999999,82.13999999999999,False
Stephen Curry,21.96,91.26,False
Stephen Curry,-23.4,94.02,False
Stephen Curry,-3.72,73.14,False
Stephen Curry,20.76,90.89999999999999,False
Stephen Curry,8.399999999999999,76.26,True
Stephen Curry,-24.359999999999996,88.26,False
Stephen Curry,3.2400000000000007,103.38,False
Stephen Curry,26.640000000000004,88.86000000000001,False
Stephen Curry,3.0,71.34,True
Stephen Curry,16.56,98.69999999999999,False
Stephen Curry,-9.839999999999998,98.94000000000001,False
Stephen Curry,-4.8,71.58,True
Stephen Curry,-24.839999999999996,90.53999999999999,True
Stephen Curry,23.64,93.30000000000001,False
Stephen Curry,16.44,67.5,True
Stephen Curry,-5.16,92.58,True
Stephen Curry,-16.080000000000002,96.77999999999999,False
Stephen Curry,-27.0,77.82,False
Stephen Curry,-6.0,71.34,False
Stephen Curry,19.32,93.9,False
Stephen Curry,28.8,75.06,True
Stephen Curry,7.44,90.53999999999999,False
Stephen Curry,-18.24,97.02000000000001,True
Stephen Curry,26.880000000000006,85.86,True
Stephen Curry,9.96,76.62,True
Stephen Curry,-9.12,102.18000000000002,False
Stephen Curry,27.24,73.86,False
Stephen Curry,-16.919999999999998,100.5,True
Stephen Curry,-21.479999999999997,97.02000000000001,False
Stephen Curry,-18.12,76.98,False
Stephen Curry,-3.8400000000000003,102.66,False
Stephen Curry,-17.4,78.06,False
Stephen Curry,-9.0,77.34,False
Stephen Curry,8.52,100.86000000000001,False
Stephen Curry,3.12,92.1,False
Stephen Curry,-20.28,95.94,False
Stephen Curry,0.8399999999999987,101.34000000000002,False
Stephen Curry,6.0,103.38,False
Stephen Curry,-23.28,89.94,False
Stephen Curry,-3.8400000000000003,70.38000000000001,False
Stephen Curry,17.64,79.38,False
Stephen Curry,-4.319999999999999,70.86000000000001,True
Stephen Curry,15.0,98.94000000000001,False
Stephen Curry,-16.56,98.69999999999999,True
Stephen Curry,-7.680000000000001,101.94000000000001,False
Stephen Curry,-3.8400000000000003,70.86000000000001,True
Stephen Curry,2.64,103.02000000000001,False
Stephen Curry,-22.32,91.38,True
Stephen Curry,1.44,83.1,True
Stephen Curry,5.4,71.58,False
Stephen Curry,20.88,98.82,True
Stephen Curry,-17.4,106.02000000000001,True
Stephen Curry,3.2400000000000007,70.86000000000001,False
Stephen Curry,3.12,69.30000000000001,True
Stephen Curry,-3.72,101.10000000000001,False
Stephen Curry,8.280000000000001,100.97999999999999,True
Stephen Curry,16.2,100.26,False
Stephen Curry,-25.200000000000003,89.34,False
Stephen Curry,-8.399999999999999,78.77999999999999,True
Stephen Curry,11.28,101.58,False
Stephen Curry,13.440000000000003,97.74,True
Stephen Curry,-2.64,72.30000000000001,True
Stephen Curry,3.8400000000000003,70.86000000000001,False
Stephen Curry,-13.200000000000003,98.10000000000001,False
Stephen Curry,-10.32,98.46000000000001,False
Stephen Curry,5.16,74.22,True
Stephen Curry,-14.160000000000002,100.86000000000001,True
Stephen Curry,-28.08,68.82000000000001,True
Stephen Curry,17.16,96.42,False
Stephen Curry,3.48,73.26,True
Stephen Curry,2.4,103.61999999999999,False
Stephen Curry,-1.8,104.22000000000001,True
Stephen Curry,23.88,90.30000000000001,True
Stephen Curry,1.2,76.5,False
Stephen Curry,-1.0799999999999998,69.42,False
Stephen Curry,22.8,88.38000000000001,True
Stephen Curry,-2.0399999999999987,69.30000000000001,True
Stephen Curry,19.08,97.5,False
Stephen Curry,-14.160000000000002,96.18,False
Stephen Curry,28.2,69.9,True
Stephen Curry,0.12000000000000001,72.78000000000002,False
Stephen Curry,8.040000000000001,98.94000000000001,True
Stephen Curry,7.080000000000001,99.42,False
Stephen Curry,-19.799999999999997,91.98,True
Stephen Curry,-13.799999999999999,67.5,True
Stephen Curry,28.08,68.58,False
Stephen Curry,-1.9200000000000002,105.78,False
Stephen Curry,0.12000000000000001,84.30000000000001,True
Stephen Curry,9.36,100.97999999999999,False
Stephen Curry,1.8,72.30000000000001,True
Stephen Curry,-11.16,81.06,False
Stephen Curry,-7.32,91.98,False
Stephen Curry,-7.919999999999999,71.94,False
Stephen Curry,6.72,104.82,False
Stephen Curry,-19.56,101.10000000000001,False
Stephen Curry,26.279999999999998,85.02000000000001,False
Stephen Curry,13.92,97.02000000000001,True
Stephen Curry,-13.080000000000002,103.02000000000001,True
Stephen Curry,-2.1599999999999997,100.74,False
Stephen Curry,0.6,71.46,True
Stephen Curry,15.72,100.62,False
Stephen Curry,-2.0399999999999987,71.1,False
Stephen Curry,25.440000000000005,86.1,False
Stephen Curry,-27.0,78.9,False
Stephen Curry,0.8399999999999987,70.38000000000001,True
Stephen Curry,-2.0399999999999987,69.9,False
Stephen Curry,1.56,69.9,False
Stephen Curry,15.72,86.1,True
Stephen Curry,1.32,75.3,True
Stephen Curry,-17.04,94.26,True
Stephen Curry,6.360000000000001,80.82,False
Stephen Curry,-10.92,97.13999999999999,False
Stephen Curry,-10.680000000000001,97.13999999999999,True
Stephen Curry,0.72,70.86000000000001,True
Stephen Curry,0.24000000000000002,69.78,True
Stephen Curry,8.040000000000001,75.3,True
Stephen Curry,-18.36,95.7,False
Stephen Curry,-22.68,89.46,False
Stephen Curry,-2.0399999999999987,70.86000000000001,False
Stephen Curry,-1.32,70.5,False
Stephen Curry,-17.4,95.22,False
Stephen Curry,-11.88,88.61999999999999,True
Stephen Curry,28.8,82.98,False
Stephen Curry,17.16,96.77999999999999,False
Stephen Curry,-5.04,91.98,False
Stephen Curry,17.64,101.22000000000001,False
Stephen Curry,-0.0,69.30000000000001,True
Stephen Curry,8.399999999999999,77.34,True
Stephen Curry,5.04,71.22,True
Stephen Curry,-23.52,72.53999999999999,False
Stephen Curry,23.04,114.66,False
Stephen Curry,-4.68,72.42,True
Stephen Curry,3.12,106.02000000000001,False
Stephen Curry,-22.8,90.78,False
Stephen Curry,-3.2400000000000007,72.42,True
Stephen Curry,7.680000000000001,89.58,False
Stephen Curry,5.76,71.34,False
Stephen Curry,-0.24000000000000002,106.02000000000001,False
Stephen Curry,-24.599999999999998,94.14,True
Stephen Curry,9.96,97.5,True
Stephen Curry,-25.440000000000005,88.74,True
Stephen Curry,-21.96,95.46,True
Stephen Curry,17.52,96.05999999999999,False
Stephen Curry,-17.52,97.5,False
Stephen Curry,2.4,71.1,False
Stephen Curry,0.48000000000000004,69.78,True
Stephen Curry,15.839999999999998,83.22,False
Stephen Curry,-10.680000000000001,92.94,False
Stephen Curry,2.0399999999999987,69.53999999999999,False
Stephen Curry,-1.2,71.7,False
Stephen Curry,-3.12,73.38,False
Stephen Curry,0.8399999999999987,87.66,True
Stephen Curry,-0.6,70.74,True
Stephen Curry,-27.24,71.1,False
Stephen Curry,-2.4,73.14,False
Stephen Curry,-21.0,91.38,True
Stephen Curry,-22.080000000000002,90.66,False
Stephen Curry,3.72,76.14,False
Stephen Curry,2.4,72.42,False
Stephen Curry,2.4,70.5,True
Stephen Curry,10.680000000000001,77.58,False
Stephen Curry,-1.56,100.97999999999999,False
Stephen Curry,-12.48,98.82,False
Stephen Curry,2.64,76.62,False
Stephen Curry,-25.320000000000004,86.94000000000001,False
Stephen Curry,-27.36,71.58,False
Stephen Curry,-17.759999999999998,95.1,False
Stephen Curry,2.52,86.82000000000001,False
Stephen Curry,21.6,95.94,False
Stephen Curry,-2.0399999999999987,72.53999999999999,False
Stephen Curry,23.52,90.06,False
Stephen Curry,23.4,92.46,False
Stephen Curry,13.080000000000002,97.13999999999999,False
Stephen Curry,-15.48,86.82000000000001,False
Stephen Curry,-3.9599999999999986,71.94,True
Stephen Curry,-11.28,90.89999999999999,True
Stephen Curry,14.4,99.66,False
Stephen Curry,9.0,100.97999999999999,True
Stephen Curry,21.0,95.1,False
Stephen Curry,-4.56,72.78000000000002,False
Stephen Curry,3.2400000000000007,85.26,False
Stephen Curry,24.359999999999996,88.14,False
Stephen Curry,-24.24,91.86,False
Stephen Curry,26.52,82.13999999999999,True
Stephen Curry,-0.0,90.78,True
Stephen Curry,25.440000000000005,85.86,False
Stephen Curry,-21.120000000000005,97.97999999999999,True
Stephen Curry,-22.200000000000003,97.26,False
Stephen Curry,-2.52,70.5,False
Stephen Curry,-8.280000000000001,79.62,False
Stephen Curry,-10.32,103.02000000000001,True
Stephen Curry,27.96,77.94,True
Stephen Curry,27.599999999999998,72.53999999999999,False
Stephen Curry,2.52,100.5,False
Stephen Curry,1.2,106.97999999999999,False
Stephen Curry,3.2400000000000007,99.42,True
Stephen Curry,1.32,87.9,True
Stephen Curry,-10.92,99.66,True
Stephen Curry,-0.48000000000000004,101.58,False
Stephen Curry,-19.56,69.30000000000001,False
Stephen Curry,-1.32,94.5,False
Stephen Curry,0.72,103.74,False
Stephen Curry,24.839999999999996,92.46,True
Stephen Curry,7.44,103.5,True
Stephen Curry,12.36,79.14,False
Stephen Curry,2.4,105.78,False
Stephen Curry,-13.440000000000003,97.38,True
Stephen Curry,-16.799999999999997,100.13999999999999,True
Stephen Curry,27.48,74.34,True
Stephen Curry,21.479999999999997,93.9,False
Stephen Curry,28.2,78.18,False
Stephen Curry,17.759999999999998,104.69999999999999,False
Stephen Curry,-0.24000000000000002,72.66,True
Stephen Curry,-11.040000000000001,103.02000000000001,False
Stephen Curry,3.0,101.34000000000002,False
Stephen Curry,-12.48,104.58,False
Stephen Curry,-6.600000000000001,100.5,False
Stephen Curry,-19.56,87.05999999999999,False
Stephen Curry,-18.24,71.1,False
Stephen Curry,-22.200000000000003,97.62,False
Stephen Curry,-1.56,105.3,False
Stephen Curry,5.880000000000002,100.74,True
Stephen Curry,-2.1599999999999997,69.53999999999999,True
Stephen Curry,-0.48000000000000004,102.05999999999999,False
Stephen Curry,-21.6,94.62,True
Stephen Curry,-3.0,70.74,True
Stephen Curry,5.28,99.66,False
Stephen Curry,-2.1599999999999997,71.34,True
Stephen Curry,-11.28,87.53999999999999,False
Stephen Curry,-2.7600000000000002,74.82,False
Stephen Curry,24.96,90.42,False
Stephen Curry,3.12,102.66,True
Stephen Curry,-23.52,90.78,False
Stephen Curry,-1.32,102.18000000000002,False
Stephen Curry,19.799999999999997,79.38,False
Stephen Curry,12.24,90.53999999999999,False
Stephen Curry,9.96,101.22000000000001,True
Stephen Curry,9.0,100.74,False
Stephen Curry,29.4,72.53999999999999,False
Stephen Curry,-0.48000000000000004,69.66,True
Stephen Curry,3.72,106.02000000000001,False
Stephen Curry,-1.2,87.05999999999999,True
Stephen Curry,-28.2,71.58,False
Stephen Curry,2.7600000000000002,101.58,True
Stephen Curry,-3.72,71.34,True
Stephen Curry,-21.479999999999997,95.82,False
Stephen Curry,-23.04,95.34,True
Stephen Curry,5.4,70.14,True
Stephen Curry,-2.4,105.05999999999999,False
Stephen Curry,13.68,98.58,True
Stephen Curry,-1.9200000000000002,71.22,False
Stephen Curry,-9.96,103.5,False
Stephen Curry,-28.8,68.69999999999999,True
Stephen Curry,-3.48,103.97999999999999,False
Stephen Curry,-26.880000000000006,68.94000000000001,True
Stephen Curry,3.2400000000000007,70.86000000000001,True
Stephen Curry,-14.88,91.62,False
Stephen Curry,-23.88,102.89999999999999,True
Stephen Curry,12.48,98.46000000000001,True
Stephen Curry,13.799999999999999,85.14,False
Stephen Curry,-27.24,68.1,True
Stephen Curry,13.559999999999999,103.26000000000002,False
Stephen Curry,-3.359999999999999,71.7,True
Stephen Curry,-14.28,101.94000000000001,False
Stephen Curry,-9.6,73.74,True
Stephen Curry,3.72,101.34000000000002,True
Stephen Curry,-23.4,74.34,False
Stephen Curry,21.479999999999997,100.62,False
Stephen Curry,3.12,71.34,True
Stephen Curry,26.04,88.14,True
Stephen Curry,5.04,73.74,True
Stephen Curry,0.6,72.30000000000001,True
Stephen Curry,-2.52,70.5,False
Stephen Curry,1.56,100.86000000000001,True
Stephen Curry,28.08,81.3,True
Stephen Curry,-5.28,90.53999999999999,True
Stephen Curry,-5.64,87.53999999999999,False
Stephen Curry,-5.76,72.53999999999999,True
Stephen Curry,14.88,98.58,False
Stephen Curry,16.56,97.62,False
Stephen Curry,-20.64,70.74,False
Stephen Curry,-2.64,69.78,True
Stephen Curry,-6.96,133.02,False
Stephen Curry,11.52,107.94000000000001,False
Stephen Curry,2.7600000000000002,68.94000000000001,True
Stephen Curry,1.0799999999999998,72.42,False
Stephen Curry,15.120000000000001,86.34,False
Stephen Curry,5.880000000000002,103.38,False
Stephen Curry,4.8,102.18000000000002,False
Stephen Curry,16.799999999999997,96.42,True
Stephen Curry,5.76,73.86,True
Stephen Curry,24.359999999999996,87.17999999999999,False
Stephen Curry,-3.12,72.06,True
Stephen Curry,-7.32,88.14,True
Stephen Curry,-6.360000000000001,77.82,False
Stephen Curry,9.36,100.26,False
Stephen Curry,15.839999999999998,96.89999999999999,True
Stephen Curry,-19.56,103.38,False
Stephen Curry,14.88,99.77999999999999,False
Stephen Curry,-9.6,103.02000000000001,False
Stephen Curry,3.0,74.82,False
Stephen Curry,27.48,79.02,False
Stephen Curry,-22.919999999999998,89.58,False
Stephen Curry,-4.8,76.26,False
Stephen Curry,13.440000000000003,98.82,True
Stephen Curry,-3.9599999999999986,74.46,False
Stephen Curry,-16.56,96.77999999999999,False
Stephen Curry,-18.96,92.94,True
Stephen Curry,-16.44,103.38,False
Stephen Curry,0.8399999999999987,71.82000000000001,True
Stephen Curry,-14.76,73.86,True
Stephen Curry,25.440000000000005,85.5,False
Stephen Curry,-20.28,92.34,True
Stephen Curry,-19.799999999999997,92.1,True
Stephen Curry,-24.359999999999996,97.62,False
Stephen Curry,7.2,102.66,False
Stephen Curry,12.0,96.89999999999999,True
Stephen Curry,-26.160000000000004,84.54,False
Stephen Curry,-1.56,69.30000000000001,True
Stephen Curry,-17.04,95.1,True
Stephen Curry,5.880000000000002,74.58,True
Stephen Curry,-18.48,94.38,False
Stephen Curry,-6.0,100.86000000000001,False
Stephen Curry,-21.720000000000002,90.78,False
Stephen Curry,-1.2,69.78,False
Stephen Curry,18.0,95.7,False
Stephen Curry,26.52,83.82000000000001,True
Stephen Curry,-0.24000000000000002,70.5,True
Stephen Curry,-1.56,71.22,False
Stephen Curry,19.799999999999997,99.42,False
Stephen Curry,13.92,99.3,True
Stephen Curry,-20.16,95.94,False
Stephen Curry,3.9599999999999986,104.10000000000002,True
Stephen Curry,25.920000000000005,85.26,False
Stephen Curry,3.2400000000000007,71.94,True
Stephen Curry,21.479999999999997,91.26,True
Stephen Curry,-24.72,88.38000000000001,False
Stephen Curry,9.6,86.94000000000001,False
Stephen Curry,27.48,70.86000000000001,False
Stephen Curry,24.599999999999998,89.7,False
Stephen Curry,-0.12000000000000001,106.38,True
Stephen Curry,27.599999999999998,78.77999999999999,False
Stephen Curry,-21.360000000000003,92.22,True
Stephen Curry,-2.4,68.58,False
Stephen Curry,27.84,78.66,True
Stephen Curry,4.68,104.33999999999999,False
Stephen Curry,3.72,70.61999999999999,True
Stephen Curry,-7.680000000000001,100.26,False
Stephen Curry,1.56,100.97999999999999,True
Stephen Curry,-6.72,100.02000000000001,False
Stephen Curry,-27.36,79.74,False
Stephen Curry,-2.64,70.38000000000001,True
Stephen Curry,-24.599999999999998,86.94000000000001,False
Stephen Curry,26.880000000000006,68.46000000000001,False
Stephen Curry,18.96,92.1,False
Stephen Curry,-7.919999999999999,100.74,True
Stephen Curry,26.880000000000006,71.58,False
Stephen Curry,25.920000000000005,84.77999999999999,False
Stephen Curry,-19.679999999999996,92.1,False
Stephen Curry,-4.079999999999999,98.94000000000001,False
Stephen Curry,-11.16,98.34,False
Stephen Curry,-5.04,99.54,True
Stephen Curry,-15.0,100.02000000000001,False
Stephen Curry,-2.1599999999999997,71.82000000000001,True
Stephen Curry,16.44,95.7,True
Stephen Curry,-21.720000000000002,89.46,False
Stephen Curry,13.799999999999999,81.9,True
Stephen Curry,-5.28,100.97999999999999,False
Stephen Curry,-4.56,70.74,True
Stephen Curry,27.48,72.42,False
Stephen Curry,-2.52,92.94,False
Stephen Curry,7.800000000000001,73.26,False
Stephen Curry,-0.8399999999999987,70.61999999999999,False
Stephen Curry,-26.880000000000006,69.30000000000001,False
Stephen Curry,7.080000000000001,71.58,True
Stephen Curry,1.0799999999999998,104.10000000000002,False
Stephen Curry,26.640000000000004,90.42,True
Stephen Curry,14.88,99.3,True
Stephen Curry,20.76,97.5,False
Stephen Curry,25.200000000000003,85.02000000000001,False
Stephen Curry,28.08,74.58,True
Stephen Curry,-18.72,94.38,True
Stephen Curry,-23.04,94.62,False
Stephen Curry,19.08,100.5,False
Stephen Curry,-26.759999999999998,91.62,False
Stephen Curry,-5.28,76.98,True
Stephen Curry,-24.359999999999996,88.86000000000001,True
Stephen Curry,26.759999999999998,84.9,True
Stephen Curry,22.68,89.94,False
Stephen Curry,21.360000000000003,92.7,False
Stephen Curry,-27.48,69.78,False
Stephen Curry,26.160000000000004,86.34,False
Stephen Curry,-25.56,86.82000000000001,False
Stephen Curry,-21.6,97.02000000000001,False
Stephen Curry,4.079999999999999,103.5,True
Stephen Curry,-27.84,68.94000000000001,True
Stephen Curry,-21.720000000000002,100.5,False
Stephen Curry,-19.679999999999996,95.22,True
Stephen Curry,-22.200000000000003,93.9,False
Stephen Curry,-28.08,68.58,False
Stephen Curry,0.12000000000000001,133.38000000000002,False
Stephen Curry,0.6,101.58,True
Stephen Curry,-3.0,71.58,True
Stephen Curry,4.68,71.7,False
Stephen Curry,-0.72,113.22,True
Stephen Curry,0.72,103.02000000000001,True
Stephen Curry,3.9599999999999986,106.86,True
Stephen Curry,-14.28,77.58,False
Stephen Curry,-10.680000000000001,95.58,False
Stephen Curry,-27.599999999999998,77.94,False
Stephen Curry,2.4,70.26,True
Stephen Curry,-24.359999999999996,84.77999999999999,True
Stephen Curry,5.880000000000002,98.10000000000001,False
Stephen Curry,25.440000000000005,83.82000000000001,False
Stephen Curry,-4.8,86.94000000000001,False
Stephen Curry,-4.319999999999999,97.74,False
Stephen Curry,9.0,103.5,False
Stephen Curry,13.440000000000003,112.5,True
Stephen Curry,-26.640000000000004,83.34,True
Stephen Curry,19.799999999999997,92.34,True
Stephen Curry,-2.1599999999999997,71.22,True
Stephen Curry,-14.76,97.97999999999999,False
Stephen Curry,-22.56,88.26,False
Stephen Curry,13.68,97.13999999999999,False
Stephen Curry,1.32,69.66,False
Stephen Curry,2.1599999999999997,72.06,False
Stephen Curry,7.32,100.86000000000001,True
Stephen Curry,-11.64,101.10000000000001,False
Stephen Curry,2.0399999999999987,70.02,False
Stephen Curry,16.799999999999997,95.22,False
Stephen Curry,-14.4,74.94,False
Stephen Curry,0.72,71.82000000000001,False
Stephen Curry,-24.72,85.74,False
Stephen Curry,-3.72,69.53999999999999,False
Stephen Curry,-15.0,97.62,False
Stephen Curry,-23.04,84.9,False
Stephen Curry,-3.2400000000000007,75.18,False
Stephen Curry,8.879999999999999,98.94000000000001,False
Stephen Curry,-1.2,69.78,False
Stephen Curry,-0.48000000000000004,84.42,True
Stephen Curry,14.160000000000002,96.54,False
Stephen Curry,-23.04,95.22,True
Stephen Curry,-27.36,71.22,True
Stephen Curry,0.12000000000000001,109.14000000000001,False
Stephen Curry,-0.0,69.30000000000001,False
Stephen Curry,7.919999999999999,72.53999999999999,False
Stephen Curry,-4.8,71.94,False
Stephen Curry,-24.839999999999996,88.38000000000001,True
Stephen Curry,-27.36,71.34,True
Stephen Curry,-20.76,95.58,False
Stephen Curry,-16.56,97.38,False
Stephen Curry,7.680000000000001,76.74,True
Stephen Curry,3.48,76.74,False
Stephen Curry,-23.88,91.74,True
Stephen Curry,-8.879999999999999,91.98,False
Stephen Curry,5.880000000000002,100.62,True
Stephen Curry,-18.36,95.22,False
Stephen Curry,-6.96,102.53999999999999,False
Stephen Curry,-3.9599999999999986,103.61999999999999,False
Stephen Curry,-7.44,100.13999999999999,True
Stephen Curry,-7.800000000000001,72.42,False
Stephen Curry,25.440000000000005,84.9,False
Stephen Curry,19.44,93.17999999999999,False
Stephen Curry,0.12000000000000001,71.94,False
Stephen Curry,0.48000000000000004,75.54,False
Stephen Curry,-14.4,100.86000000000001,False
Stephen Curry,14.160000000000002,100.13999999999999,False
Stephen Curry,-2.4,74.22,False
Stephen Curry,19.799999999999997,95.1,False
Stephen Curry,9.6,100.62,True
Stephen Curry,6.0,73.02,False
Stephen Curry,-6.12,85.14,False
Stephen Curry,-12.960000000000003,83.22,True
Stephen Curry,25.440000000000005,99.54,False
Stephen Curry,-20.04,93.78000000000002,True
Stephen Curry,16.32,104.69999999999999,False
Stephen Curry,14.4,96.89999999999999,False
Stephen Curry,8.399999999999999,78.54,True
Stephen Curry,18.24,103.14000000000001,False
Stephen Curry,-27.96,77.82,True
Stephen Curry,18.839999999999996,95.7,True
Stephen Curry,9.719999999999999,107.10000000000002,True
Stephen Curry,-0.12000000000000001,71.34,True
Stephen Curry,-8.639999999999999,72.78000000000002,False
Stephen Curry,-5.76,101.34000000000002,False
Stephen Curry,-2.4,70.5,True
Stephen Curry,14.4,104.33999999999999,True
Stephen Curry,7.32,81.42,True
Stephen Curry,17.16,77.7,False
Stephen Curry,-16.44,95.82,True
Stephen Curry,-2.7600000000000002,70.61999999999999,False
Stephen Curry,-6.480000000000001,79.86,True
Stephen Curry,-21.479999999999997,99.66,False
Stephen Curry,-7.32,102.05999999999999,False
Stephen Curry,-1.9200000000000002,69.9,False
Stephen Curry,-18.96,128.58,False
Stephen Curry,18.12,93.17999999999999,True
Stephen Curry,-27.96,67.97999999999999,False
Stephen Curry,27.0,68.1,True
Stephen Curry,-3.0,70.5,True
Stephen Curry,-2.52,71.82000000000001,True
Stephen Curry,-6.96,105.89999999999999,False
Stephen Curry,-23.88,90.42,True
Stephen Curry,-22.8,88.14,True
Stephen Curry,28.2,73.38,False
Stephen Curry,-23.64,90.53999999999999,False
Stephen Curry,3.72,70.97999999999999,False
Stephen Curry,18.24,69.9,False
Stephen Curry,4.4399999999999995,74.46,False
Stephen Curry,-24.599999999999998,88.97999999999999,False
Stephen Curry,-24.599999999999998,92.1,False
Stephen Curry,17.759999999999998,96.89999999999999,True
Stephen Curry,-11.16,102.89999999999999,True
Stephen Curry,-21.120000000000005,98.46000000000001,False
Stephen Curry,-22.919999999999998,93.42,True
Stephen Curry,3.9599999999999986,70.61999999999999,True
Stephen Curry,-21.96,93.30000000000001,False
Stephen Curry,-4.079999999999999,70.14,True
Stephen Curry,10.32,102.30000000000001,False
Stephen Curry,-1.56,69.78,True
Stephen Curry,-3.8400000000000003,105.53999999999999,False
Stephen Curry,-3.359999999999999,73.86,True
Stephen Curry,4.319999999999999,72.06,False
Stephen Curry,16.44,98.22,True
Stephen Curry,-21.6,94.02,True
Stephen Curry,23.88,76.38,False
Stephen Curry,14.28,101.58,False
Stephen Curry,15.839999999999998,84.30000000000001,True
Stephen Curry,-25.440000000000005,89.46,True
Stephen Curry,-4.56,100.86000000000001,True
Stephen Curry,-23.64,89.94,False
Stephen Curry,5.880000000000002,104.69999999999999,False
Stephen Curry,-3.12,72.06,True
Stephen Curry,23.4,94.02,True
Stephen Curry,-22.56,93.9,True
Stephen Curry,-9.96,80.10000000000001,False
Stephen Curry,20.28,100.13999999999999,False
Stephen Curry,-27.36,76.74,False
Stephen Curry,-13.799999999999999,100.97999999999999,True
Stephen Curry,-5.4,72.66,True
Stephen Curry,-21.120000000000005,92.34,False
Stephen Curry,-22.200000000000003,94.86,False
Stephen Curry,2.1599999999999997,72.17999999999999,True
Stephen Curry,-4.079999999999999,75.06,False
Stephen Curry,-16.2,99.54,False
Stephen Curry,-2.64,73.98,False
Stephen Curry,-1.56,72.06,False
Stephen Curry,-27.48,80.34,True
Stephen Curry,14.160000000000002,102.77999999999999,False
Stephen Curry,-27.24,81.9,False
Stephen Curry,-0.12000000000000001,69.42,True
Stephen Curry,27.84,71.1,False
Stephen Curry,-25.440000000000005,89.58,True
Stephen Curry,-0.48000000000000004,70.02,True
Stephen Curry,1.2,71.34,False
Stephen Curry,-9.96,100.02000000000001,False
Stephen Curry,-0.12000000000000001,70.86000000000001,True
Stephen Curry,-0.24000000000000002,69.30000000000001,True
Stephen Curry,-21.479999999999997,93.42,False
Stephen Curry,-26.880000000000006,85.98,True
Stephen Curry,27.599999999999998,78.06,True
Stephen Curry,18.12,97.13999999999999,True
Stephen Curry,-9.0,108.42,False
Stephen Curry,1.2,72.42,False
Stephen Curry,-25.320000000000004,92.94,True
Stephen Curry,0.12000000000000001,70.5,True
Stephen Curry,0.12000000000000001,72.42,False
Stephen Curry,-22.68,88.26,True
Stephen Curry,23.04,89.94,False
Stephen Curry,-20.88,91.86,False
Stephen Curry,-23.88,94.02,True
Stephen Curry,0.72,75.66,False
Stephen Curry,-17.16,93.42,True
Stephen Curry,0.24000000000000002,71.94,False
Stephen Curry,-0.24000000000000002,75.66,True
Stephen Curry,26.880000000000006,84.30000000000001,True
Stephen Curry,-21.120000000000005,100.26,False
Stephen Curry,-22.56,92.7,True
Stephen Curry,0.24000000000000002,103.5,False
Stephen Curry,0.24000000000000002,73.98,False
Stephen Curry,13.92,103.38,True
Stephen Curry,11.16,103.14000000000001,True
Stephen Curry,-26.52,83.69999999999999,False
Stephen Curry,-3.0,101.58,True
Stephen Curry,-1.2,76.5,True
Stephen Curry,-2.1599999999999997,70.86000000000001,True
Stephen Curry,2.7600000000000002,71.82000000000001,True
Stephen Curry,-23.64,86.1,False
Stephen Curry,-1.9200000000000002,106.86,True
Stephen Curry,14.4,96.3,False
Stephen Curry,5.4,72.17999999999999,False
Stephen Curry,12.24,98.82,False
Stephen Curry,19.679999999999996,106.38,True
Stephen Curry,-1.32,105.53999999999999,True
Stephen Curry,17.52,93.78000000000002,True
Stephen Curry,-21.360000000000003,92.46,True
Stephen Curry,-19.56,97.02000000000001,False
Stephen Curry,13.68,72.78000000000002,False
Stephen Curry,-23.64,102.53999999999999,False
Stephen Curry,-2.64,71.22,False
Stephen Curry,0.72,70.74,True
Stephen Curry,-23.4,96.05999999999999,False
Stephen Curry,3.12,87.66,False
Stephen Curry,-15.72,102.77999999999999,False
Stephen Curry,-22.080000000000002,107.69999999999999,True
Stephen Curry,-1.44,88.97999999999999,False
Stephen Curry,-22.8,90.66,True
Stephen Curry,-13.200000000000003,87.78,True
Stephen Curry,16.44,95.22,False
Stephen Curry,-0.72,104.69999999999999,False
Stephen Curry,-20.16,91.86,True
Stephen Curry,20.28,100.02000000000001,False
Stephen Curry,19.44,92.58,False
Stephen Curry,-2.4,70.02,True
Stephen Curry,22.080000000000002,90.66,False
Stephen Curry,2.0399999999999987,69.66,True
Stephen Curry,-2.64,70.02,False
Stephen Curry,-27.96,82.26,False
Stephen Curry,-28.2,78.9,True
Stephen Curry,-2.7600000000000002,103.38,True
Stephen Curry,-0.12000000000000001,108.3,False
Stephen Curry,4.079999999999999,71.22,True
Stephen Curry,21.6,94.38,False
Stephen Curry,12.0,98.82,True
Stephen Curry,20.76,92.94,True
Stephen Curry,-23.64,94.02,False
Stephen Curry,18.24,95.7,True
Stephen Curry,-6.360000000000001,76.5,True
Stephen Curry,22.68,92.82000000000001,True
Stephen Curry,13.440000000000003,79.86,True
Stephen Curry,1.32,100.26,False
Stephen Curry,3.0,76.14,False
Stephen Curry,1.56,105.66,False
Stephen Curry,-22.32,92.34,False
Stephen Curry,3.2400000000000007,72.17999999999999,True
Stephen Curry,23.52,87.9,True
Stephen Curry,3.2400000000000007,100.74,True
Stephen Curry,25.68,91.98,False
Stephen Curry,1.56,72.17999999999999,True
Stephen Curry,1.2,73.14,True
Stephen Curry,-22.200000000000003,90.53999999999999,False
Stephen Curry,0.48000000000000004,101.34000000000002,True
Stephen Curry,3.72,71.7,False
Stephen Curry,25.440000000000005,77.58,True
Stephen Curry,17.759999999999998,98.10000000000001,False
Stephen Curry,1.44,100.86000000000001,False
Stephen Curry,23.64,89.94,True
Stephen Curry,22.32,97.38,False
Stephen Curry,11.88,89.82000000000001,True
Stephen Curry,22.200000000000003,93.42,False
Stephen Curry,4.8,73.86,True
Stephen Curry,2.0399999999999987,69.66,True
Stephen Curry,27.96,77.34,False
Stephen Curry,5.04,73.02,True
Stephen Curry,-13.92,103.02000000000001,True
Stephen Curry,-3.8400000000000003,102.66,True
Stephen Curry,5.76,73.98,False
Stephen Curry,-19.32,95.34,False
Stephen Curry,-6.480000000000001,86.94000000000001,True
Stephen Curry,-9.12,76.38,False
Stephen Curry,-25.320000000000004,88.61999999999999,False
Stephen Curry,-0.24000000000000002,105.05999999999999,False
Stephen Curry,-22.919999999999998,88.14,True
Stephen Curry,-6.480000000000001,100.26,False
Stephen Curry,4.8,101.34000000000002,False
Stephen Curry,22.32,99.3,False
Stephen Curry,26.52,84.9,True
Stephen Curry,15.48,100.62,True
Stephen Curry,-2.1599999999999997,90.17999999999999,True
Stephen Curry,3.72,100.74,False
Stephen Curry,3.8400000000000003,71.94,True
Stephen Curry,12.84,69.06,False
Stephen Curry,18.96,98.10000000000001,True
Stephen Curry,25.920000000000005,96.54,False
Stephen Curry,-2.4,106.38,True
Stephen Curry,-27.84,67.38000000000001,True
Stephen Curry,-0.24000000000000002,84.42,False
Stephen Curry,26.880000000000006,76.14,False
Stephen Curry,10.44,102.53999999999999,True
Stephen Curry,-12.24,103.02000000000001,False
Stephen Curry,-20.04,93.42,False
Stephen Curry,-0.0,69.30000000000001,True
Stephen Curry,-0.0,69.30000000000001,True
Stephen Curry,3.72,78.3,False
Stephen Curry,0.6,104.58,True
Stephen Curry,13.68,98.94000000000001,True
Stephen Curry,17.16,98.82,False
Stephen Curry,2.0399999999999987,70.38000000000001,True
Stephen Curry,0.72,100.5,False
Stephen Curry,-8.040000000000001,98.22,True
Stephen Curry,-18.24,95.46,True
Stephen Curry,20.76,91.74,False
Stephen Curry,0.6,102.77999999999999,True
Stephen Curry,10.680000000000001,100.13999999999999,False
Stephen Curry,3.72,70.5,False
Stephen Curry,-2.52,69.30000000000001,True
Stephen Curry,-7.680000000000001,103.38,False
Stephen Curry,1.0799999999999998,87.05999999999999,True
Stephen Curry,-24.96,85.26,False
Stephen Curry,0.72,68.94000000000001,True
Stephen Curry,-27.36,73.86,False
Stephen Curry,27.24,78.06,True
Stephen Curry,-7.800000000000001,79.26,False
Stephen Curry,-1.44,108.66,False
Stephen Curry,-19.44,98.22,False
Stephen Curry,-18.48,97.26,True
Stephen Curry,27.96,75.66,False
Stephen Curry,16.799999999999997,97.62,False
Stephen Curry,27.599999999999998,78.06,False
Stephen Curry,-23.04,90.89999999999999,False
Stephen Curry,-0.12000000000000001,74.22,False
Stephen Curry,3.12,103.97999999999999,True
Stephen Curry,-1.2,71.34,False
Stephen Curry,-9.36,101.22000000000001,True
Stephen Curry,27.48,71.7,False
Stephen Curry,-18.48,94.02,True
Stephen Curry,14.88,100.97999999999999,True
Stephen Curry,14.76,98.34,False
Stephen Curry,-10.92,100.5,False
Stephen Curry,28.44,72.53999999999999,False
Stephen Curry,4.8,104.46,True
Stephen Curry,-1.8,71.7,True
Stephen Curry,-13.559999999999999,76.14,True
Stephen Curry,24.839999999999996,97.13999999999999,True
Stephen Curry,-0.72,100.5,False
Stephen Curry,-27.599999999999998,72.30000000000001,False
Stephen Curry,2.1599999999999997,103.26000000000002,True
Stephen Curry,-0.0,73.86,False
Stephen Curry,-20.400000000000002,108.3,False
Stephen Curry,11.76,100.38,False
Stephen Curry,-1.0799999999999998,96.3,True
Stephen Curry,-25.200000000000003,86.82000000000001,False
Stephen Curry,23.88,94.02,False
Stephen Curry,13.080000000000002,101.46,False
Stephen Curry,-1.0799999999999998,98.82,False
Stephen Curry,-25.56,83.82000000000001,True
Stephen Curry,18.839999999999996,93.17999999999999,True
Stephen Curry,-26.279999999999998,79.74,False
Stephen Curry,-5.04,100.26,False
Stephen Curry,13.799999999999999,97.38,False
Stephen Curry,-28.8,67.97999999999999,True
Stephen Curry,23.4,87.66,True
Stephen Curry,26.04,85.14,True
Stephen Curry,-6.72,99.66,False
Stephen Curry,8.280000000000001,101.46,False
Stephen Curry,3.359999999999999,74.22,True
Stephen Curry,13.559999999999999,94.98,True
Stephen Curry,26.759999999999998,69.17999999999999,False
Stephen Curry,19.56,92.22,False
Stephen Curry,-23.04,91.62,False
Stephen Curry,5.04,105.53999999999999,False
Stephen Curry,-12.0,102.89999999999999,False
Stephen Curry,13.440000000000003,106.74,False
Stephen Curry,-21.720000000000002,95.22,False
Stephen Curry,20.28,94.02,False
Stephen Curry,-3.359999999999999,74.82,False
Stephen Curry,-21.479999999999997,96.05999999999999,False
Stephen Curry,-0.0,69.30000000000001,True
Stephen Curry,-2.4,78.66,False
Stephen Curry,-27.0,71.46,True
Stephen Curry,-13.799999999999999,99.77999999999999,False
Stephen Curry,3.72,76.14,False
Stephen Curry,-19.679999999999996,98.94000000000001,True
Stephen Curry,19.679999999999996,94.74,True
Stephen Curry,-20.76,92.7,True
Stephen Curry,-2.7600000000000002,70.61999999999999,False
Stephen Curry,24.119999999999997,93.06,True
Stephen Curry,-8.040000000000001,101.34000000000002,False
Stephen Curry,5.16,72.30000000000001,True
Stephen Curry,3.12,101.46,False
Stephen Curry,18.12,98.22,False
Stephen Curry,-2.64,70.5,True
Stephen Curry,-22.32,90.53999999999999,True
Stephen Curry,27.36,79.86,False
Stephen Curry,11.16,79.26,False
Stephen Curry,27.84,84.9,False
Stephen Curry,19.44,94.98,True
Stephen Curry,-1.8,71.82000000000001,True
Stephen Curry,19.32,98.69999999999999,False
Stephen Curry,-26.04,84.30000000000001,False
Stephen Curry,-2.52,69.17999999999999,False
Stephen Curry,1.8,100.02000000000001,True
Stephen Curry,23.88,91.38,False
Stephen Curry,20.04,75.54,False
Stephen Curry,-5.64,99.42,True
Stephen Curry,21.96,91.02,True
Stephen Curry,-21.720000000000002,94.74,True
Stephen Curry,1.44,73.86,False
Stephen Curry,-1.32,71.1,True
Stephen Curry,-13.799999999999999,90.17999999999999,True
Stephen Curry,22.68,88.97999999999999,False
Stephen Curry,-20.76,91.38,False
Stephen Curry,20.28,93.42,False
Stephen Curry,-2.0399999999999987,70.61999999999999,False
Stephen Curry,-2.52,71.82000000000001,False
Stephen Curry,4.079999999999999,100.13999999999999,False
Stephen Curry,-7.680000000000001,99.3,False
Stephen Curry,-24.0,88.02,True
Stephen Curry,-25.200000000000003,85.14,False
Stephen Curry,-2.1599999999999997,69.78,True
Stephen Curry,14.4,96.18,False
Stephen Curry,1.44,70.26,True
Stephen Curry,-8.280000000000001,98.10000000000001,False
Stephen Curry,15.120000000000001,94.86,True
Stephen Curry,-2.0399999999999987,100.26,False
Stephen Curry,1.2,108.06,False
Stephen Curry,-0.6,70.86000000000001,True
Stephen Curry,0.48000000000000004,70.5,True
Stephen Curry,-0.72,100.74,False
Stephen Curry,0.48000000000000004,103.61999999999999,True
Stephen Curry,20.400000000000002,75.9,True
Stephen Curry,-12.36,99.54,True
Stephen Curry,-23.4,88.97999999999999,False
Stephen Curry,-15.600000000000001,73.38,False
Stephen Curry,-19.08,93.9,False
Stephen Curry,18.839999999999996,94.74,True
Stephen Curry,-13.92,103.61999999999999,True
Stephen Curry,2.7600000000000002,69.9,True
Stephen Curry,18.96,93.9,False
Stephen Curry,-11.16,99.54,False
Stephen Curry,-2.1599999999999997,70.02,True
Stephen Curry,14.88,77.82,True
Stephen Curry,-15.0,96.89999999999999,True
Stephen Curry,-2.7600000000000002,87.42,False
Stephen Curry,-13.440000000000003,94.98,False
Stephen Curry,-17.52,92.82000000000001,False
Stephen Curry,-2.52,70.5,False
Stephen Curry,-1.9200000000000002,70.86000000000001,False
Stephen Curry,-6.96,74.34,False
Stephen Curry,-9.0,101.82,False
Stephen Curry,0.24000000000000002,83.1,True
Stephen Curry,25.56,85.38000000000001,True
Stephen Curry,0.72,69.42,True
Stephen Curry,0.12000000000000001,91.74,True
Stephen Curry,-11.76,97.74,True
Stephen Curry,9.6,98.94000000000001,True
Stephen Curry,-0.0,72.53999999999999,True
Stephen Curry,-13.92,97.38,True
Stephen Curry,0.24000000000000002,69.17999999999999,True
Stephen Curry,13.200000000000003,97.74,True
Stephen Curry,-11.64,85.02000000000001,False
Stephen Curry,-11.76,82.26,False
Stephen Curry,5.76,100.5,True
Stephen Curry,0.8399999999999987,71.82000000000001,False
Stephen Curry,0.8399999999999987,70.26,True
Stephen Curry,0.48000000000000004,74.22,False
Stephen Curry,-27.599999999999998,70.02,False
Stephen Curry,-10.680000000000001,98.94000000000001,False
Stephen Curry,-28.56,70.61999999999999,False
Stephen Curry,7.919999999999999,84.9,False
Stephen Curry,-0.12000000000000001,71.94,False
Stephen Curry,-0.12000000000000001,70.5,True
Stephen Curry,-1.0799999999999998,71.46,False
Stephen Curry,16.2,96.66,False
Stephen Curry,-0.8399999999999987,72.78000000000002,True
Stephen Curry,2.1599999999999997,71.22,False
Stephen Curry,-1.8,71.94,False
Stephen Curry,-1.56,70.74,False
Stephen Curry,-19.799999999999997,91.98,True
Stephen Curry,5.76,100.13999999999999,False
Stephen Curry,-13.080000000000002,100.5,False
Stephen Curry,-4.8,123.0,False
Stephen Curry,4.8,253.79999999999998,False
Stephen Curry,-152.4,329.40000000000003,False
Stephen Curry,-243.6,269.4,False
Stephen Curry,8.399999999999999,77.4,False
Stephen Curry,-10.8,77.4,True
Stephen Curry,6.0,414.5999999999999,False
Stephen Curry,212.39999999999998,276.6,True
Stephen Curry,-100.80000000000001,372.59999999999997,True
Stephen Curry,-38.4,100.19999999999999,True
Stephen Curry,-14.4,67.80000000000001,True
Stephen Curry,4.8,81.0,False
Stephen Curry,-163.20000000000002,246.60000000000002,True
Stephen Curry,170.39999999999998,319.79999999999995,False
Stephen Curry,157.2,198.6,False
Stephen Curry,-136.8,211.79999999999998,True
Stephen Curry,-63.599999999999994,264.6,False
Stephen Curry,51.599999999999994,369.0,True
Stephen Curry,159.6,211.79999999999998,True
Stephen Curry,12.0,325.79999999999995,True
Stephen Curry,34.8,132.60000000000002,True
Stephen Curry,104.39999999999999,372.59999999999997,True
Stephen Curry,-15.600000000000001,174.60000000000002,True
Stephen Curry,-159.6,225.0,False
Stephen Curry,8.399999999999999,66.6,True
Stephen Curry,261.6,227.4,False
Stephen Curry,-51.599999999999994,83.4,True
Stephen Curry,-14.4,376.2,True
Stephen Curry,18.0,64.19999999999999,False
Stephen Curry,68.4,371.4,False
Stephen Curry,-86.4,238.20000000000002,False
Stephen Curry,-280.8,49.800000000000004,True
Stephen Curry,-48.0,83.4,True
Stephen Curry,195.6,295.8,False
Stephen Curry,157.2,151.8,True
Stephen Curry,144.0,359.4,True
Stephen Curry,64.8,129.0,False
Stephen Curry,38.4,382.2,False
Stephen Curry,120.0,372.59999999999997,True
Stephen Curry,-276.0,102.60000000000001,False
Stephen Curry,-273.6,151.8,True
Stephen Curry,273.6,59.4,True
Stephen Curry,196.79999999999998,299.4,False
Stephen Curry,78.0,289.8,True
Stephen Curry,-194.4,319.79999999999995,False
Stephen Curry,212.39999999999998,295.8,False
Stephen Curry,-192.0,250.20000000000002,True
Stephen Curry,74.4,93.0,False
Stephen Curry,-67.19999999999999,161.39999999999998,False
Stephen Curry,40.800000000000004,66.6,True
Stephen Curry,6.0,76.2,True
Stephen Curry,232.8,283.8,True
Stephen Curry,-51.599999999999994,353.4,True
Stephen Curry,93.6,233.4,True
Stephen Curry,133.2,329.40000000000003,True
Stephen Curry,51.599999999999994,67.80000000000001,False
Stephen Curry,-237.6,240.6,True
Stephen Curry,-270.0,142.2,True
Stephen Curry,93.6,287.4,False
Stephen Curry,-132.0,246.60000000000002,True
Stephen Curry,242.4,89.4,True
Stephen Curry,-7.2,138.60000000000002,False
Stephen Curry,-46.8,349.79999999999995,True
Stephen Curry,-38.4,349.79999999999995,True
Stephen Curry,-127.19999999999999,327.0,False
Stephen Curry,-37.2,293.4,False
Stephen Curry,-169.2,66.6,False
Stephen Curry,22.8,155.4,False
Stephen Curry,-4.8,348.6,False
Stephen Curry,127.19999999999999,66.6,False
Stephen Curry,-235.2,240.6,True
Stephen Curry,-25.200000000000003,238.20000000000002,False
Stephen Curry,-201.60000000000002,66.6,True
Stephen Curry,232.8,159.0,False
Stephen Curry,-110.39999999999999,93.0,False
Stephen Curry,108.0,358.20000000000005,False
Stephen Curry,-184.79999999999998,325.79999999999995,False
Stephen Curry,-7.2,63.0,False
Stephen Curry,-145.2,241.79999999999995,False
Stephen Curry,-0.0,71.39999999999999,False
Stephen Curry,-181.2,83.4,False
Stephen Curry,80.4,319.79999999999995,True
Stephen Curry,-1.2,81.0,True
Stephen Curry,-112.8,261.0,True
Stephen Curry,8.399999999999999,214.20000000000005,False
Stephen Curry,117.6,263.4,False
Stephen Curry,-280.8,109.8,False
Stephen Curry,-1.2,132.60000000000002,False
Stephen Curry,103.19999999999999,365.4,False
Stephen Curry,224.4,277.79999999999995,False
Stephen Curry,-226.8,310.2,True
Stephen Curry,127.19999999999999,231.0,True
Stephen Curry,57.6,198.6,False
Stephen Curry,-220.79999999999998,76.2,True
Stephen Curry,178.8,192.6,False
Stephen Curry,6.0,77.4,True
Stephen Curry,-1.2,201.0,False
Stephen Curry,255.60000000000002,233.4,False
Stephen Curry,-18.0,331.79999999999995,True
Stephen Curry,62.400000000000006,257.4,False
Stephen Curry,-120.0,247.79999999999995,False
Stephen Curry,-139.2,353.4,False
Stephen Curry,260.4,237.0,True
Stephen Curry,-10.8,64.19999999999999,False
Stephen Curry,-80.4,375.0,True
Stephen Curry,-4.8,76.2,False
Stephen Curry,-64.8,189.0,False
Stephen Curry,-33.599999999999994,389.40000000000003,False
Stephen Curry,286.8,90.6,True
Stephen Curry,-212.39999999999998,274.20000000000005,True
Stephen Curry,-226.8,250.20000000000002,True
Stephen Curry,27.599999999999998,73.80000000000001,True
Stephen Curry,-54.0,355.8,True
Stephen Curry,193.20000000000002,217.79999999999998,True
Stephen Curry,-64.8,237.0,True
Stephen Curry,175.2,145.79999999999998,True
Stephen Curry,4.8,371.4,False
Stephen Curry,-132.0,217.79999999999998,True
Stephen Curry,-152.4,231.0,True
Stephen Curry,-198.0,304.2,False
Stephen Curry,268.79999999999995,67.80000000000001,False
Stephen Curry,192.0,297.0,True
Stephen Curry,-254.39999999999998,223.79999999999998,True
Stephen Curry,-217.20000000000005,99.0,False
Stephen Curry,-284.4,113.4,True
Stephen Curry,180.0,155.4,True
Stephen Curry,-158.39999999999998,240.6,False
Stephen Curry,231.6,291.0,False
Stephen Curry,-14.4,71.39999999999999,True
Stephen Curry,-120.0,264.6,True
Stephen Curry,-163.20000000000002,215.39999999999998,True
Stephen Curry,-114.0,103.8,True
Stephen Curry,205.20000000000002,316.2,True
Stephen Curry,-181.2,187.8,True
Stephen Curry,134.39999999999998,233.4,True
Stephen Curry,182.4,155.4,False
Stephen Curry,267.6,85.80000000000001,False
Stephen Curry,-208.79999999999998,280.20000000000005,False
Stephen Curry,-289.20000000000005,112.2,True
Stephen Curry,-44.400000000000006,81.0,False
Stephen Curry,-114.0,132.60000000000002,True
Stephen Curry,271.20000000000005,87.0,False
Stephen Curry,38.4,125.39999999999998,False
Stephen Curry,202.79999999999998,94.2,False
Stephen Curry,182.4,291.0,False
Stephen Curry,195.6,270.6,False
Stephen Curry,-28.8,325.79999999999995,False
Stephen Curry,-165.6,333.0,True
Stephen Curry,87.6,345.0,True
Stephen Curry,98.39999999999999,277.79999999999995,True
Stephen Curry,48.0,391.8,False
Stephen Curry,27.599999999999998,369.0,True
Stephen Curry,-1.2,73.80000000000001,True
Stephen Curry,277.20000000000005,79.8,False
Stephen Curry,19.2,73.80000000000001,True
Stephen Curry,4.8,316.2,False
Stephen Curry,-171.60000000000002,179.4,True
Stephen Curry,6.0,280.20000000000005,True
Stephen Curry,-286.8,71.39999999999999,True
Stephen Curry,36.0,165.0,True
Stephen Curry,-20.400000000000002,371.4,False
Stephen Curry,-73.2,282.6,True
Stephen Curry,-40.800000000000004,112.2,True
Stephen Curry,6.0,70.2,False
Stephen Curry,188.4,211.79999999999998,True
Stephen Curry,210.0,291.0,False
Stephen Curry,224.4,327.0,False
Stephen Curry,-24.0,123.0,False
Stephen Curry,12.0,381.0,False
Stephen Curry,123.60000000000001,238.20000000000002,False
Stephen Curry,-56.4,385.8,False
Stephen Curry,2.4,71.39999999999999,True
Stephen Curry,-270.0,205.79999999999998,True
Stephen Curry,51.599999999999994,372.59999999999997,False
Stephen Curry,-129.6,276.6,True
Stephen Curry,13.200000000000003,107.39999999999999,False
Stephen Curry,288.0,71.39999999999999,True
Stephen Curry,-182.4,73.80000000000001,False
Stephen Curry,-4.8,64.19999999999999,True
Stephen Curry,-199.20000000000002,87.0,True
Stephen Curry,282.0,59.4,False
Stephen Curry,-12.0,169.8,False
Stephen Curry,157.2,333.0,False
Stephen Curry,6.0,67.80000000000001,False
Stephen Curry,31.200000000000003,100.19999999999999,False
Stephen Curry,93.6,359.4,False
Stephen Curry,-10.8,73.80000000000001,False
Stephen Curry,-194.4,210.6,True
Stephen Curry,-67.19999999999999,358.20000000000005,False
Stephen Curry,-2.4,81.0,False
Stephen Curry,-44.400000000000006,381.0,True
Stephen Curry,-201.60000000000002,283.8,True
Stephen Curry,-176.39999999999998,139.8,True
Stephen Curry,-248.4,234.6,True
Stephen Curry,134.39999999999998,297.0,True
Stephen Curry,-78.0,215.39999999999998,False
Stephen Curry,-280.8,96.60000000000001,True
Stephen Curry,-73.2,214.20000000000005,False
Stephen Curry,-69.6,318.6,True
Stephen Curry,13.200000000000003,388.2,False
Stephen Curry,277.20000000000005,64.19999999999999,True
Stephen Curry,2.4,67.80000000000001,True
Stephen Curry,-260.4,205.79999999999998,True
Stephen Curry,-86.4,215.39999999999998,False
Stephen Curry,-186.0,205.79999999999998,True
Stephen Curry,38.4,381.0,False
Stephen Curry,156.0,335.4,False
Stephen Curry,-44.400000000000006,319.79999999999995,False
Stephen Curry,146.4,282.6,True
Stephen Curry,9.6,76.2,False
Stephen Curry,-114.0,304.2,True
Stephen Curry,-142.79999999999998,345.0,True
Stephen Curry,80.4,297.0,True
Stephen Curry,-217.20000000000005,289.8,False
Stephen Curry,-198.0,223.79999999999998,True
Stephen Curry,27.599999999999998,63.0,True
Stephen Curry,81.60000000000001,381.0,False
Stephen Curry,67.19999999999999,375.0,False
Stephen Curry,40.800000000000004,109.8,False
Stephen Curry,136.8,205.79999999999998,False
Stephen Curry,182.4,71.39999999999999,False
Stephen Curry,-10.8,375.0,True
Stephen Curry,214.79999999999998,85.80000000000001,True
Stephen Curry,199.20000000000002,349.79999999999995,False
Stephen Curry,-118.8,348.6,False
Stephen Curry,-127.19999999999999,340.20000000000005,True
Stephen Curry,116.4,261.0,True
Stephen Curry,166.8,225.0,True
Stephen Curry,-99.60000000000001,125.39999999999998,False
Stephen Curry,-40.800000000000004,336.6,False
Stephen Curry,-97.2,276.6,False
Stephen Curry,9.6,83.4,False
Stephen Curry,-93.6,363.0,True
Stephen Curry,189.6,214.20000000000005,True
Stephen Curry,-48.0,367.8,False
Stephen Curry,-15.600000000000001,76.2,False
Stephen Curry,-20.400000000000002,215.39999999999998,False
Stephen Curry,-224.4,255.00000000000003,False
Stephen Curry,-50.400000000000006,276.6,True
Stephen Curry,-156.0,225.0,False
Stephen Curry,-211.20000000000005,63.0,False
Stephen Curry,85.19999999999999,60.6,False
Stephen Curry,-273.6,57.0,True
Stephen Curry,284.4,129.0,True
Stephen Curry,214.79999999999998,267.0,False
Stephen Curry,250.79999999999995,247.79999999999995,True
Stephen Curry,-159.6,181.79999999999998,True
Stephen Curry,-73.2,250.20000000000002,True
Stephen Curry,-178.8,153.0,True
Stephen Curry,147.60000000000002,107.39999999999999,True
Stephen Curry,-148.8,319.79999999999995,False
Stephen Curry,-231.6,60.6,False
Stephen Curry,280.8,102.60000000000001,True
Stephen Curry,-4.8,365.4,True
Stephen Curry,103.19999999999999,83.4,False
Stephen Curry,58.8,187.8,False
Stephen Curry,-199.20000000000002,223.79999999999998,True
Stephen Curry,-218.4,100.19999999999999,True
Stephen Curry,-158.39999999999998,250.20000000000002,False
Stephen Curry,4.8,93.0,True
Stephen Curry,205.20000000000002,325.79999999999995,False
Stephen Curry,-148.8,240.6,True
Stephen Curry,-28.8,367.8,False
Stephen Curry,-112.8,367.8,False
Stephen Curry,212.39999999999998,306.6,True
Stephen Curry,153.6,228.6,True
Stephen Curry,178.8,367.8,False
Stephen Curry,-123.60000000000001,361.8,True
Stephen Curry,-14.4,93.0,True
Stephen Curry,218.4,89.4,True
Stephen Curry,271.20000000000005,211.79999999999998,True
Stephen Curry,-122.39999999999998,336.6,False
Stephen Curry,19.2,106.19999999999999,False
Stephen Curry,93.6,353.4,False
Stephen Curry,25.200000000000003,169.8,False
Stephen Curry,-114.0,228.6,True
Stephen Curry,156.0,220.20000000000005,True
Stephen Curry,152.4,73.80000000000001,True
Stephen Curry,188.4,300.6,False
Stephen Curry,8.399999999999999,63.0,True
Stephen Curry,80.4,221.4,True
Stephen Curry,15.600000000000001,57.0,True
Stephen Curry,278.4,50.99999999999999,True
Stephen Curry,-67.19999999999999,240.6,False
Stephen Curry,76.8,277.79999999999995,False
Stephen Curry,-154.8,231.0,False
Stephen Curry,-100.80000000000001,238.20000000000002,False
Stephen Curry,163.20000000000002,329.40000000000003,False
Stephen Curry,-4.8,282.6,True
Stephen Curry,-7.2,257.4,False
Stephen Curry,19.2,376.2,False
Stephen Curry,-1.2,106.19999999999999,False
Stephen Curry,205.20000000000002,297.0,False
Stephen Curry,9.6,322.2,False
Stephen Curry,280.8,125.39999999999998,False
Stephen Curry,-84.0,280.20000000000005,True
Stephen Curry,154.8,45.0,True
Stephen Curry,-158.39999999999998,301.8,False
Stephen Curry,-87.6,369.0,True
Stephen Curry,216.0,45.0,False
Stephen Curry,241.20000000000002,331.79999999999995,True
Stephen Curry,-210.0,325.79999999999995,False
Stephen Curry,-7.2,78.6,True
Stephen Curry,166.8,322.2,False
Stephen Curry,-274.79999999999995,88.19999999999999,False
Stephen Curry,156.0,58.2,False
Stephen Curry,154.8,340.20000000000005,False
Stephen Curry,2.4,107.39999999999999,False
Stephen Curry,-39.599999999999994,156.6,True
Stephen Curry,-70.80000000000001,297.0,True
Stephen Curry,273.6,95.4,False
Stephen Curry,-244.79999999999995,269.4,True
Stephen Curry,-13.200000000000003,201.0,True
Stephen Curry,27.599999999999998,72.6,True
Stephen Curry,153.6,348.6,False
Stephen Curry,-4.8,103.8,True
Stephen Curry,218.4,292.20000000000005,False
Stephen Curry,177.60000000000002,322.2,True
Stephen Curry,-7.2,95.4,True
Stephen Curry,-19.2,90.6,True
Stephen Curry,156.0,232.2,False
Stephen Curry,-120.0,354.6,False
Stephen Curry,210.0,328.2,True
Stephen Curry,3.6,384.59999999999997,False
Stephen Curry,273.6,89.4,True
Stephen Curry,-195.6,95.4,False
Stephen Curry,-232.8,301.8,True
Stephen Curry,-19.2,87.0,True
Stephen Curry,121.2,294.59999999999997,False
Stephen Curry,-140.4,335.4,True
Stephen Curry,-20.400000000000002,405.0,True
Stephen Curry,-140.4,215.39999999999998,False
Stephen Curry,9.6,76.2,True
Stephen Curry,-130.8,376.2,False
Stephen Curry,-265.20000000000005,207.0,True
Stephen Curry,250.79999999999995,240.6,True
Stephen Curry,-146.4,238.20000000000002,False
Stephen Curry,-268.79999999999995,217.79999999999998,True
Stephen Curry,200.39999999999998,339.0,True
Stephen Curry,-1.2,79.8,True
Stephen Curry,24.0,64.19999999999999,False
Stephen Curry,-283.20000000000005,75.0,False
Stephen Curry,162.0,352.20000000000005,False
Stephen Curry,-278.4,105.0,False
Stephen Curry,-176.39999999999998,331.79999999999995,False
Stephen Curry,3.6,81.0,False
Stephen Curry,49.199999999999996,88.19999999999999,True
Stephen Curry,116.4,340.20000000000005,False
Stephen Curry,-22.8,107.39999999999999,False
Stephen Curry,-0.0,120.60000000000001,True
Stephen Curry,-163.20000000000002,333.0,True
Stephen Curry,222.0,297.0,False
Stephen Curry,166.8,383.4,False
Stephen Curry,150.0,389.40000000000003,False
Stephen Curry,236.4,72.6,False
Stephen Curry,133.2,366.59999999999997,True
Stephen Curry,-28.8,388.2,True
Stephen Curry,248.4,256.2,True
Stephen Curry,237.6,269.4,False
Stephen Curry,-180.0,328.2,False
Stephen Curry,-193.20000000000002,353.4,False
Stephen Curry,-238.8,264.6,True
Stephen Curry,182.4,323.40000000000003,False
Stephen Curry,-189.6,327.0,False
Stephen Curry,-148.8,253.79999999999998,True
Stephen Curry,-172.8,336.6,True
Stephen Curry,270.0,78.6,True
Stephen Curry,-190.8,343.79999999999995,True
Stephen Curry,205.20000000000002,312.6,True
Stephen Curry,201.60000000000002,323.40000000000003,False
Stephen Curry,-166.8,256.2,False
Stephen Curry,-272.4,121.8,True
Stephen Curry,-3.6,121.8,True
Stephen Curry,261.6,265.79999999999995,False
Stephen Curry,10.8,151.8,False
Stephen Curry,-154.8,345.0,True
Stephen Curry,-70.80000000000001,305.4,True
Stephen Curry,-22.8,94.2,True
Stephen Curry,208.79999999999998,354.6,False
Stephen Curry,6.0,93.0,False
Stephen Curry,284.4,91.80000000000001,True
Stephen Curry,80.4,379.8,False
Stephen Curry,-13.200000000000003,360.59999999999997,True
Stephen Curry,-8.399999999999999,375.0,True
Stephen Curry,-178.8,334.2,False
Stephen Curry,3.6,357.0,True
Stephen Curry,-115.2,351.0,True
Stephen Curry,-6.0,249.0,False
Stephen Curry,-3.6,81.0,True
Stephen Curry,-147.60000000000002,232.2,False
Stephen Curry,235.2,226.2,False
Stephen Curry,-136.8,333.0,False
Stephen Curry,-55.199999999999996,359.4,False
Stephen Curry,163.20000000000002,364.20000000000005,False
Stephen Curry,-270.0,70.2,True
Stephen Curry,1.2,71.39999999999999,True
Stephen Curry,132.0,355.8,True
Stephen Curry,61.19999999999999,378.6,False
Stephen Curry,-265.20000000000005,94.2,True
Stephen Curry,230.4,321.0,True
Stephen Curry,16.799999999999997,204.60000000000002,False
Stephen Curry,6.0,89.4,False
Stephen Curry,-270.0,67.80000000000001,True
Stephen Curry,-264.0,65.4,True
Stephen Curry,163.20000000000002,333.0,False
Stephen Curry,-145.2,352.20000000000005,False
Stephen Curry,-284.4,106.19999999999999,False
Stephen Curry,43.2,365.4,False
Stephen Curry,-100.80000000000001,190.2,False
Stephen Curry,-172.8,389.40000000000003,False
Stephen Curry,16.799999999999997,67.80000000000001,False
Stephen Curry,-60.0,163.8,False
Stephen Curry,6.0,76.2,True
Stephen Curry,277.20000000000005,43.8,True
Stephen Curry,7.2,378.6,True
Stephen Curry,48.0,252.60000000000002,False
Stephen Curry,13.200000000000003,63.0,False
Stephen Curry,271.20000000000005,160.20000000000002,True
Stephen Curry,-176.39999999999998,313.8,False
Stephen Curry,-108.0,78.6,False
Stephen Curry,203.99999999999997,328.2,False
Stephen Curry,134.39999999999998,342.6,True
Stephen Curry,-32.4,76.2,False
Stephen Curry,-261.6,213.0,True
Stephen Curry,210.0,305.4,True
Stephen Curry,-7.2,167.39999999999998,True
Stephen Curry,-208.79999999999998,123.0,False
Stephen Curry,-79.19999999999999,391.8,False
Stephen Curry,220.79999999999998,322.2,True
Stephen Curry,4.8,143.4,False
Stephen Curry,225.6,303.0,True
Stephen Curry,-171.60000000000002,395.40000000000003,False
Stephen Curry,67.19999999999999,244.20000000000002,True
Stephen Curry,214.79999999999998,63.0,False
Stephen Curry,-151.2,251.4,True
Stephen Curry,271.20000000000005,195.0,False
Stephen Curry,44.400000000000006,162.6,False
Stephen Curry,-120.0,139.8,False
Stephen Curry,-254.39999999999998,217.79999999999998,False
Stephen Curry,46.8,397.79999999999995,True
Stephen Curry,208.79999999999998,328.2,False
Stephen Curry,-169.2,316.2,True
Stephen Curry,-154.8,243.0,True
Stephen Curry,-280.8,97.8,True
Stephen Curry,222.0,277.79999999999995,True
Stephen Curry,-278.4,85.80000000000001,True
Stephen Curry,-211.20000000000005,301.8,False
Stephen Curry,-223.2,397.79999999999995,False
Stephen Curry,277.20000000000005,47.4,False
Stephen Curry,139.2,220.20000000000005,False
Stephen Curry,-216.0,70.2,False
Stephen Curry,273.6,201.0,True
Stephen Curry,-222.0,345.0,True
Stephen Curry,-9.6,78.6,False
Stephen Curry,176.39999999999998,611.4000000000001,False
Stephen Curry,152.4,389.40000000000003,False
Stephen Curry,166.8,342.6,False
Stephen Curry,-235.2,301.8,True
Stephen Curry,-241.20000000000002,257.4,False
Stephen Curry,-248.4,237.0,True
Stephen Curry,-282.0,130.2,True
Stephen Curry,3.6,73.80000000000001,True
Stephen Curry,100.80000000000001,391.8,False
Stephen Curry,-150.0,328.2,True
Stephen Curry,205.20000000000002,281.4,True
Stephen Curry,-189.6,85.80000000000001,True
Stephen Curry,-0.0,78.6,True
Stephen Curry,-36.0,359.4,True
Stephen Curry,-160.8,319.79999999999995,False
Stephen Curry,186.0,349.79999999999995,False
Stephen Curry,192.0,299.4,True
Stephen Curry,-7.2,82.19999999999999,True
Stephen Curry,-279.6,138.60000000000002,False
Stephen Curry,248.4,229.8,False
Stephen Curry,88.80000000000001,119.4,False
Stephen Curry,278.4,109.8,True
Stephen Curry,43.2,359.4,False
Stephen Curry,136.8,323.40000000000003,True
Stephen Curry,249.60000000000002,81.0,False
Stephen Curry,7.2,64.19999999999999,False
Stephen Curry,-2.4,377.4,False
Stephen Curry,290.4,162.6,True
Stephen Curry,3.6,77.4,False
Stephen Curry,130.8,352.20000000000005,False
Stephen Curry,-194.4,736.2,False
Stephen Curry,91.2,372.59999999999997,True
Stephen Curry,276.0,165.0,True
Stephen Curry,6.0,95.4,True
Stephen Curry,138.0,358.20000000000005,True
Stephen Curry,-3.6,391.8,False
Stephen Curry,-182.4,297.0,False
Stephen Curry,-150.0,329.40000000000003,False
Stephen Curry,-118.8,335.4,True
Stephen Curry,-280.8,61.800000000000004,False
Stephen Curry,69.6,364.20000000000005,False
Stephen Curry,116.4,313.8,True
Stephen Curry,-34.8,786.6,True
Stephen Curry,2.4,83.4,True
Stephen Curry,178.8,304.2,False
Stephen Curry,-15.600000000000001,85.80000000000001,False
Stephen Curry,-268.79999999999995,61.800000000000004,False
Stephen Curry,140.4,339.0,False
Stephen Curry,-0.0,82.19999999999999,False
Stephen Curry,159.6,72.6,False
Stephen Curry,222.0,263.4,False
Stephen Curry,-277.20000000000005,89.4,False
Stephen Curry,-10.8,78.6,True
Stephen Curry,136.8,328.2,False
Stephen Curry,-278.4,111.0,True
Stephen Curry,-134.39999999999998,343.79999999999995,False
Stephen Curry,-142.79999999999998,321.0,False
Stephen Curry,2.4,63.0,False
Stephen Curry,-286.8,64.19999999999999,True
Stephen Curry,230.4,83.4,False
Stephen Curry,264.0,70.2,False
Stephen Curry,15.600000000000001,81.0,True
Stephen Curry,134.39999999999998,334.2,True
Stephen Curry,144.0,340.20000000000005,False
Stephen Curry,249.60000000000002,45.0,False
Stephen Curry,14.4,72.6,False
Stephen Curry,-184.79999999999998,339.0,False
Stephen Curry,201.60000000000002,297.0,True
Stephen Curry,-244.79999999999995,53.4,True
Stephen Curry,3.6,108.60000000000002,False
Stephen Curry,-6.0,59.4,True
Stephen Curry,7.2,95.4,True
Stephen Curry,-0.0,55.8,False
Stephen Curry,277.20000000000005,131.39999999999998,True
Stephen Curry,-153.6,232.2,False
Stephen Curry,-58.8,377.4,False
Stephen Curry,-30.0,288.59999999999997,False
Stephen Curry,64.8,112.2,False
Stephen Curry,189.6,317.40000000000003,False
Stephen Curry,274.79999999999995,67.80000000000001,False
Stephen Curry,7.2,239.4,False
Stephen Curry,-104.39999999999999,120.60000000000001,True
Stephen Curry,223.2,307.8,True
Stephen Curry,-3.6,72.6,True
Stephen Curry,28.8,91.80000000000001,False
Stephen Curry,-64.8,421.8,False
Stephen Curry,-123.60000000000001,249.0,False
Stephen Curry,62.400000000000006,408.5999999999999,False
Stephen Curry,-32.4,78.6,True
Stephen Curry,10.8,151.8,True
Stephen Curry,148.8,370.20000000000005,False
Stephen Curry,-159.6,388.2,True
Stephen Curry,-174.0,329.40000000000003,True
Stephen Curry,-24.0,69.0,True
Stephen Curry,243.6,322.2,False
Stephen Curry,194.4,333.0,False
Stephen Curry,-158.39999999999998,337.79999999999995,False
Stephen Curry,-273.6,199.79999999999998,True
Stephen Curry,-166.8,354.6,True
Stephen Curry,228.0,294.59999999999997,True
Stephen Curry,-58.8,371.4,False
Stephen Curry,222.0,291.0,False
Stephen Curry,6.0,161.39999999999998,True
Stephen Curry,75.6,376.2,False
Stephen Curry,234.0,282.6,False
Stephen Curry,-277.20000000000005,187.8,False
Stephen Curry,-39.599999999999994,130.2,True
Stephen Curry,-15.600000000000001,82.19999999999999,False
Stephen Curry,121.2,379.8,True
Stephen Curry,-100.80000000000001,295.8,False
Stephen Curry,139.2,277.79999999999995,False
Stephen Curry,-214.79999999999998,294.59999999999997,False
Stephen Curry,170.39999999999998,385.8,False
Stephen Curry,278.4,215.39999999999998,False
Stephen Curry,-73.2,378.6,False
Stephen Curry,-217.20000000000005,288.59999999999997,False
Stephen Curry,-271.20000000000005,231.0,True
Stephen Curry,198.0,598.2,False
Stephen Curry,55.199999999999996,417.0,True
Stephen Curry,-260.4,265.79999999999995,False
Stephen Curry,-74.4,217.79999999999998,False
Stephen Curry,-182.4,228.6,True
Stephen Curry,-2.4,396.59999999999997,True
Stephen Curry,190.8,317.40000000000003,False
Stephen Curry,24.0,115.8,False
Stephen Curry,-58.8,282.6,False
Stephen Curry,-88.80000000000001,252.60000000000002,False
Stephen Curry,26.400000000000006,409.8,True
Stephen Curry,-258.0,235.8,False
Stephen Curry,-135.60000000000002,253.79999999999998,True
Stephen Curry,284.4,145.79999999999998,False
Stephen Curry,247.20000000000002,201.0,True
Stephen Curry,-10.8,447.00000000000006,False
Stephen Curry,-6.0,89.4,False
Stephen Curry,-7.2,83.4,True
Stephen Curry,-22.8,706.2,False
Stephen Curry,-174.0,337.79999999999995,False
Stephen Curry,248.4,232.2,True
Stephen Curry,-72.0,379.8,False
Stephen Curry,37.2,187.8,False
Stephen Curry,235.2,269.4,True
Stephen Curry,-14.4,391.8,True
Stephen Curry,128.39999999999998,231.0,True
Stephen Curry,214.79999999999998,294.59999999999997,True
Stephen Curry,-126.0,268.20000000000005,True
Stephen Curry,232.8,263.4,False
Stephen Curry,15.600000000000001,64.19999999999999,True
Stephen Curry,-13.200000000000003,408.5999999999999,False
Stephen Curry,205.20000000000002,63.0,True
Stephen Curry,-55.199999999999996,419.40000000000003,True
Stephen Curry,-127.19999999999999,340.20000000000005,False
Stephen Curry,272.4,85.80000000000001,False
Stephen Curry,-136.8,358.20000000000005,False
Stephen Curry,184.79999999999998,202.20000000000002,True
Stephen Curry,-189.6,324.6,False
Stephen Curry,-254.39999999999998,225.0,True
Stephen Curry,225.6,307.8,False
Stephen Curry,26.400000000000006,94.2,True
Stephen Curry,-48.0,135.0,False
Stephen Curry,172.8,316.2,False
Stephen Curry,16.799999999999997,93.0,True
Stephen Curry,147.60000000000002,335.4,False
Stephen Curry,-130.8,354.6,False
Stephen Curry,-94.8,371.4,True
Stephen Curry,276.0,83.4,True
Stephen Curry,139.2,354.6,False
Stephen Curry,1.2,141.0,False
Stephen Curry,-247.20000000000002,261.0,True
Stephen Curry,206.39999999999998,96.60000000000001,False
Stephen Curry,163.20000000000002,325.79999999999995,False
Stephen Curry,-51.599999999999994,238.20000000000002,False
Stephen Curry,-178.8,321.0,True
Stephen Curry,62.400000000000006,281.4,False
Stephen Curry,70.80000000000001,376.2,False
Stephen Curry,-33.599999999999994,285.0,False
Stephen Curry,243.6,390.59999999999997,False
Stephen Curry,-236.4,251.4,True
Stephen Curry,-216.0,306.6,False
Stephen Curry,-84.0,358.20000000000005,False
Stephen Curry,-8.399999999999999,83.4,False
Stephen Curry,21.6,79.8,True
Stephen Curry,-157.2,382.2,False
Stephen Curry,-224.4,287.4,True
Stephen Curry,135.60000000000002,175.8,True
Stephen Curry,24.0,82.19999999999999,False
Stephen Curry,-147.60000000000002,322.2,False
Stephen Curry,16.799999999999997,121.8,False
Stephen Curry,-101.99999999999999,269.4,True
Stephen Curry,-0.0,252.60000000000002,False
Stephen Curry,-12.0,367.8,False
Stephen Curry,-22.8,72.6,True
Stephen Curry,-126.0,291.0,False
Stephen Curry,-135.60000000000002,354.6,False
Stephen Curry,-24.0,75.0,True
Stephen Curry,16.799999999999997,90.6,True
Stephen Curry,-148.8,335.4,False
Stephen Curry,22.8,373.8,True
Stephen Curry,-103.19999999999999,349.79999999999995,True
Stephen Curry,45.6,367.8,False
Stephen Curry,58.8,222.6,True
Stephen Curry,-93.6,348.6,False
Stephen Curry,-19.2,84.6,False
Stephen Curry,-3.6,79.8,True
Stephen Curry,66.0,358.20000000000005,False
Stephen Curry,283.20000000000005,107.39999999999999,False
Stephen Curry,169.2,310.2,True
Stephen Curry,19.2,81.0,False
Stephen Curry,-174.0,315.0,True
Stephen Curry,-55.199999999999996,409.8,False
Stephen Curry,-142.79999999999998,395.40000000000003,False
Stephen Curry,-174.0,353.4,False
Stephen Curry,-183.60000000000002,299.4,True
Stephen Curry,-1.2,214.20000000000005,True
Stephen Curry,-15.600000000000001,88.19999999999999,True
Stephen Curry,19.2,365.4,False
Stephen Curry,134.39999999999998,330.6,False
Stephen Curry,282.0,75.0,False
Stephen Curry,-129.6,339.0,True
Stephen Curry,24.0,76.2,True
Stephen Curry,280.8,81.0,False
Stephen Curry,19.2,71.39999999999999,True
Stephen Curry,-211.20000000000005,279.0,False
Stephen Curry,218.4,396.59999999999997,False
Stephen Curry,212.39999999999998,317.40000000000003,True
Stephen Curry,189.6,361.8,False
Stephen Curry,123.60000000000001,379.8,False
Stephen Curry,184.79999999999998,321.0,False
Stephen Curry,277.20000000000005,121.8,False
Stephen Curry,9.6,81.0,True
Stephen Curry,-142.79999999999998,345.0,True
Stephen Curry,-22.8,89.4,False
Stephen Curry,-111.6,352.20000000000005,False
Stephen Curry,-51.599999999999994,385.8,True
Stephen Curry,-68.4,391.8,False
Stephen Curry,-273.6,211.79999999999998,False
Stephen Curry,-7.2,119.4,False
Stephen Curry,-66.0,390.59999999999997,True
Stephen Curry,130.8,328.2,False
Stephen Curry,-19.2,85.80000000000001,False
Stephen Curry,-282.0,64.19999999999999,False
Stephen Curry,279.6,36.6,True
Stephen Curry,-128.39999999999998,384.59999999999997,False
Stephen Curry,-61.19999999999999,143.4,False
Stephen Curry,187.2,339.0,False
Stephen Curry,171.60000000000002,327.0,False
Stephen Curry,63.599999999999994,143.4,False
Stephen Curry,273.6,55.8,True
Stephen Curry,272.4,63.0,False
Stephen Curry,-146.4,238.20000000000002,True
Stephen Curry,-0.0,87.0,True
Stephen Curry,-128.39999999999998,342.6,True
Stephen Curry,-6.0,94.2,True
Stephen Curry,-12.0,93.0,True
Stephen Curry,-264.0,219.0,True
Stephen Curry,-128.39999999999998,360.59999999999997,False
Stephen Curry,-111.6,96.60000000000001,False
Stephen Curry,-201.60000000000002,319.79999999999995,False
Stephen Curry,-214.79999999999998,299.4,True
Stephen Curry,-9.6,105.0,False
Stephen Curry,-176.39999999999998,322.2,True
Stephen Curry,48.0,366.59999999999997,True
Stephen Curry,-9.6,123.0,False
Stephen Curry,247.20000000000002,252.60000000000002,False
Stephen Curry,213.6,294.59999999999997,True
Stephen Curry,-169.2,335.4,True
Stephen Curry,25.200000000000003,111.0,False
Stephen Curry,201.60000000000002,301.8,False
Stephen Curry,276.0,89.4,False
Stephen Curry,-218.4,297.0,True
Stephen Curry,106.8,228.6,True
Stephen Curry,-128.39999999999998,375.0,False
Stephen Curry,248.4,297.0,True
Stephen Curry,-244.79999999999995,276.6,True
Stephen Curry,-232.8,313.8,True
Stephen Curry,274.79999999999995,94.2,False
Stephen Curry,255.60000000000002,257.4,False
Stephen Curry,-10.8,78.6,True
Stephen Curry,280.8,107.39999999999999,True
Stephen Curry,14.4,106.19999999999999,False
Stephen Curry,6.0,147.0,False
Stephen Curry,230.4,299.4,True
Stephen Curry,-62.400000000000006,283.8,False
Stephen Curry,-68.4,372.59999999999997,False
Stephen Curry,-139.2,349.79999999999995,False
Stephen Curry,-270.0,96.60000000000001,False
Stephen Curry,282.0,72.6,False
Stephen Curry,-231.6,193.79999999999998,False
Stephen Curry,159.6,339.0,True
Stephen Curry,-93.6,365.4,True
Stephen Curry,265.20000000000005,171.0,True
Stephen Curry,-31.200000000000003,88.19999999999999,False
Stephen Curry,-234.0,61.800000000000004,True
Stephen Curry,126.0,67.80000000000001,True
Stephen Curry,193.20000000000002,345.0,False
Stephen Curry,240.0,227.4,True
Stephen Curry,-15.600000000000001,70.2,False
Stephen Curry,-169.2,334.2,False
Stephen Curry,19.2,87.0,False
Stephen Curry,-2.4,269.4,True
Stephen Curry,-142.79999999999998,363.0,False
Stephen Curry,13.200000000000003,244.20000000000002,True
Stephen Curry,-132.0,335.4,False
Stephen Curry,129.6,347.4,True
Stephen Curry,-126.0,448.20000000000005,False
Stephen Curry,-164.39999999999998,258.6,True
Stephen Curry,198.0,358.20000000000005,False
Stephen Curry,19.2,88.19999999999999,True
Stephen Curry,-169.2,339.0,True
Stephen Curry,-247.20000000000002,240.6,True
Stephen Curry,7.2,261.0,False
Stephen Curry,214.79999999999998,316.2,False
Stephen Curry,-181.2,346.20000000000005,False
Stephen Curry,-55.199999999999996,384.59999999999997,True
Stephen Curry,-186.0,389.40000000000003,False
Stephen Curry,194.4,297.0,True
Stephen Curry,267.6,186.60000000000002,True
Stephen Curry,253.20000000000002,240.6,False
Stephen Curry,202.79999999999998,328.2,False
Stephen Curry,-7.2,76.2,True
Stephen Curry,22.8,88.19999999999999,False
Stephen Curry,-174.0,331.79999999999995,False
Stephen Curry,-10.8,304.2,True
Stephen Curry,193.20000000000002,303.0,False
Stephen Curry,154.8,341.4,False
Stephen Curry,22.8,117.0,False
Stephen Curry,-108.0,378.6,False
Stephen Curry,-14.4,402.59999999999997,True
Stephen Curry,-75.6,91.80000000000001,True
Stephen Curry,3.6,209.39999999999998,False
Stephen Curry,-186.0,353.4,False
Stephen Curry,200.39999999999998,312.6,True
Stephen Curry,3.6,439.79999999999995,True
Stephen Curry,14.4,391.8,True
Stephen Curry,-76.8,196.20000000000002,True
Stephen Curry,151.2,412.2,False
Stephen Curry,123.60000000000001,270.6,True
Stephen Curry,-10.8,285.0,True
Stephen Curry,117.6,405.0,False
Stephen Curry,206.39999999999998,354.6,True
Stephen Curry,-49.199999999999996,286.20000000000005,False
Stephen Curry,-267.6,109.8,False
Stephen Curry,136.8,252.60000000000002,False
Stephen Curry,34.8,143.4,True
Stephen Curry,-128.39999999999998,418.20000000000005,False
Stephen Curry,-43.2,95.4,True
Stephen Curry,-260.4,191.4,True
Stephen Curry,-157.2,328.2,True
Stephen Curry,267.6,207.0,False
Stephen Curry,-228.0,162.6,True
Stephen Curry,267.6,249.0,False
Stephen Curry,-192.0,310.2,False
Stephen Curry,117.6,348.6,False
Stephen Curry,279.6,83.4,False
Stephen Curry,253.20000000000002,238.20000000000002,True
Stephen Curry,-3.6,66.6,False
Stephen Curry,-27.599999999999998,67.80000000000001,False
Stephen Curry,-182.4,328.2,False
Stephen Curry,250.79999999999995,82.19999999999999,False
Stephen Curry,290.4,63.0,False
Stephen Curry,-232.8,305.4,True
Stephen Curry,3.6,84.6,True
Stephen Curry,-6.0,77.4,True
Stephen Curry,-272.4,102.60000000000001,True
Stephen Curry,22.8,81.0,True
Stephen Curry,271.20000000000005,67.80000000000001,True
Stephen Curry,182.4,315.0,False
Stephen Curry,16.799999999999997,79.8,True
Stephen Curry,-153.6,357.0,False
Stephen Curry,21.6,155.4,False
Stephen Curry,223.2,213.0,False
Stephen Curry,-144.0,237.0,False
Stephen Curry,-6.0,78.6,True
Stephen Curry,-224.4,448.20000000000005,False
Stephen Curry,104.39999999999999,150.6,True
Stephen Curry,241.20000000000002,293.4,False
Stephen Curry,235.2,279.0,True
Stephen Curry,-210.0,324.6,True
Stephen Curry,4.8,79.8,True
Stephen Curry,-55.199999999999996,106.19999999999999,False
Stephen Curry,-211.20000000000005,311.4,False
Stephen Curry,-156.0,131.39999999999998,False
Stephen Curry,-74.4,367.8,False
Stephen Curry,184.79999999999998,367.8,False
Stephen Curry,-222.0,285.0,False
Stephen Curry,-267.6,133.8,False
Stephen Curry,110.39999999999999,125.39999999999998,False
Stephen Curry,198.0,359.4,False
Stephen Curry,128.39999999999998,349.79999999999995,True
Stephen Curry,15.600000000000001,82.19999999999999,False
Stephen Curry,-40.800000000000004,391.8,False
Stephen Curry,270.0,63.0,True
Stephen Curry,140.4,208.20000000000005,True
Stephen Curry,171.60000000000002,325.79999999999995,False
Stephen Curry,-0.0,151.8,False
Stephen Curry,-16.799999999999997,378.6,False
Stephen Curry,-188.4,358.20000000000005,False
Stephen Curry,82.8,376.2,True
Stephen Curry,-2.4,89.4,True
Stephen Curry,224.4,282.6,False
Stephen Curry,-172.8,335.4,True
Stephen Curry,-26.400000000000006,91.80000000000001,False
Stephen Curry,-114.0,837.0,False
Stephen Curry,-266.4,198.6,True
Stephen Curry,-201.60000000000002,342.6,False
Stephen Curry,268.79999999999995,191.4,True
Stephen Curry,201.60000000000002,383.4,True
Stephen Curry,-231.6,271.79999999999995,True
Stephen Curry,-115.2,101.39999999999999,True
Stephen Curry,187.2,241.79999999999995,False
Stephen Curry,-228.0,310.2,True
Stephen Curry,-211.20000000000005,311.4,True
Stephen Curry,-4.8,83.4,False
Stephen Curry,1.2,100.19999999999999,True
Stephen Curry,-286.8,71.39999999999999,False
Stephen Curry,-246.0,245.4,False
Stephen Curry,212.39999999999998,322.2,True
Stephen Curry,150.0,343.79999999999995,True
Stephen Curry,-195.6,265.79999999999995,False
Stephen Curry,278.4,35.400000000000006,True
Stephen Curry,-21.6,82.19999999999999,True
Stephen Curry,212.39999999999998,313.8,True
Stephen Curry,-92.39999999999999,283.8,True
Stephen Curry,52.80000000000001,97.8,True
Stephen Curry,272.4,33.0,True
Stephen Curry,-271.20000000000005,221.4,True
Stephen Curry,-0.0,69.0,True
Stephen Curry,-127.19999999999999,377.4,False
Stephen Curry,-51.599999999999994,94.2,False
Stephen Curry,-226.8,285.0,True
Stephen Curry,-282.0,184.2,False
Stephen Curry,-199.20000000000002,307.8,False
Stephen Curry,19.2,76.2,True
Stephen Curry,224.4,275.4,True
Stephen Curry,-224.4,293.4,True
Stephen Curry,253.20000000000002,225.0,True
Stephen Curry,-288.0,139.8,True
Stephen Curry,-260.4,246.60000000000002,True
Stephen Curry,-177.60000000000002,335.4,False
Stephen Curry,-217.20000000000005,300.6,False
Stephen Curry,-229.2,276.6,False
Stephen Curry,45.6,72.6,False
Stephen Curry,-10.8,76.2,False
Stephen Curry,156.0,377.4,False
Stephen Curry,-88.80000000000001,132.60000000000002,False
Stephen Curry,2.4,94.2,True
Stephen Curry,-88.80000000000001,239.4,True
Stephen Curry,151.2,411.0,False
Stephen Curry,-180.0,171.0,True
Stephen Curry,-9.6,77.4,False
Stephen Curry,2.4,93.0,True
Stephen Curry,-28.8,78.6,True
Stephen Curry,274.79999999999995,46.199999999999996,False
Stephen Curry,-13.200000000000003,67.80000000000001,True
Stephen Curry,274.79999999999995,60.6,True
Stephen Curry,-99.60000000000001,402.59999999999997,False
Stephen Curry,-1.2,79.8,True
Stephen Curry,28.8,88.19999999999999,True
Stephen Curry,200.39999999999998,315.0,True
Stephen Curry,-182.4,196.20000000000002,True
Stephen Curry,42.0,85.80000000000001,True
Stephen Curry,-206.39999999999998,441.00000000000006,False
Stephen Curry,97.2,130.2,True
Stephen Curry,-42.0,136.2,False
Stephen Curry,-62.400000000000006,99.0,True
Stephen Curry,169.2,341.4,False
Stephen Curry,141.60000000000002,238.20000000000002,False
Stephen Curry,189.6,293.4,False
Stephen Curry,265.20000000000005,57.0,False
Stephen Curry,278.4,63.0,True
Stephen Curry,-48.0,525.0,False
Stephen Curry,-289.20000000000005,63.0,False
Stephen Curry,-195.6,298.2,False
Stephen Curry,-16.799999999999997,77.4,True
Stephen Curry,-279.6,153.0,False
Stephen Curry,-144.0,336.6,False
Stephen Curry,195.6,349.79999999999995,True
Stephen Curry,208.79999999999998,319.79999999999995,False
Stephen Curry,133.2,375.0,False
Stephen Curry,62.400000000000006,289.8,True
Stephen Curry,7.2,78.6,True
Stephen Curry,-43.2,426.5999999999999,False
Stephen Curry,24.0,79.8,True
Stephen Curry,206.39999999999998,291.0,False
Stephen Curry,139.2,83.4,True
Stephen Curry,-24.0,81.0,True
Stephen Curry,142.79999999999998,78.6,False
Stephen Curry,-278.4,162.6,False
Stephen Curry,-24.0,76.2,True
Stephen Curry,242.4,328.2,True
Stephen Curry,-271.20000000000005,71.39999999999999,False
Stephen Curry,-273.6,52.199999999999996,False
Stephen Curry,180.0,316.2,False
Stephen Curry,282.0,89.4,True
Stephen Curry,-16.799999999999997,76.2,True
Stephen Curry,153.6,322.2,True
Stephen Curry,-178.8,299.4,False
Stephen Curry,-260.4,306.6,False
Stephen Curry,-100.80000000000001,111.0,True
Stephen Curry,24.0,93.0,False
Stephen Curry,195.6,322.2,False
Stephen Curry,-128.39999999999998,358.20000000000005,False
Stephen Curry,-80.4,426.5999999999999,True
Stephen Curry,-20.400000000000002,395.40000000000003,True
Stephen Curry,-132.0,366.59999999999997,True
Stephen Curry,180.0,316.2,True
Stephen Curry,-127.19999999999999,334.2,True
Stephen Curry,180.0,313.8,True
Stephen Curry,15.600000000000001,82.19999999999999,True
Stephen Curry,32.4,177.0,False
Stephen Curry,-120.0,357.0,True
Stephen Curry,-228.0,301.8,False
Stephen Curry,43.2,384.59999999999997,False
Stephen Curry,-176.39999999999998,366.59999999999997,True
Stephen Curry,115.2,269.4,False
Stephen Curry,255.60000000000002,273.0,False
Stephen Curry,-31.200000000000003,414.5999999999999,False
Stephen Curry,-88.80000000000001,389.40000000000003,True
Stephen Curry,152.4,385.8,False
Stephen Curry,-134.39999999999998,393.0,True
Stephen Curry,206.39999999999998,367.8,True
Stephen Curry,-140.4,239.4,True
Stephen Curry,-238.8,229.8,True
Stephen Curry,-61.19999999999999,154.2,False
Stephen Curry,-272.4,101.39999999999999,True
Stephen Curry,203.99999999999997,292.20000000000005,False
Stephen Curry,244.79999999999995,78.6,True
Stephen Curry,16.799999999999997,93.0,False
Stephen Curry,228.0,252.60000000000002,False
Stephen Curry,-3.6,87.0,False
Stephen Curry,264.0,47.4,False
Stephen Curry,238.8,225.0,True
Stephen Curry,-265.20000000000005,76.2,False
Stephen Curry,93.6,376.2,True
Stephen Curry,-273.6,49.800000000000004,True
Stephen Curry,-159.6,335.4,False
Stephen Curry,258.0,199.79999999999998,True
Stephen Curry,51.599999999999994,90.6,False
Stephen Curry,-45.6,389.40000000000003,True
Stephen Curry,-48.0,209.39999999999998,True
Stephen Curry,-121.2,348.6,False
Stephen Curry,267.6,210.6,True
Stephen Curry,-109.2,234.6,False
Stephen Curry,9.6,371.4,False
Stephen Curry,-259.2,214.20000000000005,True
Stephen Curry,182.4,309.0,False
Stephen Curry,-220.79999999999998,263.4,True
Stephen Curry,16.799999999999997,77.4,False
Stephen Curry,-88.80000000000001,83.4,True
Stephen Curry,-230.4,264.6,False
Stephen Curry,225.6,263.4,True
Stephen Curry,-50.400000000000006,364.20000000000005,False
Stephen Curry,229.2,311.4,True
Stephen Curry,231.6,155.4,True
Stephen Curry,122.39999999999998,131.39999999999998,False
Stephen Curry,-24.0,365.4,True
Stephen Curry,-27.599999999999998,85.80000000000001,True
Stephen Curry,-217.20000000000005,270.6,False
Stephen Curry,-91.2,307.8,False
Stephen Curry,-138.0,337.79999999999995,False
Stephen Curry,-85.19999999999999,354.6,True
Stephen Curry,70.80000000000001,358.20000000000005,True
Stephen Curry,13.200000000000003,365.4,False
Stephen Curry,-16.799999999999997,69.0,True
Stephen Curry,-265.20000000000005,99.0,True
Stephen Curry,-0.0,55.8,False
Stephen Curry,246.0,76.2,False
Stephen Curry,-114.0,349.79999999999995,True
Stephen Curry,3.6,67.80000000000001,True
Stephen Curry,-273.6,125.39999999999998,True
Stephen Curry,9.6,423.0,False
Stephen Curry,62.400000000000006,203.39999999999998,True
Stephen Curry,-198.0,340.20000000000005,False
Stephen Curry,-148.8,367.8,True
Stephen Curry,-254.39999999999998,246.60000000000002,True
Stephen Curry,-201.60000000000002,328.2,True
Stephen Curry,-192.0,310.2,False
Stephen Curry,-27.599999999999998,83.4,True
Stephen Curry,9.6,82.19999999999999,True
Stephen Curry,206.39999999999998,291.0,False
Stephen Curry,225.6,300.6,True
Stephen Curry,246.0,243.0,False
Stephen Curry,2.4,396.59999999999997,False
Stephen Curry,-211.20000000000005,60.6,True
Stephen Curry,22.8,78.6,True
Stephen Curry,214.79999999999998,294.59999999999997,False
Stephen Curry,-106.8,382.2,False
Stephen Curry,-123.60000000000001,375.0,False
Stephen Curry,-205.20000000000002,321.0,False
Stephen Curry,4.8,150.6,False
Stephen Curry,230.4,297.0,False
Stephen Curry,-231.6,175.8,False
Stephen Curry,-3.6,89.4,True
Stephen Curry,-199.20000000000002,323.40000000000003,True
Stephen Curry,-0.0,94.2,False
Stephen Curry,-103.19999999999999,117.0,True
Stephen Curry,-208.79999999999998,292.20000000000005,False
Stephen Curry,10.8,393.0,True
Stephen Curry,6.0,83.4,False
Stephen Curry,-153.6,329.40000000000003,False
Stephen Curry,-272.4,181.79999999999998,False
Stephen Curry,276.0,181.79999999999998,False
Stephen Curry,278.4,131.39999999999998,True
Stephen Curry,38.4,163.8,False
Stephen Curry,271.20000000000005,50.99999999999999,False
Stephen Curry,-123.60000000000001,346.20000000000005,False
Stephen Curry,22.8,69.0,True
Stephen Curry,267.6,199.79999999999998,False
Stephen Curry,-178.8,340.20000000000005,True
Stephen Curry,-108.0,307.8,False
Stephen Curry,-3.6,111.0,True
Stephen Curry,-100.80000000000001,359.4,True
Stephen Curry,68.4,379.8,True
Stephen Curry,-280.8,114.6,False
Stephen Curry,-104.39999999999999,352.20000000000005,False
Stephen Curry,-36.0,354.6,True
Stephen Curry,116.4,329.40000000000003,False
Stephen Curry,-178.8,300.6,False
Stephen Curry,-73.2,360.59999999999997,False
Stephen Curry,-217.20000000000005,270.6,True
Stephen Curry,139.2,331.79999999999995,True
Stephen Curry,24.0,81.0,False
Stephen Curry,237.6,154.2,True
Stephen Curry,193.20000000000002,305.4,True
Stephen Curry,273.6,169.8,False
Stephen Curry,164.39999999999998,228.6,True
Stephen Curry,7.2,391.8,True
Stephen Curry,-225.6,265.79999999999995,True
Stephen Curry,212.39999999999998,276.6,True
Stephen Curry,-213.6,276.6,False
Stephen Curry,198.0,143.4,True
Stephen Curry,-120.0,150.6,False
Stephen Curry,276.0,54.6,True
Stephen Curry,7.2,76.2,True
Stephen Curry,-0.0,919.8000000000002,False
Stephen Curry,-87.6,396.59999999999997,False
Stephen Curry,-250.79999999999995,268.20000000000005,False
Stephen Curry,4.8,150.6,True
Stephen Curry,-13.200000000000003,132.60000000000002,False
Stephen Curry,-225.6,295.8,False
Stephen Curry,184.79999999999998,318.6,False
Stephen Curry,31.200000000000003,83.4,True
Stephen Curry,228.0,307.8,True
Stephen Curry,174.0,239.4,False
Stephen Curry,-276.0,61.800000000000004,False
Stephen Curry,-276.0,95.4,True
Stephen Curry,12.0,75.0,True
Stephen Curry,2.4,252.60000000000002,True
Stephen Curry,144.0,411.0,True
Stephen Curry,28.8,87.0,True
Stephen Curry,-228.0,279.0,False
Stephen Curry,-10.8,88.19999999999999,True
Stephen Curry,262.79999999999995,234.6,True
Stephen Curry,-3.6,107.39999999999999,True
Stephen Curry,68.4,381.0,False
Stephen Curry,56.4,412.2,False
Stephen Curry,270.0,137.39999999999998,False
Stephen Curry,1.2,393.0,False
Stephen Curry,276.0,97.8,True
Stephen Curry,276.0,100.19999999999999,True
Stephen Curry,-4.8,59.4,True
Stephen Curry,-208.79999999999998,279.0,False
Stephen Curry,-98.39999999999999,348.6,True
Stephen Curry,-28.8,373.8,True
Stephen Curry,-73.2,203.39999999999998,True
Stephen Curry,-170.39999999999998,231.0,True
Stephen Curry,193.20000000000002,301.8,False
Stephen Curry,104.39999999999999,219.0,False
Stephen Curry,225.6,262.20000000000005,True
Stephen Curry,3.6,69.0,True
Stephen Curry,10.8,63.0,True
Stephen Curry,36.0,81.0,True
Stephen Curry,-14.4,364.20000000000005,False
Stephen Curry,4.8,73.80000000000001,False
Stephen Curry,-28.8,259.79999999999995,True
Stephen Curry,267.6,82.19999999999999,False
Stephen Curry,-157.2,346.20000000000005,False
Stephen Curry,85.19999999999999,151.8,False
Stephen Curry,-31.200000000000003,367.8,False
Stephen Curry,225.6,265.79999999999995,True
Stephen Curry,205.20000000000002,322.2,False
Stephen Curry,186.0,151.8,False
Stephen Curry,271.20000000000005,153.0,False
Stephen Curry,216.0,287.4,True
Stephen Curry,-45.6,220.20000000000005,True
Stephen Curry,-60.0,315.0,True
Stephen Curry,-27.599999999999998,69.0,False
Stephen Curry,-151.2,333.0,False
Stephen Curry,-78.0,201.0,True
Stephen Curry,-157.2,241.79999999999995,False
Stephen Curry,118.8,271.79999999999995,False
Stephen Curry,86.4,412.2,False
Stephen Curry,-241.20000000000002,267.0,True
Stephen Curry,-241.20000000000002,291.0,False
Stephen Curry,-248.4,239.4,True
Stephen Curry,13.200000000000003,108.60000000000002,True
Stephen Curry,-219.6,301.8,False
Stephen Curry,22.8,408.5999999999999,False
Stephen Curry,174.0,402.59999999999997,True
Stephen Curry,-3.6,274.20000000000005,False
Stephen Curry,-273.6,135.0,False
Stephen Curry,-85.19999999999999,385.8,False
Stephen Curry,163.20000000000002,414.5999999999999,True
Stephen Curry,-110.39999999999999,117.0,False
Stephen Curry,-127.19999999999999,373.8,False
Stephen Curry,-236.4,497.4000000000001,False
Stephen Curry,-160.8,136.2,False
Stephen Curry,72.0,366.59999999999997,True
Stephen Curry,171.60000000000002,321.0,True
Stephen Curry,-9.6,217.79999999999998,True
Stephen Curry,-237.6,270.6,False
Stephen Curry,220.79999999999998,79.8,True
Stephen Curry,-14.4,143.4,True
Stephen Curry,182.4,75.0,False
Stephen Curry,-19.2,165.0,True
Stephen Curry,120.0,118.2,False
Stephen Curry,-224.4,295.8,False
Stephen Curry,-201.60000000000002,347.4,False
Stephen Curry,-280.8,85.80000000000001,True
Stephen Curry,-28.8,378.6,True
Stephen Curry,25.200000000000003,101.39999999999999,False
Stephen Curry,-8.399999999999999,181.79999999999998,False
Stephen Curry,277.20000000000005,78.6,False
Stephen Curry,242.4,81.0,False
Stephen Curry,188.4,150.6,False
Stephen Curry,-6.0,82.19999999999999,True
Stephen Curry,-187.2,333.0,False
Stephen Curry,236.4,292.20000000000005,False
Stephen Curry,-121.2,259.79999999999995,True
Stephen Curry,10.8,106.19999999999999,True
Stephen Curry,176.39999999999998,370.20000000000005,False
Stephen Curry,133.2,245.4,False
Stephen Curry,-15.600000000000001,93.0,True
Stephen Curry,-201.60000000000002,346.20000000000005,False
Stephen Curry,156.0,334.2,True
Stephen Curry,278.4,79.8,True
Stephen Curry,-210.0,297.0,False
Stephen Curry,195.6,297.0,False
Stephen Curry,3.6,153.0,False
Stephen Curry,110.39999999999999,186.60000000000002,True
Stephen Curry,129.6,340.20000000000005,True
Stephen Curry,-192.0,310.2,False
Stephen Curry,-20.400000000000002,408.5999999999999,False
Stephen Curry,-24.0,91.80000000000001,True
Stephen Curry,-97.2,383.4,True
Stephen Curry,159.6,233.4,True
Stephen Curry,153.6,372.59999999999997,True
Stephen Curry,-81.60000000000001,383.4,False
Stephen Curry,-276.0,78.6,True
Stephen Curry,-222.0,297.0,False
Stephen Curry,170.39999999999998,354.6,False
Stephen Curry,-4.8,75.0,True
Stephen Curry,-276.0,118.2,False
Stephen Curry,-18.0,87.0,True
Stephen Curry,13.200000000000003,375.0,False
Stephen Curry,277.20000000000005,151.8,False
Stephen Curry,-189.6,316.2,True
Stephen Curry,-201.60000000000002,359.4,True
Stephen Curry,-0.0,73.80000000000001,False
Stephen Curry,184.79999999999998,321.0,False
Stephen Curry,205.20000000000002,287.4,False
Stephen Curry,22.8,88.19999999999999,False
Stephen Curry,-110.39999999999999,375.0,False
Stephen Curry,-212.39999999999998,330.6,False
Stephen Curry,273.6,131.39999999999998,False
Stephen Curry,-279.6,143.4,True
Stephen Curry,188.4,333.0,True
Stephen Curry,-206.39999999999998,137.39999999999998,False
Stephen Curry,22.8,97.8,False
Stephen Curry,-150.0,239.4,True
Stephen Curry,265.20000000000005,333.0,False
Stephen Curry,163.20000000000002,367.8,True
Stephen Curry,255.60000000000002,267.0,True
Stephen Curry,210.0,377.4,False
Stephen Curry,-140.4,373.8,False
Stephen Curry,252.0,259.79999999999995,False
Stephen Curry,252.0,249.0,False
Stephen Curry,-24.0,69.0,True
Stephen Curry,219.6,277.79999999999995,False
Stephen Curry,-0.0,100.19999999999999,False
Stephen Curry,-28.8,67.80000000000001,True
Stephen Curry,38.4,90.6,True
Stephen Curry,111.6,216.6,False
Stephen Curry,138.0,163.8,True
Stephen Curry,277.20000000000005,69.0,True
Stephen Curry,243.6,263.4,False
Stephen Curry,-270.0,53.4,False
Stephen Curry,-55.199999999999996,181.79999999999998,False
Stephen Curry,-33.599999999999994,95.4,True
Stephen Curry,180.0,307.8,True
Stephen Curry,-40.800000000000004,76.2,True
Stephen Curry,194.4,285.0,True
Stephen Curry,-280.8,180.60000000000002,True
Stephen Curry,16.799999999999997,55.8,True
Stephen Curry,273.6,131.39999999999998,True
Stephen Curry,-30.0,85.80000000000001,False
Stephen Curry,-13.200000000000003,258.6,False
Stephen Curry,232.8,271.79999999999995,False
Stephen Curry,2.4,106.19999999999999,False
Stephen Curry,4.8,99.0,False
Stephen Curry,-114.0,376.2,False
Stephen Curry,-169.2,360.59999999999997,True
Stephen Curry,19.2,72.6,True
Stephen Curry,-146.4,243.0,False
Stephen Curry,232.8,263.4,True
Stephen Curry,66.0,168.60000000000002,True
Stephen Curry,217.20000000000005,309.0,False
Stephen Curry,186.0,379.8,True
Stephen Curry,273.6,209.39999999999998,False
Stephen Curry,277.20000000000005,106.19999999999999,False
Stephen Curry,27.599999999999998,84.6,True
Stephen Curry,15.600000000000001,89.4,False
Stephen Curry,198.0,330.6,False
Stephen Curry,6.0,66.6,True
Stephen Curry,126.0,337.79999999999995,False
Stephen Curry,-276.0,113.4,False
Stephen Curry,-195.6,329.40000000000003,False
Stephen Curry,-164.39999999999998,315.0,False
Stephen Curry,-158.39999999999998,231.0,False
Stephen Curry,-73.2,263.4,True
Stephen Curry,-39.599999999999994,294.59999999999997,False
Stephen Curry,-268.79999999999995,85.80000000000001,True
Stephen Curry,4.8,91.80000000000001,True
Stephen Curry,194.4,283.8,True
Stephen Curry,42.0,798.6,False
Stephen Curry,-240.0,257.4,False
Stephen Curry,274.79999999999995,107.39999999999999,True
Stephen Curry,-175.2,355.8,False
Stephen Curry,124.80000000000001,340.20000000000005,False
Stephen Curry,72.0,144.60000000000002,True
Stephen Curry,-259.2,204.60000000000002,True
Stephen Curry,9.6,72.6,False
Stephen Curry,-283.20000000000005,84.6,True
Stephen Curry,16.799999999999997,69.0,True
Stephen Curry,231.6,253.79999999999998,False
Stephen Curry,-141.60000000000002,258.6,True
Stephen Curry,139.2,111.0,False
Stephen Curry,-198.0,293.4,False
Stephen Curry,202.79999999999998,294.59999999999997,False
Stephen Curry,250.79999999999995,249.0,False
Stephen Curry,-114.0,245.4,True
Stephen Curry,-10.8,101.39999999999999,False
Stephen Curry,153.6,339.0,False
Stephen Curry,-181.2,316.2,True
Stephen Curry,277.20000000000005,71.39999999999999,False
Stephen Curry,277.20000000000005,90.6,False
Stephen Curry,-106.8,310.2,False
Stephen Curry,278.4,106.19999999999999,True
Stephen Curry,-22.8,420.5999999999999,False
Stephen Curry,-203.99999999999997,169.8,True
Stephen Curry,-139.2,365.4,True
Stephen Curry,-3.6,421.8,True
Stephen Curry,26.400000000000006,79.8,False
Stephen Curry,189.6,310.2,True
Stephen Curry,84.0,135.0,True
Stephen Curry,9.6,75.0,True
Stephen Curry,214.79999999999998,277.79999999999995,False
Stephen Curry,-276.0,145.79999999999998,True
Stephen Curry,-210.0,316.2,False
Stephen Curry,271.20000000000005,78.6,True
Stephen Curry,-44.400000000000006,393.0,False
Stephen Curry,-2.4,145.79999999999998,True
Stephen Curry,156.0,203.39999999999998,False
Stephen Curry,270.0,107.39999999999999,True
Stephen Curry,-272.4,108.60000000000002,False
Stephen Curry,14.4,114.6,False
Stephen Curry,28.8,435.00000000000006,False
Stephen Curry,-26.400000000000006,95.4,True
Stephen Curry,-139.2,270.6,False
Stephen Curry,169.2,345.0,False
Stephen Curry,211.20000000000005,298.2,True
Stephen Curry,-2.4,70.2,True
Stephen Curry,-156.0,358.20000000000005,False
Stephen Curry,-280.8,195.0,True
Stephen Curry,2.4,91.80000000000001,False
Stephen Curry,127.19999999999999,341.4,False
Stephen Curry,-92.39999999999999,391.8,True
Stephen Curry,-121.2,366.59999999999997,False
Stephen Curry,-26.400000000000006,252.60000000000002,False
Stephen Curry,147.60000000000002,221.4,False
Stephen Curry,13.200000000000003,75.0,True
Stephen Curry,86.4,381.0,False
Stephen Curry,7.2,63.0,True
Stephen Curry,235.2,328.2,False
Stephen Curry,-3.6,77.4,False
Stephen Curry,61.19999999999999,373.8,True
Stephen Curry,229.2,334.2,True
Stephen Curry,-153.6,227.4,False
Stephen Curry,-225.6,279.0,False
Stephen Curry,-128.39999999999998,335.4,True
Stephen Curry,-44.400000000000006,359.4,True
Stephen Curry,2.4,55.8,False
Stephen Curry,-213.6,271.79999999999995,False
Stephen Curry,-31.200000000000003,70.2,False
Stephen Curry,193.20000000000002,327.0,True
Stephen Curry,104.39999999999999,441.00000000000006,False
Stephen Curry,230.4,294.59999999999997,True
Stephen Curry,206.39999999999998,312.6,True
Stephen Curry,265.20000000000005,91.80000000000001,False
Stephen Curry,123.60000000000001,240.6,False
Stephen Curry,6.0,67.80000000000001,True
Stephen Curry,-228.0,385.8,True
Stephen Curry,-277.20000000000005,58.2,True
Stephen Curry,18.0,377.4,True
Stephen Curry,-14.4,85.80000000000001,True
Stephen Curry,162.0,358.20000000000005,False
Stephen Curry,163.20000000000002,318.6,True
Stephen Curry,-184.79999999999998,207.0,False
Stephen Curry,-9.6,371.4,True
Stephen Curry,-0.0,77.4,True
Stephen Curry,-238.8,49.800000000000004,False
Stephen Curry,241.20000000000002,106.19999999999999,False
Stephen Curry,7.2,78.6,False
Stephen Curry,224.4,267.0,True
Stephen Curry,42.0,360.59999999999997,False
Stephen Curry,-27.599999999999998,365.4,False
Stephen Curry,4.8,73.80000000000001,True
Stephen Curry,-164.39999999999998,321.0,False
Stephen Curry,152.4,328.2,False
Stephen Curry,39.599999999999994,359.4,True
Stephen Curry,4.8,72.6,True
Stephen Curry,4.8,83.4,True
Stephen Curry,-248.4,243.0,True
Stephen Curry,266.4,54.6,True
Stephen Curry,157.2,327.0,True
Stephen Curry,-18.0,96.60000000000001,True
Stephen Curry,9.6,328.2,True
Stephen Curry,-42.0,100.19999999999999,False
Stephen Curry,30.0,95.4,True
Stephen Curry,140.4,396.59999999999997,False
Stephen Curry,93.6,390.59999999999997,True
Stephen Curry,52.80000000000001,96.60000000000001,False
Stephen Curry,-10.8,83.4,True
Stephen Curry,-28.8,190.2,False
Stephen Curry,60.0,82.19999999999999,True
Stephen Curry,261.6,267.0,True
Stephen Curry,159.6,355.8,True
Stephen Curry,69.6,657.0,False
Stephen Curry,-189.6,363.0,False
Stephen Curry,-91.2,213.0,True
Stephen Curry,200.39999999999998,106.19999999999999,False
Stephen Curry,-13.200000000000003,85.80000000000001,False
Stephen Curry,13.200000000000003,89.4,True
Stephen Curry,157.2,340.20000000000005,False
Stephen Curry,159.6,352.20000000000005,False
Stephen Curry,175.2,349.79999999999995,False
Stephen Curry,180.0,366.59999999999997,False
Stephen Curry,-225.6,93.0,True
Stephen Curry,-105.60000000000002,261.0,False
Stephen Curry,-20.400000000000002,87.0,False
Stephen Curry,117.6,265.79999999999995,True
Stephen Curry,-115.2,172.2,False
Stephen Curry,-48.0,371.4,False
Stephen Curry,-159.6,277.79999999999995,True
Stephen Curry,-142.79999999999998,246.60000000000002,False
Stephen Curry,68.4,383.4,False
Stephen Curry,58.8,108.60000000000002,True
Stephen Curry,-189.6,346.20000000000005,False
Stephen Curry,-16.799999999999997,100.19999999999999,True
Stephen Curry,66.0,187.8,False
Stephen Curry,22.8,85.80000000000001,False
Stephen Curry,246.0,277.79999999999995,True
Stephen Curry,-123.60000000000001,66.6,False
Stephen Curry,-189.6,325.79999999999995,False
Stephen Curry,-3.6,111.0,True
Stephen Curry,-123.60000000000001,251.4,True
Stephen Curry,120.0,251.4,False
Stephen Curry,261.6,228.6,True
Stephen Curry,9.6,215.39999999999998,True
Stephen Curry,-43.2,94.2,False
Stephen Curry,14.4,94.2,False
Stephen Curry,136.8,247.79999999999995,False
Stephen Curry,176.39999999999998,395.40000000000003,True
Stephen Curry,93.6,244.20000000000002,False
Stephen Curry,-175.2,355.8,False
Stephen Curry,-111.6,299.4,False
Stephen Curry,205.20000000000002,379.8,False
Stephen Curry,165.6,319.79999999999995,False
Stephen Curry,-13.200000000000003,88.19999999999999,True
Stephen Curry,264.0,209.39999999999998,True
Stephen Curry,276.0,64.19999999999999,False
Stephen Curry,-0.0,94.2,True
Stephen Curry,-91.2,378.6,False
Stephen Curry,-205.20000000000002,345.0,False
Stephen Curry,-222.0,264.6,True
Stephen Curry,-28.8,118.2,False
Stephen Curry,22.8,72.6,True
Stephen Curry,228.0,281.4,False
Stephen Curry,103.19999999999999,249.0,True
Stephen Curry,-139.2,353.4,False
Stephen Curry,-66.0,89.4,False
Stephen Curry,219.6,327.0,True
Stephen Curry,-6.0,84.6,True
Stephen Curry,92.39999999999999,273.0,False
Stephen Curry,-6.0,78.6,False
Stephen Curry,-3.6,291.0,True
Stephen Curry,202.79999999999998,322.2,False
Stephen Curry,171.60000000000002,349.79999999999995,False
Stephen Curry,2.4,89.4,False
Stephen Curry,21.6,377.4,True
Stephen Curry,20.400000000000002,87.0,True
Stephen Curry,8.399999999999999,333.0,False
Stephen Curry,-170.39999999999998,324.6,True
Stephen Curry,-157.2,360.59999999999997,False
Stephen Curry,-139.2,397.79999999999995,True
Stephen Curry,-74.4,394.2,True
Stephen Curry,6.0,94.2,True
Stephen Curry,-260.4,239.4,False
Stephen Curry,276.0,43.8,True
Stephen Curry,-10.8,129.0,True
Stephen Curry,-1.2,87.0,False
Stephen Curry,-75.6,378.6,False
Stephen Curry,180.0,310.2,True
Stephen Curry,19.2,133.8,False
Stephen Curry,-2.4,385.8,True
Stephen Curry,-104.39999999999999,285.0,True
Stephen Curry,-39.599999999999994,396.59999999999997,False
Stephen Curry,6.0,89.4,False
Stephen Curry,3.6,147.0,True
Stephen Curry,-9.6,421.8,True
Stephen Curry,81.60000000000001,106.19999999999999,True
Stephen Curry,-175.2,310.2,True
Stephen Curry,21.6,67.80000000000001,True
Stephen Curry,8.399999999999999,304.2,True
Stephen Curry,-4.8,84.6,True
Stephen Curry,-278.4,57.0,False
Stephen Curry,-216.0,274.20000000000005,False
Stephen Curry,-26.400000000000006,59.4,True
Stephen Curry,146.4,383.4,True
Stephen Curry,9.6,76.2,True
Stephen Curry,-13.200000000000003,58.2,False
Stephen Curry,36.0,359.4,True
Stephen Curry,19.2,282.6,False
Stephen Curry,277.20000000000005,37.8,False
Stephen Curry,-264.0,147.0,False
Stephen Curry,189.6,321.0,False
Stephen Curry,9.6,166.2,False
Stephen Curry,-62.400000000000006,365.4,False
Stephen Curry,198.0,352.20000000000005,True
Stephen Curry,-16.799999999999997,53.4,True
Stephen Curry,-110.39999999999999,366.59999999999997,False
Stephen Curry,188.4,223.79999999999998,False
Stephen Curry,-145.2,591.0,False
Stephen Curry,-271.20000000000005,171.0,False
Stephen Curry,-22.8,379.8,True
Stephen Curry,273.6,50.99999999999999,True
Stephen Curry,-88.80000000000001,244.20000000000002,False
Stephen Curry,16.799999999999997,55.8,True
Stephen Curry,-118.8,66.6,True
Stephen Curry,-13.200000000000003,365.4,False
Stephen Curry,7.2,87.0,True
Stephen Curry,-46.8,288.59999999999997,False
Stephen Curry,218.4,263.4,True
Stephen Curry,-19.2,306.6,False
Stephen Curry,271.20000000000005,79.8,True
Stephen Curry,109.2,335.4,True
Stephen Curry,-187.2,304.2,True
Stephen Curry,-18.0,383.4,False
Stephen Curry,8.399999999999999,294.59999999999997,True
Stephen Curry,-184.79999999999998,317.40000000000003,False
Stephen Curry,-7.2,77.4,False
Stephen Curry,-266.4,162.6,True
Stephen Curry,-13.200000000000003,84.6,True
Stephen Curry,100.80000000000001,381.0,True
Stephen Curry,-26.400000000000006,97.8,False
Stephen Curry,-169.2,366.59999999999997,False
Stephen Curry,2.4,363.0,False
Stephen Curry,246.0,22.200000000000003,False
Stephen Curry,-171.60000000000002,384.59999999999997,False
Stephen Curry,205.20000000000002,263.4,True
Stephen Curry,-3.6,67.80000000000001,True
Stephen Curry,265.20000000000005,47.4,True
Stephen Curry,72.0,354.6,True
Stephen Curry,6.0,64.19999999999999,True
Stephen Curry,21.6,441.00000000000006,False
Stephen Curry,-9.6,479.40000000000003,False
Stephen Curry,-0.0,438.59999999999997,True
Stephen Curry,276.0,57.0,False
Stephen Curry,247.20000000000002,341.4,True
Stephen Curry,-9.6,144.60000000000002,False
Stephen Curry,270.0,48.6,True
Stephen Curry,273.6,97.8,True
Stephen Curry,12.0,388.2,True
Stephen Curry,61.19999999999999,195.0,False
Stephen Curry,-214.79999999999998,123.0,True
Stephen Curry,267.6,210.6,True
Stephen Curry,280.8,97.8,False
Stephen Curry,-121.2,370.20000000000005,False
Stephen Curry,8.399999999999999,119.4,True
Stephen Curry,-7.2,82.19999999999999,False
Stephen Curry,-98.39999999999999,396.59999999999997,True
Stephen Curry,8.399999999999999,460.20000000000005,True
Stephen Curry,13.200000000000003,137.39999999999998,True
Stephen Curry,184.79999999999998,389.40000000000003,True
Stephen Curry,-10.8,84.6,False
Stephen Curry,203.99999999999997,335.4,True
Stephen Curry,-6.0,77.4,True
Stephen Curry,-184.79999999999998,299.4,True
Stephen Curry,-178.8,419.40000000000003,False
Stephen Curry,-104.39999999999999,383.4,True
Stephen Curry,-115.2,357.0,True
Stephen Curry,90.0,354.6,True
Stephen Curry,-15.600000000000001,112.2,True
Stephen Curry,-223.2,275.4,False
Stephen Curry,272.4,66.6,True
Stephen Curry,-0.0,97.8,True
Stephen Curry,-166.8,330.6,True
Stephen Curry,-4.8,100.19999999999999,True
Stephen Curry,-208.79999999999998,288.59999999999997,True
Stephen Curry,165.6,699.0,False
Stephen Curry,280.8,148.2,False
Stephen Curry,58.8,365.4,False
Stephen Curry,-115.2,172.2,True
Stephen Curry,-256.79999999999995,213.0,False
Stephen Curry,6.0,119.4,True
Stephen Curry,249.60000000000002,269.4,False
Stephen Curry,-264.0,162.6,False
Stephen Curry,-129.6,106.19999999999999,True
Stephen Curry,-87.6,377.4,False
Stephen Curry,-97.2,347.4,True
Stephen Curry,-202.79999999999998,273.0,True
Stephen Curry,158.39999999999998,323.40000000000003,True
Stephen Curry,-18.0,390.59999999999997,False
Stephen Curry,-266.4,75.0,True
Stephen Curry,192.0,330.6,False
Stephen Curry,8.399999999999999,297.0,True
Stephen Curry,-277.20000000000005,114.6,False
Stephen Curry,-127.19999999999999,335.4,False
Stephen Curry,-37.2,94.2,True
Stephen Curry,-55.199999999999996,361.8,False
Stephen Curry,4.8,72.6,False
Stephen Curry,-110.39999999999999,331.79999999999995,False
Stephen Curry,-30.0,94.2,False
Stephen Curry,273.6,54.6,True
Stephen Curry,-26.400000000000006,75.0,False
Stephen Curry,7.2,73.80000000000001,True
Stephen Curry,-13.200000000000003,376.2,True
Stephen Curry,178.8,288.59999999999997,False
Stephen Curry,81.60000000000001,349.79999999999995,False
Stephen Curry,32.4,78.6,False
Stephen Curry,-121.2,340.20000000000005,True
Stephen Curry,-162.0,316.2,False
Stephen Curry,-39.599999999999994,82.19999999999999,False
Stephen Curry,-187.2,294.59999999999997,True
Stephen Curry,55.199999999999996,342.6,False
Stephen Curry,271.20000000000005,189.0,True
Stephen Curry,-116.4,83.4,True
Stephen Curry,184.79999999999998,95.4,True
Stephen Curry,-4.8,72.6,True
Stephen Curry,-32.4,94.2,True
Stephen Curry,28.8,223.79999999999998,False
Stephen Curry,-193.20000000000002,285.0,False
Stephen Curry,60.0,221.4,False
Stephen Curry,164.39999999999998,319.79999999999995,True
Stephen Curry,15.600000000000001,78.6,True
Stephen Curry,272.4,139.8,False
Stephen Curry,-205.20000000000002,277.79999999999995,True
Stephen Curry,-28.8,94.2,False
Stephen Curry,-124.80000000000001,259.79999999999995,True
Stephen Curry,-68.4,118.2,False
Stephen Curry,192.0,63.0,True
Stephen Curry,-254.39999999999998,221.4,False
Stephen Curry,98.39999999999999,232.2,True
Stephen Curry,-45.6,268.20000000000005,True
Stephen Curry,-7.2,93.0,True
Stephen Curry,134.39999999999998,63.0,False
Stephen Curry,-8.399999999999999,124.2,False
Stephen Curry,-9.6,79.8,True
Stephen Curry,-238.8,270.6,False
Stephen Curry,-21.6,371.4,False
Stephen Curry,-172.8,328.2,False
Stephen Curry,25.200000000000003,383.4,False
Stephen Curry,-6.0,401.40000000000003,True
Stephen Curry,-30.0,400.2,True
Stephen Curry,-135.60000000000002,125.39999999999998,False
Stephen Curry,-7.2,93.0,True
Stephen Curry,244.79999999999995,297.0,True
Stephen Curry,-115.2,93.0,False
Stephen Curry,273.6,72.6,True
Stephen Curry,7.2,84.6,False
Stephen Curry,-6.0,97.8,True
Stephen Curry,2.4,138.60000000000002,True
Stephen Curry,-271.20000000000005,171.0,True
Stephen Curry,17.16,97.97999999999999,False
Stephen Curry,17.16,101.10000000000001,True
Stephen Curry,-19.679999999999996,97.5,True
Stephen Curry,-21.240000000000002,97.74,True
Stephen Curry,-22.919999999999998,95.22,False
Stephen Curry,-23.16,93.78000000000002,False
Stephen Curry,1.0799999999999998,73.14,False
Stephen Curry,15.0,98.34,True
Stephen Curry,16.919999999999998,98.58,False
Stephen Curry,19.2,104.46,True
Stephen Curry,-23.4,95.34,False
Stephen Curry,-0.72,71.46,True
Stephen Curry,5.5200000000000005,83.22,True
Stephen Curry,-13.200000000000003,104.69999999999999,True
Stephen Curry,20.28,95.22,True
Stephen Curry,-22.200000000000003,93.78000000000002,False
Stephen Curry,0.48000000000000004,73.14,False
Stephen Curry,25.799999999999997,85.38000000000001,False
Stephen Curry,-9.24,102.53999999999999,False
Stephen Curry,-18.24,108.3,True
Stephen Curry,-0.6,73.86,False
Stephen Curry,0.6,142.85999999999999,False
Stephen Curry,-9.36,88.74,False
Stephen Curry,12.12,76.98,False
Stephen Curry,8.879999999999999,77.58,True
Stephen Curry,3.48,71.58,True
Stephen Curry,3.9599999999999986,73.62,False
Stephen Curry,-1.0799999999999998,78.9,True
Stephen Curry,-18.0,96.18,False
Stephen Curry,-9.719999999999999,98.69999999999999,True
Stephen Curry,12.36,73.5,True
Stephen Curry,0.36,71.58,True
Stephen Curry,15.839999999999998,99.54,False
Stephen Curry,-11.64,86.1,False
Stephen Curry,23.88,93.42,False
Stephen Curry,-21.479999999999997,89.82000000000001,False
Stephen Curry,-1.32,80.34,True
Stephen Curry,18.48,99.77999999999999,False
Stephen Curry,0.48000000000000004,73.86,False
Stephen Curry,18.72,78.66,True
Stephen Curry,-0.72,84.54,False
Stephen Curry,18.6,97.13999999999999,False
Stephen Curry,3.0,102.30000000000001,False
Stephen Curry,1.32,72.42,True
Stephen Curry,-0.8399999999999987,76.5,True
Stephen Curry,-28.08,72.78000000000002,False
Stephen Curry,-2.64,92.22,False
Stephen Curry,16.68,100.5,True
Stephen Curry,-0.72,75.9,False
Stephen Curry,15.72,103.26000000000002,False
Stephen Curry,0.6,70.86000000000001,True
Stephen Curry,2.0399999999999987,71.34,False
Stephen Curry,-22.56,93.06,False
Stephen Curry,21.0,93.30000000000001,False
Stephen Curry,-27.599999999999998,70.26,False
Stephen Curry,-27.36,74.82,False
Stephen Curry,0.12000000000000001,70.61999999999999,True
Stephen Curry,-12.12,98.46000000000001,False
Stephen Curry,8.52,101.69999999999999,True
Stephen Curry,-13.080000000000002,101.34000000000002,False
Stephen Curry,-4.919999999999999,103.5,False
Stephen Curry,10.8,84.42,False
Stephen Curry,-12.48,102.30000000000001,False
Stephen Curry,0.48000000000000004,83.94,True
Stephen Curry,-5.28,101.58,False
Stephen Curry,-0.36,72.42,True
Stephen Curry,1.56,73.26,True
Stephen Curry,5.64,105.3,False
Stephen Curry,-1.44,85.61999999999999,True
Stephen Curry,-23.88,93.30000000000001,False
Stephen Curry,0.24000000000000002,92.7,False
Stephen Curry,-19.679999999999996,96.42,True
Stephen Curry,8.399999999999999,104.58,False
Stephen Curry,-0.48000000000000004,70.97999999999999,True
Stephen Curry,21.0,95.82,False
Stephen Curry,1.32,80.10000000000001,False
Stephen Curry,1.6800000000000004,71.1,True
Stephen Curry,17.04,83.82000000000001,True
Stephen Curry,-0.36,86.82000000000001,True
Stephen Curry,0.8399999999999987,103.38,False
Stephen Curry,20.400000000000002,78.66,False
Stephen Curry,19.56,103.26000000000002,False
Stephen Curry,27.599999999999998,74.22,True
Stephen Curry,2.28,131.7,False
Stephen Curry,-3.6,104.33999999999999,False
Stephen Curry,23.16,93.78000000000002,False
Stephen Curry,-24.359999999999996,98.94000000000001,True
Stephen Curry,-14.4,84.17999999999999,True
Stephen Curry,1.9200000000000002,103.86,True
Stephen Curry,27.48,78.54,False
Stephen Curry,0.36,109.38,True
Stephen Curry,-19.32,94.5,False
Stephen Curry,14.28,103.5,True
Stephen Curry,27.36,73.86,True
Stephen Curry,11.88,72.17999999999999,True
Stephen Curry,-16.919999999999998,98.69999999999999,False
Stephen Curry,20.64,97.62,True
Stephen Curry,2.64,73.26,False
Stephen Curry,-25.440000000000005,90.17999999999999,False
Stephen Curry,13.92,103.26000000000002,False
Stephen Curry,-0.8399999999999987,72.53999999999999,True
Stephen Curry,17.64,102.89999999999999,True
Stephen Curry,15.0,87.78,False
Stephen Curry,-19.2,98.34,False
Stephen Curry,-26.160000000000004,87.53999999999999,True
Stephen Curry,-16.56,102.53999999999999,False
Stephen Curry,-8.76,101.46,True
Stephen Curry,10.32,105.78,True
Stephen Curry,9.48,101.69999999999999,True
Stephen Curry,1.56,70.26,True
Stephen Curry,-3.6,76.38,False
Stephen Curry,-14.76,97.97999999999999,True
Stephen Curry,19.32,96.54,True
Stephen Curry,-0.72,99.89999999999999,True
Stephen Curry,-3.8400000000000003,87.05999999999999,True
Stephen Curry,21.6,94.98,True
Stephen Curry,15.600000000000001,96.54,False
Stephen Curry,18.48,95.94,False
Stephen Curry,-0.0,99.3,False
Stephen Curry,-1.6800000000000004,82.61999999999999,False
Stephen Curry,-0.12000000000000001,73.86,False
Stephen Curry,20.04,95.1,False
Stephen Curry,-20.400000000000002,96.66,True
Stephen Curry,13.320000000000002,86.82000000000001,True
Stephen Curry,-0.6,109.02000000000002,False
Stephen Curry,19.2,98.94000000000001,True
Stephen Curry,5.880000000000002,104.58,False
Stephen Curry,25.320000000000004,88.86000000000001,False
Stephen Curry,0.24000000000000002,71.1,True
Stephen Curry,0.72,72.78000000000002,True
Stephen Curry,-15.839999999999998,99.66,False
Stephen Curry,1.8,99.05999999999999,False
Stephen Curry,-25.440000000000005,90.89999999999999,False
Stephen Curry,-0.12000000000000001,103.61999999999999,False
Stephen Curry,3.12,72.53999999999999,True
Stephen Curry,2.28,70.5,False
Stephen Curry,3.2400000000000007,69.30000000000001,False
Stephen Curry,11.76,117.3,False
Stephen Curry,2.88,70.74,False
Stephen Curry,10.32,98.22,False
Stephen Curry,1.8,68.82000000000001,False
Stephen Curry,0.9600000000000001,69.17999999999999,False
Stephen Curry,19.92,95.34,True
Stephen Curry,-17.64,95.1,False
Stephen Curry,0.24000000000000002,69.42,True
Stephen Curry,-16.080000000000002,94.74,False
Stephen Curry,-15.120000000000001,97.26,True
Stephen Curry,22.68,88.5,True
Stephen Curry,1.56,80.82,True
Stephen Curry,-11.52,97.74,True
Stephen Curry,4.56,88.14,False
Stephen Curry,-2.88,79.5,True
Stephen Curry,-22.8,149.82,False
Stephen Curry,-17.16,96.42,False
Stephen Curry,0.36,104.94000000000001,False
Stephen Curry,5.64,101.34000000000002,True
Stephen Curry,0.8399999999999987,73.38,True
Stephen Curry,-17.88,93.66,True
Stephen Curry,14.76,96.54,True
Stephen Curry,5.28,100.02000000000001,False
Stephen Curry,27.599999999999998,73.02,True
Stephen Curry,2.1599999999999997,69.17999999999999,True
Stephen Curry,9.719999999999999,97.86000000000001,False
Stephen Curry,2.52,100.74,True
Stephen Curry,-18.6,99.42,False
Stephen Curry,-14.76,96.3,False
Stephen Curry,-9.24,102.18000000000002,True
Stephen Curry,8.52,99.18,False
Stephen Curry,25.799999999999997,83.1,True
Stephen Curry,-9.96,85.26,False
Stephen Curry,-7.919999999999999,102.77999999999999,True
Stephen Curry,-25.68,87.42,True
Stephen Curry,-9.12,92.34,False
Stephen Curry,23.64,109.98,False
Stephen Curry,-11.76,97.13999999999999,False
Stephen Curry,-1.32,70.26,True
Stephen Curry,7.5600000000000005,71.82000000000001,True
Stephen Curry,5.16,106.86,False
Stephen Curry,20.16,95.46,True
Stephen Curry,-8.040000000000001,104.58,True
Stephen Curry,19.679999999999996,97.02000000000001,False
Stephen Curry,-0.24000000000000002,72.42,True
Stephen Curry,14.04,98.69999999999999,False
Stephen Curry,27.599999999999998,81.06,True
Stephen Curry,2.28,70.38000000000001,True
Stephen Curry,26.880000000000006,82.61999999999999,False
Stephen Curry,1.6800000000000004,69.30000000000001,True
Stephen Curry,6.24,100.74,False
Stephen Curry,13.320000000000002,100.26,True
Stephen Curry,-11.16,100.02000000000001,True
Stephen Curry,20.520000000000003,77.1,False
Stephen Curry,0.6,71.46,True
Stephen Curry,12.36,97.97999999999999,True
Stephen Curry,27.599999999999998,70.86000000000001,True
Stephen Curry,-27.119999999999997,76.26,True
Stephen Curry,-21.84,90.17999999999999,False
Stephen Curry,9.719999999999999,74.82,False
Stephen Curry,-20.16,73.02,True
Stephen Curry,-9.839999999999998,98.10000000000001,False
Stephen Curry,-21.240000000000002,91.98,False
Stephen Curry,17.64,97.74,False
Stephen Curry,-21.84,91.38,False
Stephen Curry,-6.12,100.5,False
Stephen Curry,-5.16,87.53999999999999,False
Stephen Curry,-27.96,72.42,False
Stephen Curry,1.9200000000000002,70.61999999999999,False
Stephen Curry,10.08,112.5,False
Stephen Curry,16.68,100.62,True
Stephen Curry,-14.76,97.62,True
Stephen Curry,-20.28,92.1,False
Stephen Curry,0.24000000000000002,109.61999999999999,False
Stephen Curry,0.12000000000000001,71.34,True
Stephen Curry,0.72,69.9,True
Stephen Curry,2.7600000000000002,99.42,False
Stephen Curry,11.28,106.61999999999999,False
Stephen Curry,13.200000000000003,98.34,True
Stephen Curry,-8.76,100.97999999999999,False
Stephen Curry,1.32,103.74,True
Stephen Curry,0.72,86.22,True
Stephen Curry,1.9200000000000002,72.30000000000001,True
Stephen Curry,0.8399999999999987,100.26,True
Stephen Curry,-26.04,80.69999999999999,True
Stephen Curry,10.200000000000001,97.13999999999999,False
Stephen Curry,-12.36,97.13999999999999,False
Stephen Curry,17.88,94.62,False
Stephen Curry,-2.64,72.42,False
Stephen Curry,8.040000000000001,79.98,False
Stephen Curry,-0.24000000000000002,71.7,True
Stephen Curry,1.2,72.78000000000002,False
Stephen Curry,0.72,100.02000000000001,True
Stephen Curry,14.88,95.94,False
Stephen Curry,-0.0,71.7,False
Stephen Curry,-19.799999999999997,99.05999999999999,False
Stephen Curry,-0.72,71.1,False
Stephen Curry,24.72,86.46000000000001,True
Stephen Curry,21.6,91.38,False
Stephen Curry,3.2400000000000007,102.77999999999999,False
Stephen Curry,-18.96,95.1,False
Stephen Curry,0.8399999999999987,71.34,True
Stephen Curry,-0.24000000000000002,70.61999999999999,False
Stephen Curry,-13.440000000000003,98.34,True
Stephen Curry,1.44,70.02,True
Stephen Curry,24.839999999999996,89.46,False
Stephen Curry,2.28,103.02000000000001,True
Stephen Curry,-9.839999999999998,70.86000000000001,True
Stephen Curry,14.4,98.22,True
Stephen Curry,4.319999999999999,79.86,False
Stephen Curry,0.48000000000000004,71.82000000000001,True
Stephen Curry,-0.8399999999999987,73.26,False
Stephen Curry,-25.56,101.46,False
Stephen Curry,0.48000000000000004,74.22,False
Stephen Curry,-0.72,72.53999999999999,False
Stephen Curry,17.4,104.69999999999999,False
Stephen Curry,-23.16,99.18,True
Stephen Curry,-1.44,102.30000000000001,True
Stephen Curry,-0.72,71.82000000000001,False
Stephen Curry,1.44,100.74,False
Stephen Curry,-21.120000000000005,90.53999999999999,False
Stephen Curry,-27.0,77.46,False
Stephen Curry,19.2,102.77999999999999,True
Stephen Curry,2.1599999999999997,71.34,True
Stephen Curry,13.799999999999999,99.66,True
Stephen Curry,-19.56,92.46,False
Stephen Curry,0.72,70.97999999999999,True
Stephen Curry,-22.56,94.5,False
Stephen Curry,19.08,95.46,False
Stephen Curry,19.32,107.94000000000001,True
Stephen Curry,0.9600000000000001,72.30000000000001,False
Stephen Curry,0.24000000000000002,105.05999999999999,True
Stephen Curry,-0.12000000000000001,72.78000000000002,True
Stephen Curry,1.8,71.34,False
Stephen Curry,3.12,72.53999999999999,True
Stephen Curry,-4.919999999999999,107.33999999999999,False
Stephen Curry,1.56,108.66,True
Stephen Curry,12.84,107.69999999999999,True
Stephen Curry,-21.96,94.38,True
Stephen Curry,-18.839999999999996,88.38000000000001,True
Stephen Curry,-16.2,94.5,True
Stephen Curry,-21.96,93.06,True
Stephen Curry,-2.4,75.66,False
Stephen Curry,19.679999999999996,105.89999999999999,False
Stephen Curry,-3.6,82.26,True
Stephen Curry,-0.0,88.14,True
Stephen Curry,-28.08,70.5,True
Stephen Curry,2.0399999999999987,74.34,False
Stephen Curry,-0.24000000000000002,70.38000000000001,True
Stephen Curry,-13.320000000000002,96.54,False
Stephen Curry,21.84,99.54,True
Stephen Curry,-13.92,87.78,True
Stephen Curry,-2.64,102.18000000000002,False
Stephen Curry,26.640000000000004,84.30000000000001,False
Stephen Curry,-1.32,78.9,True
Stephen Curry,-0.12000000000000001,73.62,True
Stephen Curry,-21.96,91.26,False
Stephen Curry,1.6800000000000004,69.78,True
Stephen Curry,-0.9600000000000001,70.61999999999999,True
Stephen Curry,-1.32,101.58,False
Stephen Curry,-29.4,73.74,False
Stephen Curry,18.839999999999996,96.66,False
Stephen Curry,5.76,71.22,False
Stephen Curry,27.96,69.42,False
Stephen Curry,-7.2,73.86,False
Stephen Curry,27.0,84.66,True
Stephen Curry,-16.080000000000002,97.26,False
Stephen Curry,6.480000000000001,101.10000000000001,True
Stephen Curry,-1.32,68.94000000000001,True
Stephen Curry,28.44,67.61999999999999,False
Stephen Curry,-8.399999999999999,83.22,False
Stephen Curry,6.12,76.86,False
Stephen Curry,14.64,100.5,False
Stephen Curry,16.919999999999998,100.86000000000001,False
Stephen Curry,0.6,72.53999999999999,False
Stephen Curry,-5.5200000000000005,107.22,False
Stephen Curry,6.12,105.66,False
Stephen Curry,-4.4399999999999995,71.7,True
Stephen Curry,-1.0799999999999998,89.94,False
Stephen Curry,26.52,87.30000000000001,False
Stephen Curry,18.0,98.69999999999999,False
Stephen Curry,11.88,78.54,True
Stephen Curry,0.9600000000000001,104.10000000000002,True
Stephen Curry,16.44,97.62,True
Stephen Curry,8.76,102.77999999999999,True
Stephen Curry,7.800000000000001,100.26,True
Stephen Curry,2.64,94.5,False
Stephen Curry,4.8,103.14000000000001,True
Stephen Curry,-0.24000000000000002,105.18000000000002,False
Stephen Curry,-0.9600000000000001,73.14,False
Stephen Curry,10.680000000000001,99.54,False
Stephen Curry,3.8400000000000003,93.17999999999999,False
Stephen Curry,3.359999999999999,103.97999999999999,True
Stephen Curry,-0.6,101.58,False
Stephen Curry,11.76,90.42,False
Stephen Curry,-0.0,70.5,False
Stephen Curry,-2.1599999999999997,103.26000000000002,False
Stephen Curry,16.080000000000002,97.5,False
Stephen Curry,1.56,69.30000000000001,True
Stephen Curry,-0.0,69.53999999999999,True
Stephen Curry,18.48,94.02,True
Stephen Curry,1.2,71.1,True
Stephen Curry,0.9600000000000001,70.86000000000001,False
Stephen Curry,2.88,103.02000000000001,True
Stephen Curry,-2.1599999999999997,70.14,True
Stephen Curry,4.319999999999999,71.34,False
Stephen Curry,-15.360000000000001,99.18,True
Stephen Curry,12.84,99.42,True
Stephen Curry,-18.48,94.38,False
Stephen Curry,18.839999999999996,94.98,False
Stephen Curry,16.56,115.86,False
Stephen Curry,-28.08,82.74,True
Stephen Curry,-5.4,78.18,False
Stephen Curry,10.44,101.69999999999999,False
Stephen Curry,16.2,96.05999999999999,True
Stephen Curry,-11.64,95.46,True
Stephen Curry,-6.0,102.30000000000001,True
Stephen Curry,19.92,97.74,False
Stephen Curry,-22.200000000000003,98.34,True
Stephen Curry,-0.0,90.42,False
Stephen Curry,-19.56,100.5,True
Stephen Curry,-2.28,107.58,True
Stephen Curry,-20.88,92.82000000000001,True
Stephen Curry,16.56,97.97999999999999,False
Stephen Curry,9.36,78.18,False
Stephen Curry,7.2,98.94000000000001,True
Stephen Curry,-25.08,78.06,True
Stephen Curry,15.0,100.74,False
Stephen Curry,10.680000000000001,98.82,False
Stephen Curry,-0.48000000000000004,70.02,True
Stephen Curry,-2.52,70.26,True
Stephen Curry,-11.040000000000001,100.62,False
Stephen Curry,9.839999999999998,101.34000000000002,True
Stephen Curry,5.16,94.38,True
Stephen Curry,-21.6,89.82000000000001,False
Stephen Curry,-15.96,94.38,True
Stephen Curry,7.44,74.46,False
Stephen Curry,-0.0,70.26,False
Stephen Curry,-18.96,100.38,True
Stephen Curry,19.92,94.02,True
Stephen Curry,-5.16,80.82,True
Stephen Curry,11.4,97.26,False
Stephen Curry,-20.64,95.34,True
Stephen Curry,17.88,106.14000000000001,True
Stephen Curry,0.6,70.02,False
Stephen Curry,1.6800000000000004,70.02,False
Stephen Curry,0.48000000000000004,69.53999999999999,True
Stephen Curry,0.6,71.1,True
Stephen Curry,27.119999999999997,82.61999999999999,False
Stephen Curry,-27.84,81.42,False
Stephen Curry,21.96,107.58,False
Stephen Curry,0.72,70.02,True
Stephen Curry,0.9600000000000001,71.22,True
Stephen Curry,-0.36,70.26,True
Stephen Curry,14.52,99.89999999999999,False
Stephen Curry,-1.0799999999999998,69.9,True
Stephen Curry,-2.64,93.78000000000002,False
Stephen Curry,3.6,106.97999999999999,False
Stephen Curry,-26.640000000000004,83.94,False
Stephen Curry,0.6,71.7,True
Stephen Curry,-22.8,90.06,False
Stephen Curry,-21.360000000000003,90.17999999999999,False
Stephen Curry,4.56,98.94000000000001,True
Stephen Curry,-19.44,92.58,True
Stephen Curry,-1.32,69.9,True
Stephen Curry,-17.279999999999998,93.78000000000002,True
Stephen Curry,16.919999999999998,100.74,True
Stephen Curry,16.080000000000002,99.05999999999999,True
Stephen Curry,16.44,93.9,True
Stephen Curry,1.6800000000000004,69.42,True
Stephen Curry,21.96,96.42,False
Stephen Curry,-27.84,73.38,True
Stephen Curry,-1.0799999999999998,70.26,True
Stephen Curry,27.72,72.53999999999999,True
Stephen Curry,-21.240000000000002,91.38,False
Stephen Curry,3.48,102.66,False
Stephen Curry,-15.600000000000001,98.22,True
Stephen Curry,-2.7600000000000002,70.74,False
Stephen Curry,27.119999999999997,75.06,True
Stephen Curry,-24.48,89.58,False
Stephen Curry,-21.84,91.02,False
Stephen Curry,-21.6,89.94,True
Stephen Curry,17.04,97.97999999999999,False
Stephen Curry,25.68,87.66,False
Stephen Curry,2.0399999999999987,70.61999999999999,False
Stephen Curry,0.8399999999999987,113.58,False
Stephen Curry,19.56,94.86,True
Stephen Curry,-1.2,100.5,False
Stephen Curry,21.479999999999997,95.82,True
Stephen Curry,15.24,102.66,True
Stephen Curry,-1.2,69.17999999999999,True
Stephen Curry,-20.16,92.34,True
Stephen Curry,4.68,103.02000000000001,False
Stephen Curry,-8.399999999999999,77.82,False
Stephen Curry,1.56,72.78000000000002,True
Stephen Curry,0.72,73.98,True
Stephen Curry,-17.04,97.97999999999999,True
Stephen Curry,15.96,97.5,False
Stephen Curry,1.0799999999999998,72.78000000000002,True
Stephen Curry,-11.28,105.41999999999999,True
Stephen Curry,-12.720000000000002,104.46,True
Stephen Curry,-15.0,97.62,True
Stephen Curry,6.12,100.97999999999999,False
Stephen Curry,27.96,77.58,False
Stephen Curry,14.4,98.58,True
Stephen Curry,27.84,76.14,True
Stephen Curry,-4.199999999999999,100.62,True
Stephen Curry,2.0399999999999987,70.26,True
Stephen Curry,11.28,75.9,False
Stephen Curry,-25.320000000000004,84.9,False
Stephen Curry,-15.72,105.66,False
Stephen Curry,2.1599999999999997,72.78000000000002,True
Stephen Curry,-20.28,94.86,True
Stephen Curry,19.32,98.94000000000001,True
Stephen Curry,13.200000000000003,101.34000000000002,True
Stephen Curry,1.32,78.66,True
Stephen Curry,-0.48000000000000004,102.77999999999999,True
Stephen Curry,-15.96,97.5,True
Stephen Curry,27.0,72.30000000000001,False
Stephen Curry,-13.080000000000002,88.86000000000001,True
Stephen Curry,-10.8,101.46,True
Stephen Curry,28.08,78.3,False
Stephen Curry,9.719999999999999,102.05999999999999,False
Stephen Curry,-16.919999999999998,102.30000000000001,True
Stephen Curry,0.6,74.94,True
Stephen Curry,9.0,102.05999999999999,False
Stephen Curry,-0.0,106.74,False
Stephen Curry,-0.36,70.26,True
Stephen Curry,15.120000000000001,101.82,False
Stephen Curry,-1.32,71.7,True
Stephen Curry,-1.56,71.7,False
Stephen Curry,-4.919999999999999,82.98,False
Stephen Curry,7.800000000000001,102.41999999999999,False
Stephen Curry,-2.88,73.14,False
Stephen Curry,-7.2,85.14,False
Stephen Curry,-23.4,87.53999999999999,True
Stephen Curry,19.679999999999996,93.42,True
Stephen Curry,10.680000000000001,108.06,False
Stephen Curry,-13.799999999999999,99.05999999999999,True
Stephen Curry,1.0799999999999998,73.14,False
Stephen Curry,2.52,78.66,False
Stephen Curry,1.2,72.30000000000001,True
Stephen Curry,22.8,90.42,False
Stephen Curry,-9.839999999999998,101.34000000000002,False
Stephen Curry,-3.8400000000000003,70.14,True
Stephen Curry,-19.679999999999996,96.54,True
Stephen Curry,14.4,90.66,False
Stephen Curry,-14.64,99.66,True
Stephen Curry,-23.64,92.7,False
Stephen Curry,-2.7600000000000002,72.06,True
Stephen Curry,-1.0799999999999998,71.94,True
Stephen Curry,20.88,94.62,False
Stephen Curry,-13.080000000000002,91.38,True
Stephen Curry,-0.8399999999999987,103.97999999999999,True
Stephen Curry,-1.6800000000000004,73.38,True
Stephen Curry,7.44,101.58,False
Stephen Curry,-2.64,75.66,True
Stephen Curry,-14.04,99.42,True
Stephen Curry,0.6,72.42,True
Stephen Curry,-3.0,103.61999999999999,True
Stephen Curry,-2.1599999999999997,73.86,False
Stephen Curry,0.24000000000000002,71.1,True
Stephen Curry,23.52,89.34,True
Stephen Curry,-17.16,99.05999999999999,False
Stephen Curry,3.6,73.74,True
Stephen Curry,20.28,94.38,False
Stephen Curry,-3.12,110.34,False
Stephen Curry,17.279999999999998,88.26,True
Stephen Curry,-25.68,86.1,False
Stephen Curry,-0.0,75.9,True
Stephen Curry,-0.48000000000000004,81.06,False
Stephen Curry,-0.36,72.42,True
Stephen Curry,15.24,97.5,True
Stephen Curry,-15.0,97.74,False
Stephen Curry,-22.32,92.22,False
Stephen Curry,0.48000000000000004,71.1,True
Stephen Curry,3.72,98.82,False
Stephen Curry,-4.919999999999999,101.10000000000001,True
Stephen Curry,24.0,86.94000000000001,False
Stephen Curry,10.8,97.86000000000001,True
Stephen Curry,1.9200000000000002,100.38,False
Stephen Curry,0.48000000000000004,77.82,True
Stephen Curry,-11.16,98.82,False
Stephen Curry,21.479999999999997,81.3,True
Stephen Curry,23.16,89.94,False
Stephen Curry,8.159999999999998,79.02,True
Stephen Curry,-0.6,70.14,False
Stephen Curry,0.12000000000000001,71.82000000000001,True
Stephen Curry,-0.72,70.26,True
Stephen Curry,-10.92,89.34,False
Stephen Curry,-1.9200000000000002,83.82000000000001,True
Stephen Curry,-0.36,70.86000000000001,True
Stephen Curry,-18.96,94.62,True
Stephen Curry,-1.2,82.98,True
Stephen Curry,-10.680000000000001,100.02000000000001,False
Stephen Curry,0.72,99.3,False
Stephen Curry,-1.6800000000000004,100.62,False
Stephen Curry,-0.9600000000000001,103.26000000000002,True
Stephen Curry,-16.56,100.86000000000001,True
Stephen Curry,9.839999999999998,97.5,False
Stephen Curry,18.839999999999996,93.17999999999999,True
Stephen Curry,-3.9599999999999986,70.5,False
Stephen Curry,-0.48000000000000004,104.69999999999999,True
Stephen Curry,4.4399999999999995,87.42,True
Stephen Curry,16.56,97.13999999999999,False
Stephen Curry,-28.679999999999993,81.9,False
Stephen Curry,1.0799999999999998,70.86000000000001,True
Stephen Curry,18.72,93.53999999999999,True
Stephen Curry,3.8400000000000003,70.97999999999999,False
Stephen Curry,-5.28,80.94,True
Stephen Curry,2.1599999999999997,70.14,True
Stephen Curry,1.0799999999999998,70.86000000000001,False
Stephen Curry,-21.120000000000005,94.02,False
Stephen Curry,-21.120000000000005,93.06,False
Stephen Curry,11.52,86.46000000000001,False
Stephen Curry,9.839999999999998,128.82,False
Stephen Curry,-1.32,103.86,False
Stephen Curry,3.2400000000000007,73.02,True
Stephen Curry,13.440000000000003,98.46000000000001,True
Stephen Curry,3.12,103.38,False
Stephen Curry,0.72,92.82000000000001,True
Stephen Curry,-3.0,73.86,False
Stephen Curry,0.36,104.82,True
Stephen Curry,15.96,78.18,True
Stephen Curry,-0.8399999999999987,74.94,False
Stephen Curry,14.76,98.82,False
Stephen Curry,15.24,86.82000000000001,False
Stephen Curry,4.8,99.3,False
Stephen Curry,-26.52,67.97999999999999,True
Stephen Curry,19.32,98.82,False
Stephen Curry,-0.36,70.26,True
Stephen Curry,14.4,88.02,True
Stephen Curry,-16.68,97.5,False
Stephen Curry,-8.399999999999999,98.22,True
Stephen Curry,10.680000000000001,90.78,False
Stephen Curry,17.4,99.54,True
Stephen Curry,-18.0,95.22,False
Stephen Curry,18.96,99.42,True
Stephen Curry,-3.72,71.34,False
Stephen Curry,15.600000000000001,97.26,False
Stephen Curry,27.96,69.9,False
Stephen Curry,15.96,96.89999999999999,True
Stephen Curry,-11.16,73.98,True
Stephen Curry,23.28,89.34,False
Stephen Curry,-17.04,66.17999999999999,False
Stephen Curry,-27.36,80.82,False
Stephen Curry,17.88,95.1,False
Stephen Curry,27.72,69.17999999999999,False
Stephen Curry,-12.12,82.26,True
Stephen Curry,-2.88,70.02,True
Stephen Curry,-1.9200000000000002,70.26,True
Stephen Curry,27.36,76.14,False
Stephen Curry,0.6,101.82,False
Stephen Curry,-27.72,70.61999999999999,True
Stephen Curry,6.96,99.42,False
Stephen Curry,12.720000000000002,86.82000000000001,False
Stephen Curry,-1.6800000000000004,69.66,True
Stephen Curry,15.96,84.77999999999999,False
Stephen Curry,-18.24,95.94,False
Stephen Curry,0.36,71.82000000000001,True
Stephen Curry,17.279999999999998,85.5,False
Stephen Curry,2.64,100.26,True
Stephen Curry,11.64,77.34,False
Stephen Curry,12.960000000000003,99.18,True
Stephen Curry,-1.6800000000000004,74.34,True
Stephen Curry,-13.080000000000002,107.22,False
Stephen Curry,-3.48,72.42,False
Stephen Curry,0.36,104.58,True
Stephen Curry,-1.56,75.66,True
Stephen Curry,12.24,101.10000000000001,False
Stephen Curry,1.56,72.78000000000002,True
Stephen Curry,2.52,71.34,False
Stephen Curry,9.0,101.46,True
Stephen Curry,-0.24000000000000002,73.62,True
Stephen Curry,0.36,76.98,True
Stephen Curry,-3.12,96.54,False
Stephen Curry,-3.8400000000000003,101.58,True
Stephen Curry,-0.0,101.58,False
Stephen Curry,-0.24000000000000002,75.54,True
Stephen Curry,24.599999999999998,76.38,False
Stephen Curry,18.48,97.26,True
Stephen Curry,2.28,84.06,False
Stephen Curry,5.16,83.1,False
Stephen Curry,-8.159999999999998,103.38,True
Stephen Curry,12.0,99.77999999999999,False
Stephen Curry,1.9200000000000002,73.74,False
Stephen Curry,4.919999999999999,98.22,False
Stephen Curry,-1.56,70.26,False
Stephen Curry,14.52,98.10000000000001,True
Stephen Curry,-11.52,70.97999999999999,True
Stephen Curry,-0.0,71.22,True
Stephen Curry,16.32,97.38,True
Stephen Curry,27.0,70.26,True
Stephen Curry,15.600000000000001,73.5,False
Stephen Curry,0.9600000000000001,105.78,False
Stephen Curry,0.48000000000000004,72.78000000000002,True
Stephen Curry,-0.0,70.86000000000001,True
Stephen Curry,-20.16,97.02000000000001,False
Stephen Curry,12.720000000000002,99.18,True
Stephen Curry,-16.56,127.14,False
Stephen Curry,0.72,70.86000000000001,True
Stephen Curry,18.36,86.82000000000001,False
Stephen Curry,2.28,71.34,True
Stephen Curry,22.919999999999998,90.66,False
Stephen Curry,19.2,97.13999999999999,False
Stephen Curry,1.32,71.34,True
Stephen Curry,2.4,88.38000000000001,False
Stephen Curry,19.08,91.98,False
Stephen Curry,-22.56,91.38,False
Stephen Curry,1.32,76.74,False
Stephen Curry,4.4399999999999995,71.22,False
Stephen Curry,-0.24000000000000002,102.30000000000001,False
Stephen Curry,-0.0,69.30000000000001,False
Stephen Curry,0.36,70.02,True
Stephen Curry,27.24,69.53999999999999,False
Stephen Curry,26.160000000000004,82.02,True
Stephen Curry,-15.360000000000001,100.26,True
Stephen Curry,24.0,88.14,False
Stephen Curry,0.36,69.78,True
Stephen Curry,-1.44,69.42,False
Stephen Curry,8.879999999999999,104.22000000000001,False
Stephen Curry,3.9599999999999986,75.9,False
Stephen Curry,-11.28,106.38,False
Stephen Curry,-0.24000000000000002,77.22000000000001,False
Stephen Curry,13.080000000000002,101.82,False
Stephen Curry,2.1599999999999997,70.38000000000001,True
Stephen Curry,1.32,69.66,True
Stephen Curry,20.520000000000003,91.98,False
Stephen Curry,0.8399999999999987,69.42,True
Stephen Curry,8.879999999999999,99.05999999999999,False
Stephen Curry,6.72,73.14,True
Stephen Curry,-21.6,85.5,True
Stephen Curry,-16.68,89.22,True
Stephen Curry,13.799999999999999,101.22000000000001,False
Stephen Curry,2.28,70.61999999999999,False
Stephen Curry,-20.16,92.34,True
Stephen Curry,-23.16,87.42,True
Stephen Curry,21.84,90.42,True
Stephen Curry,18.6,94.38,False
Stephen Curry,1.0799999999999998,73.38,True
Stephen Curry,-21.0,97.13999999999999,False
Stephen Curry,-18.96,95.22,False
Stephen Curry,-1.8,73.02,False
Stephen Curry,17.759999999999998,93.78000000000002,True
Stephen Curry,-2.64,70.97999999999999,False
Stephen Curry,-0.36,72.30000000000001,True
Stephen Curry,3.2400000000000007,73.5,False
Stephen Curry,-27.36,73.5,False
Stephen Curry,-0.24000000000000002,70.61999999999999,True
Stephen Curry,-14.64,97.97999999999999,True
Stephen Curry,19.56,93.42,False
Stephen Curry,0.24000000000000002,72.30000000000001,False
Stephen Curry,-23.04,114.78,False
Stephen Curry,-21.84,93.17999999999999,True
Stephen Curry,-0.6,73.02,True
Stephen Curry,28.08,71.1,False
Stephen Curry,-0.36,79.38,True
Stephen Curry,21.96,91.02,True
Stephen Curry,-15.120000000000001,78.9,False
Stephen Curry,-17.4,101.58,False
Stephen Curry,0.36,73.62,True
Stephen Curry,-2.7600000000000002,108.06,False
Stephen Curry,-4.319999999999999,75.18,True
Stephen Curry,22.68,92.58,True
Stephen Curry,23.04,92.7,False
Stephen Curry,-0.72,73.62,True
Stephen Curry,-26.880000000000006,91.98,False
Stephen Curry,-24.359999999999996,90.06,False
Stephen Curry,1.0799999999999998,69.17999999999999,False
Stephen Curry,-25.08,89.94,False
Stephen Curry,-24.359999999999996,90.89999999999999,False
Stephen Curry,-0.0,70.5,True
Stephen Curry,-0.36,71.7,False
Stephen Curry,7.2,71.34,True
Stephen Curry,-1.0799999999999998,72.17999999999999,False
Stephen Curry,-0.72,69.17999999999999,True
Stephen Curry,-0.72,78.3,False
Stephen Curry,25.08,89.22,False
Stephen Curry,0.12000000000000001,69.06,True
Stephen Curry,22.919999999999998,92.1,False
Stephen Curry,-0.6,71.1,True
Stephen Curry,0.36,79.86,True
Stephen Curry,26.759999999999998,77.58,True
Stephen Curry,5.880000000000002,102.66,False
Stephen Curry,17.4,99.05999999999999,False
Stephen Curry,-27.96,66.9,False
Stephen Curry,-12.960000000000003,102.05999999999999,False
Stephen Curry,-0.12000000000000001,87.53999999999999,True
Stephen Curry,26.160000000000004,83.94,False
Stephen Curry,-20.64,92.46,False
Stephen Curry,12.36,89.1,False
Stephen Curry,11.64,97.97999999999999,True
Stephen Curry,-28.320000000000004,72.66,False
Stephen Curry,3.0,70.02,False
Stephen Curry,19.92,94.98,True
Stephen Curry,27.599999999999998,70.74,True
Stephen Curry,-1.6800000000000004,71.82000000000001,False
Stephen Curry,-27.36,70.5,False
Stephen Curry,-3.48,100.13999999999999,False
Stephen Curry,18.24,72.53999999999999,True
Stephen Curry,1.56,71.94,False
Stephen Curry,24.119999999999997,88.5,True
Stephen Curry,-23.04,87.30000000000001,True
Stephen Curry,19.92,97.74,True
Stephen Curry,10.680000000000001,89.58,False
Stephen Curry,-13.559999999999999,96.3,False
Stephen Curry,12.12,78.3,False
Stephen Curry,-2.88,100.26,False
Stephen Curry,-26.52,80.69999999999999,True
Stephen Curry,-0.0,69.30000000000001,False
Stephen Curry,12.600000000000001,99.05999999999999,False
Stephen Curry,13.68,97.97999999999999,True
Stephen Curry,10.8,100.62,True
Stephen Curry,5.5200000000000005,83.58,True
Stephen Curry,2.0399999999999987,71.94,False
Stephen Curry,4.919999999999999,101.58,False
Stephen Curry,0.12000000000000001,71.58,True
Stephen Curry,16.56,75.9,True
Stephen Curry,-6.12,99.54,False
Stephen Curry,19.799999999999997,90.66,True
Stephen Curry,17.04,94.86,False
Stephen Curry,21.84,90.89999999999999,True
Stephen Curry,2.7600000000000002,70.97999999999999,False
Stephen Curry,3.359999999999999,98.94000000000001,False
Stephen Curry,12.720000000000002,98.22,False
Stephen Curry,25.08,86.58,False
Stephen Curry,21.120000000000005,94.02,True
Stephen Curry,-4.68,87.05999999999999,False
Stephen Curry,-16.68,82.5,False
Stephen Curry,-2.0399999999999987,76.74,False
Stephen Curry,0.36,70.61999999999999,False
Stephen Curry,1.56,71.7,True
Stephen Curry,-0.24000000000000002,71.1,True
Stephen Curry,9.36,102.30000000000001,True
Stephen Curry,11.040000000000001,99.42,False
Stephen Curry,-0.6,86.94000000000001,False
Stephen Curry,-28.2,70.26,False
Stephen Curry,23.16,87.05999999999999,False
Stephen Curry,19.2,97.02000000000001,True
Stephen Curry,15.72,99.89999999999999,True
Stephen Curry,-12.600000000000001,82.5,False
Stephen Curry,-15.360000000000001,97.02000000000001,False
Stephen Curry,6.600000000000001,100.86000000000001,False
Stephen Curry,2.4,74.94,False
Stephen Curry,20.28,95.7,True
Stephen Curry,-27.119999999999997,67.74,False
Stephen Curry,-25.68,86.34,False
Stephen Curry,1.6800000000000004,100.62,False
Stephen Curry,-25.320000000000004,88.74,True
Stephen Curry,0.12000000000000001,101.46,False
Stephen Curry,11.52,70.61999999999999,True
Stephen Curry,13.68,98.34,False
Stephen Curry,1.2,73.02,True
Stephen Curry,-27.84,73.98,False
Stephen Curry,-17.279999999999998,96.3,False
Stephen Curry,-12.600000000000001,110.34,False
Stephen Curry,0.48000000000000004,105.18000000000002,False
Stephen Curry,23.88,88.26,False
Stephen Curry,10.680000000000001,90.66,True
Stephen Curry,17.16,97.62,False
Stephen Curry,-27.599999999999998,71.94,False
Stephen Curry,24.359999999999996,87.05999999999999,False
Stephen Curry,21.96,97.38,True
Stephen Curry,9.0,70.5,False
Stephen Curry,-21.240000000000002,101.10000000000001,False
Stephen Curry,24.72,90.17999999999999,True
Stephen Curry,4.319999999999999,70.61999999999999,True
Stephen Curry,2.28,69.9,True
Stephen Curry,28.320000000000004,77.1,False
Stephen Curry,-4.68,100.97999999999999,True
Stephen Curry,23.64,89.82000000000001,True
Stephen Curry,-12.0,97.74,True
Stephen Curry,-0.0,76.38,False
Stephen Curry,7.919999999999999,83.69999999999999,True
Stephen Curry,-23.28,88.97999999999999,False
Stephen Curry,21.479999999999997,91.14,True
Stephen Curry,-2.52,103.14000000000001,True
Stephen Curry,4.56,71.22,True
Stephen Curry,3.8400000000000003,72.89999999999999,True
Stephen Curry,-26.160000000000004,69.78,False
Stephen Curry,19.2,93.42,True
Stephen Curry,-2.1599999999999997,70.86000000000001,True
Stephen Curry,25.68,96.54,True
Stephen Curry,6.840000000000001,71.94,True
Stephen Curry,-17.16,97.74,False
Stephen Curry,-5.16,69.30000000000001,True
Stephen Curry,1.32,79.14,True
Stephen Curry,4.079999999999999,70.02,True
Stephen Curry,13.080000000000002,99.54,False
Stephen Curry,-20.16,94.74,False
Stephen Curry,4.4399999999999995,73.86,True
Stephen Curry,-21.720000000000002,99.77999999999999,False
Stephen Curry,-5.880000000000002,74.58,True
Stephen Curry,-16.68,98.34,False
Stephen Curry,17.52,92.58,False
Stephen Curry,5.64,74.22,True
Stephen Curry,1.56,102.66,False
Stephen Curry,4.319999999999999,72.30000000000001,True
Stephen Curry,-4.919999999999999,101.46,True
Stephen Curry,-5.4,75.54,False
Stephen Curry,-8.159999999999998,75.66,False
Stephen Curry,-21.120000000000005,95.46,True
Stephen Curry,26.400000000000006,72.66,False
Stephen Curry,20.28,93.30000000000001,False
Stephen Curry,23.88,89.58,True
Stephen Curry,-12.84,93.42,True
Stephen Curry,-23.16,90.30000000000001,True
Stephen Curry,6.840000000000001,72.30000000000001,True
Stephen Curry,-15.360000000000001,98.58,False
Stephen Curry,2.88,69.42,False
Stephen Curry,28.320000000000004,71.22,False
Stephen Curry,-9.36,77.7,True
Stephen Curry,-27.36,68.34,True
Stephen Curry,5.64,75.54,True
Stephen Curry,-23.4,93.53999999999999,False
Stephen Curry,5.5200000000000005,99.05999999999999,False
Stephen Curry,21.720000000000002,94.98,True
Stephen Curry,21.479999999999997,93.06,True
Stephen Curry,10.200000000000001,112.5,False
Stephen Curry,17.4,97.62,True
Stephen Curry,19.799999999999997,91.74,True
Stephen Curry,-25.320000000000004,84.54,False
Stephen Curry,23.52,92.46,False
Stephen Curry,1.44,109.02000000000002,True
Stephen Curry,1.9200000000000002,101.82,True
Stephen Curry,17.88,92.94,False
Stephen Curry,0.48000000000000004,69.30000000000001,True
Stephen Curry,0.36,108.06,False
Stephen Curry,-21.120000000000005,92.7,True
Stephen Curry,-18.24,93.53999999999999,True
Stephen Curry,-27.599999999999998,70.61999999999999,False
Stephen Curry,2.64,70.02,True
Stephen Curry,4.319999999999999,100.5,True
Stephen Curry,-0.36,70.26,True
Stephen Curry,5.4,71.94,False
Stephen Curry,0.8399999999999987,78.06,False
Stephen Curry,-0.0,70.26,True
Stephen Curry,-0.48000000000000004,70.02,True
Stephen Curry,-0.24000000000000002,69.17999999999999,True
Stephen Curry,0.72,70.26,True
Stephen Curry,-20.88,94.26,False
Stephen Curry,-12.36,99.66,False
Stephen Curry,-0.0,69.30000000000001,False
Stephen Curry,8.879999999999999,101.94000000000001,False
Stephen Curry,-27.24,85.14,True
Stephen Curry,-23.76,88.97999999999999,True
Stephen Curry,-3.8400000000000003,73.62,True
Stephen Curry,-0.9600000000000001,69.30000000000001,False
Stephen Curry,1.8,69.42,True
Stephen Curry,17.52,93.9,True
Stephen Curry,-3.6,99.54,False
Stephen Curry,-27.84,80.69999999999999,False
Stephen Curry,-21.479999999999997,91.62,False
Stephen Curry,-0.24000000000000002,71.46,False
Stephen Curry,-26.880000000000006,84.06,True
Stephen Curry,8.52,75.9,True
Stephen Curry,-17.16,103.38,True
Stephen Curry,4.079999999999999,69.9,True
Stephen Curry,-0.0,98.22,True
Stephen Curry,-27.84,67.97999999999999,False
Stephen Curry,-24.48,97.5,True
Stephen Curry,-26.52,84.42,False
Stephen Curry,-13.559999999999999,87.30000000000001,False
Stephen Curry,-0.24000000000000002,70.26,True
Stephen Curry,10.560000000000002,98.69999999999999,True
Stephen Curry,-24.119999999999997,92.46,False
Stephen Curry,-2.28,70.38000000000001,True
Stephen Curry,8.52,88.14,False
Stephen Curry,2.4,72.53999999999999,True
Stephen Curry,-9.839999999999998,135.3,False
Stephen Curry,17.759999999999998,94.86,False
Stephen Curry,-20.16,92.7,False
Stephen Curry,-22.8,90.53999999999999,True
Stephen Curry,20.64,69.66,True
Stephen Curry,-0.48000000000000004,113.46,True
Stephen Curry,1.32,71.22,True
Stephen Curry,-21.96,92.1,True
Stephen Curry,-27.96,81.77999999999999,False
Stephen Curry,-20.520000000000003,92.82000000000001,True
Stephen Curry,-21.96,90.17999999999999,True
Stephen Curry,-0.8399999999999987,71.1,True
Stephen Curry,18.48,94.62,True
Stephen Curry,-1.9200000000000002,71.82000000000001,True
Stephen Curry,-25.440000000000005,84.9,True
Stephen Curry,24.72,85.61999999999999,True
Stephen Curry,1.56,100.5,False
Stephen Curry,13.080000000000002,96.54,True
Stephen Curry,1.56,70.61999999999999,True
Stephen Curry,-1.44,78.06,False
Stephen Curry,15.24,95.82,True
Stephen Curry,-8.52,91.86,False
Stephen Curry,18.48,92.58,False
Stephen Curry,17.64,96.66,False
Stephen Curry,11.88,97.02000000000001,False
Stephen Curry,-0.48000000000000004,70.38000000000001,True
Stephen Curry,0.9600000000000001,69.66,True
Stephen Curry,-1.8,68.82000000000001,True
Stephen Curry,-8.399999999999999,97.5,False
Stephen Curry,10.44,136.02,False
Stephen Curry,-26.759999999999998,82.5,True
Stephen Curry,0.6,70.26,True
Stephen Curry,25.200000000000003,84.9,False
Stephen Curry,3.12,70.5,False
Stephen Curry,-16.56,97.5,True
Stephen Curry,18.0,93.53999999999999,True
Stephen Curry,-23.4,92.1,False
Stephen Curry,-1.6800000000000004,69.9,True
Stephen Curry,-8.159999999999998,92.82000000000001,False
Stephen Curry,-19.92,98.94000000000001,False
Stephen Curry,23.76,88.14,True
Stephen Curry,-19.32,83.69999999999999,False
Stephen Curry,-8.52,102.18000000000002,False
Stephen Curry,-7.800000000000001,71.94,True
Stephen Curry,-21.479999999999997,97.62,False
Stephen Curry,3.12,76.5,True
Stephen Curry,20.28,99.54,True
Stephen Curry,21.6,90.06,True
Stephen Curry,14.160000000000002,97.13999999999999,False
Stephen Curry,22.200000000000003,92.7,False
Stephen Curry,21.720000000000002,93.17999999999999,True
Stephen Curry,16.919999999999998,84.77999999999999,True
Stephen Curry,11.040000000000001,103.74,False
Stephen Curry,6.24,72.30000000000001,True
Stephen Curry,8.879999999999999,100.86000000000001,True
Stephen Curry,1.8,85.26,False
Stephen Curry,8.52,72.17999999999999,True
Stephen Curry,21.0,94.62,False
Stephen Curry,13.92,96.77999999999999,False
Stephen Curry,21.84,98.10000000000001,True
Stephen Curry,29.52,72.89999999999999,True
Stephen Curry,0.6,100.86000000000001,True
Stephen Curry,-3.8400000000000003,67.14,False
Stephen Curry,2.1599999999999997,75.66,False
Stephen Curry,-9.48,99.54,True
Stephen Curry,6.600000000000001,71.22,True
Stephen Curry,-26.759999999999998,78.54,False
Stephen Curry,1.9200000000000002,83.22,True
Stephen Curry,18.24,100.86000000000001,True
Stephen Curry,-16.2,101.82,True
Stephen Curry,12.600000000000001,81.06,True
Stephen Curry,9.36,102.77999999999999,True
Stephen Curry,27.96,76.74,True
Stephen Curry,8.879999999999999,72.30000000000001,True
Stephen Curry,-7.919999999999999,76.86,False
Stephen Curry,-4.199999999999999,71.1,False
Stephen Curry,-14.28,81.54,True
Stephen Curry,20.28,90.89999999999999,False
Stephen Curry,-6.480000000000001,100.26,True
Stephen Curry,13.92,105.78,False
Stephen Curry,-21.84,97.74,False
Stephen Curry,11.52,79.02,True
Stephen Curry,1.6800000000000004,69.78,True
Stephen Curry,14.28,81.77999999999999,False
Stephen Curry,-16.44,97.86000000000001,True
Stephen Curry,-3.48,70.14,True
Stephen Curry,-16.919999999999998,94.02,True
Stephen Curry,4.319999999999999,100.97999999999999,False
Stephen Curry,0.9600000000000001,70.02,False
Stephen Curry,-11.16,86.69999999999999,True
Stephen Curry,-1.56,100.5,True
Stephen Curry,7.32,75.9,False
Stephen Curry,-9.839999999999998,87.42,False
Stephen Curry,10.560000000000002,98.69999999999999,False
Stephen Curry,1.56,70.86000000000001,False
Stephen Curry,0.8399999999999987,70.86000000000001,True
Stephen Curry,-25.920000000000005,84.54,True
Stephen Curry,8.52,99.3,False
Stephen Curry,6.96,99.54,True
Stephen Curry,8.040000000000001,84.66,True
Stephen Curry,-2.52,73.74,False
Stephen Curry,5.16,101.58,True
Stephen Curry,-26.640000000000004,67.86,True
Stephen Curry,-20.28,90.42,True
Stephen Curry,21.84,92.94,False
Stephen Curry,-22.8,90.89999999999999,True
Stephen Curry,28.44,69.42,False
Stephen Curry,-1.0799999999999998,107.46,False
Stephen Curry,4.199999999999999,73.86,True
Stephen Curry,0.24000000000000002,102.77999999999999,False
Stephen Curry,-1.44,72.42,False
Stephen Curry,-18.48,98.94000000000001,False
Stephen Curry,-20.520000000000003,97.13999999999999,False
Stephen Curry,-16.919999999999998,97.86000000000001,False
Stephen Curry,-0.12000000000000001,74.58,False
Stephen Curry,16.56,70.5,False
Stephen Curry,-4.56,100.62,True
Stephen Curry,7.080000000000001,83.58,True
Stephen Curry,-3.0,69.66,False
Stephen Curry,-13.559999999999999,100.97999999999999,True
Stephen Curry,-5.16,103.02000000000001,True
Stephen Curry,21.96,96.42,False
Stephen Curry,4.079999999999999,70.86000000000001,True
Stephen Curry,-14.4,80.10000000000001,False
Stephen Curry,5.4,103.5,False
Stephen Curry,-21.479999999999997,91.5,True
Stephen Curry,7.800000000000001,98.22,False
Stephen Curry,9.719999999999999,73.14,False
Stephen Curry,-3.8400000000000003,73.14,False
Stephen Curry,-0.0,89.58,True
Stephen Curry,18.96,94.62,True
Stephen Curry,-22.44,91.86,False
Stephen Curry,12.24,86.58,False
Stephen Curry,-1.32,72.06,True
Stephen Curry,23.88,89.7,True
Stephen Curry,21.360000000000003,89.58,False
Stephen Curry,-20.64,100.38,True
Stephen Curry,-18.36,103.5,False
Stephen Curry,1.9200000000000002,71.34,True
Stephen Curry,8.280000000000001,102.30000000000001,False
Stephen Curry,10.92,98.22,True
Stephen Curry,0.72,75.3,True
Stephen Curry,27.84,72.42,True
Stephen Curry,18.48,94.5,False
Stephen Curry,-0.0,82.98,False
Stephen Curry,-0.72,75.3,False
Stephen Curry,-17.16,94.5,False
Stephen Curry,13.92,101.58,True
Stephen Curry,2.64,70.97999999999999,False
Stephen Curry,2.28,69.30000000000001,True
Stephen Curry,12.720000000000002,69.30000000000001,True
Stephen Curry,3.2400000000000007,70.97999999999999,False
Stephen Curry,15.600000000000001,104.33999999999999,False
Stephen Curry,27.72,91.26,True
Stephen Curry,-13.320000000000002,97.74,True
Stephen Curry,12.600000000000001,106.5,True
Stephen Curry,19.799999999999997,93.06,True
Stephen Curry,-26.759999999999998,67.86,False
Stephen Curry,15.120000000000001,100.62,False
Stephen Curry,2.4,104.10000000000002,False
Stephen Curry,2.88,83.58,True
Stephen Curry,2.28,98.46000000000001,False
Stephen Curry,19.799999999999997,100.13999999999999,False
Stephen Curry,18.72,96.05999999999999,False
Stephen Curry,6.360000000000001,102.05999999999999,True
Stephen Curry,0.6,73.02,True
Stephen Curry,-19.2,96.42,False
Stephen Curry,19.799999999999997,94.62,False
Stephen Curry,26.640000000000004,85.86,True
Stephen Curry,0.24000000000000002,73.74,True
Stephen Curry,25.920000000000005,86.82000000000001,True
Stephen Curry,0.36,79.02,True
Stephen Curry,1.56,77.46,False
Stephen Curry,-19.679999999999996,105.41999999999999,False
Stephen Curry,17.16,100.74,False
Stephen Curry,2.4,73.02,False
Stephen Curry,-11.28,102.77999999999999,False
Stephen Curry,-1.9200000000000002,79.98,True
Stephen Curry,16.68,98.46000000000001,False
Stephen Curry,-11.28,76.86,True
Stephen Curry,1.8,75.9,True
Stephen Curry,-0.9600000000000001,69.78,False
Stephen Curry,-22.56,91.26,True
Stephen Curry,-0.36,100.5,False
Stephen Curry,4.68,102.18000000000002,True
Stephen Curry,1.32,71.94,True
Stephen Curry,0.8399999999999987,79.86,True
Stephen Curry,-3.6,71.82000000000001,False
Stephen Curry,18.839999999999996,96.3,True
Stephen Curry,-23.52,88.74,True
Stephen Curry,3.0,72.42,True
Stephen Curry,-0.12000000000000001,71.46,False
Stephen Curry,5.04,100.74,False
Stephen Curry,-0.12000000000000001,102.53999999999999,True
Stephen Curry,-2.4,71.1,True
Stephen Curry,0.36,100.86000000000001,False
Stephen Curry,3.0,80.10000000000001,False
Stephen Curry,19.32,86.46000000000001,True
Stephen Curry,-2.0399999999999987,71.1,True
Stephen Curry,15.24,95.46,False
Stephen Curry,11.4,96.66,True
Stephen Curry,-19.679999999999996,93.9,False
Stephen Curry,-3.48,74.34,False
Stephen Curry,1.6800000000000004,85.26,False
Stephen Curry,12.48,104.33999999999999,False
Stephen Curry,1.6800000000000004,82.5,True
Stephen Curry,15.600000000000001,104.33999999999999,True
Stephen Curry,-24.48,89.82000000000001,False
Stephen Curry,-25.08,87.30000000000001,False
Stephen Curry,-3.48,71.94,False
Stephen Curry,-14.64,96.77999999999999,False
Stephen Curry,-17.64,95.22,False
Stephen Curry,-11.16,89.82000000000001,True
Stephen Curry,-3.359999999999999,72.42,False
Stephen Curry,-17.16,95.22,False
Stephen Curry,-5.16,75.18,True
Stephen Curry,12.0,73.74,True
Stephen Curry,-3.0,72.06,True
Stephen Curry,2.88,100.26,False
Stephen Curry,-7.800000000000001,88.74,True
Stephen Curry,16.32,95.46,False
Stephen Curry,12.0,100.5,True
Stephen Curry,3.0,70.61999999999999,True
Stephen Curry,19.799999999999997,92.22,False
Stephen Curry,-15.0,97.26,True
Stephen Curry,-4.199999999999999,70.5,True
Stephen Curry,10.08,94.5,False
Stephen Curry,-2.64,100.02000000000001,False
Stephen Curry,10.44,98.46000000000001,True
Stephen Curry,-3.6,72.42,False
Stephen Curry,27.119999999999997,82.61999999999999,True
Stephen Curry,6.840000000000001,99.54,False
Stephen Curry,2.64,71.7,True
Stephen Curry,24.48,73.02,True
Stephen Curry,-3.12,70.61999999999999,True
Stephen Curry,20.64,92.1,True
Stephen Curry,-21.360000000000003,91.74,False
Stephen Curry,9.96,84.77999999999999,False
Stephen Curry,2.4,75.06,False
Stephen Curry,-21.84,76.74,True
Stephen Curry,-0.6,143.34,False
Stephen Curry,-13.440000000000003,96.89999999999999,True
Stephen Curry,0.24000000000000002,82.5,True
Stephen Curry,-24.72,85.14,True
Stephen Curry,15.120000000000001,91.38,False
Stephen Curry,-23.88,88.38000000000001,True
Stephen Curry,-6.840000000000001,79.86,False
Stephen Curry,19.56,92.34,False
Stephen Curry,-0.24000000000000002,72.66,True
Stephen Curry,0.36,78.9,False
Stephen Curry,-1.9200000000000002,82.86,True
Stephen Curry,-27.36,75.3,False
Stephen Curry,25.920000000000005,84.54,False
Stephen Curry,19.56,92.1,True
Stephen Curry,-3.8400000000000003,72.17999999999999,False
Stephen Curry,15.0,104.33999999999999,False
Stephen Curry,0.12000000000000001,76.74,False
Stephen Curry,-19.799999999999997,85.14,False
Stephen Curry,-20.04,92.46,False
Stephen Curry,-27.96,68.34,False
Stephen Curry,-3.72,100.13999999999999,False
Stephen Curry,-19.44,95.94,False
Stephen Curry,-15.24,99.54,False
Stephen Curry,2.4,73.98,False
Stephen Curry,-1.44,104.69999999999999,False
Stephen Curry,0.36,78.9,False
Stephen Curry,-28.08,73.02,False
Stephen Curry,14.64,98.58,False
Stephen Curry,0.36,84.30000000000001,True
Stephen Curry,17.4,93.17999999999999,True
Stephen Curry,-1.32,69.78,True
Stephen Curry,20.400000000000002,94.26,False
Stephen Curry,1.9200000000000002,70.02,False
Stephen Curry,17.04,96.77999999999999,False
Stephen Curry,19.2,97.97999999999999,True
Stephen Curry,0.72,75.3,True
Stephen Curry,17.16,98.82,True
Stephen Curry,-0.0,70.02,True
Stephen Curry,15.600000000000001,97.13999999999999,True
Stephen Curry,-0.48000000000000004,99.89999999999999,False
Stephen Curry,-11.4,99.42,True
Stephen Curry,-20.04,81.77999999999999,False
Stephen Curry,5.4,101.46,False
Stephen Curry,-1.9200000000000002,82.13999999999999,False
Stephen Curry,0.48000000000000004,73.74,False
Stephen Curry,-2.28,76.14,True
Stephen Curry,-16.56,97.62,True
Stephen Curry,-1.56,79.38,False
Stephen Curry,17.279999999999998,95.46,True
Stephen Curry,25.200000000000003,85.98,False
Stephen Curry,-13.799999999999999,93.42,False
Stephen Curry,-15.600000000000001,98.34,True
Stephen Curry,-15.96,99.66,True
Stephen Curry,3.9599999999999986,76.62,False
Stephen Curry,18.0,97.38,False
Stephen Curry,15.360000000000001,74.82,False
Stephen Curry,-2.64,72.17999999999999,True
Stephen Curry,13.92,101.22000000000001,False
Stephen Curry,-17.52,78.77999999999999,False
Stephen Curry,-21.84,73.5,True
Stephen Curry,-2.4,70.61999999999999,False
Stephen Curry,-16.56,88.14,True
Stephen Curry,0.6,80.34,False
Stephen Curry,2.1599999999999997,102.53999999999999,True
Stephen Curry,1.9200000000000002,106.97999999999999,False
Stephen Curry,-4.919999999999999,81.3,False
Stephen Curry,22.080000000000002,96.05999999999999,False
Stephen Curry,-2.4,73.02,True
Stephen Curry,-17.16,102.30000000000001,False
Stephen Curry,0.36,73.14,False
Stephen Curry,15.360000000000001,103.02000000000001,True
Stephen Curry,-17.279999999999998,93.66,False
Stephen Curry,-14.160000000000002,91.86,False
Stephen Curry,-1.32,71.34,True
Stephen Curry,-27.84,69.06,False
Stephen Curry,14.52,97.5,False
Stephen Curry,-21.120000000000005,94.86,False
Stephen Curry,5.28,82.74,False
Stephen Curry,-5.4,103.26000000000002,True
Stephen Curry,15.24,104.69999999999999,True
Stephen Curry,-0.36,73.26,True
Stephen Curry,0.36,73.26,True
Stephen Curry,-19.32,92.94,True
Stephen Curry,22.8,90.17999999999999,True
Stephen Curry,23.16,90.78,False
Stephen Curry,17.279999999999998,102.66,False
Stephen Curry,0.72,73.26,True
Stephen Curry,19.32,95.34,False
Stephen Curry,-25.320000000000004,88.97999999999999,True
Stephen Curry,-15.360000000000001,97.5,True
Stephen Curry,15.360000000000001,96.42,False
Stephen Curry,-19.92,85.98,False
Stephen Curry,11.040000000000001,86.82000000000001,True
Stephen Curry,19.08,98.46000000000001,False
Stephen Curry,-21.84,90.42,True
Stephen Curry,14.28,100.26,True
Stephen Curry,-1.0799999999999998,82.5,True
Stephen Curry,28.08,78.66,False
Stephen Curry,-24.0,85.61999999999999,False
Stephen Curry,13.68,100.5,True
Stephen Curry,-0.0,69.30000000000001,True
Stephen Curry,6.12,78.42,False
Stephen Curry,2.52,72.06,False
Stephen Curry,18.0,87.9,False
Stephen Curry,-0.36,71.46,True
Stephen Curry,6.24,100.86000000000001,True
Stephen Curry,-16.44,97.62,False
Stephen Curry,-0.6,76.86,True
Stephen Curry,-2.4,72.78000000000002,True
Stephen Curry,17.16,95.82,True
Stephen Curry,-12.12,104.82,False
Stephen Curry,3.48,102.18000000000002,False
Stephen Curry,0.72,72.30000000000001,True
Stephen Curry,14.64,97.97999999999999,False
Stephen Curry,8.040000000000001,70.14,True
Stephen Curry,-18.6,94.62,True
Stephen Curry,-0.36,78.06,False
Stephen Curry,0.6,73.74,True
Stephen Curry,18.6,87.53999999999999,True
Stephen Curry,-4.68,73.86,True
Stephen Curry,9.96,103.26000000000002,False
Stephen Curry,-11.52,86.22,True
Stephen Curry,-25.320000000000004,85.74,True
Stephen Curry,13.200000000000003,89.22,False
Stephen Curry,28.08,71.94,True
Stephen Curry,11.4,96.54,False
Stephen Curry,20.64,97.62,False
Stephen Curry,-22.200000000000003,93.17999999999999,True
Stephen Curry,16.919999999999998,99.42,False
Stephen Curry,-12.84,90.42,True
Stephen Curry,1.56,73.98,True
Stephen Curry,19.92,96.89999999999999,False
Stephen Curry,-0.0,73.26,True
Stephen Curry,26.160000000000004,92.82000000000001,False
Stephen Curry,19.2,80.10000000000001,False
Stephen Curry,-0.0,102.53999999999999,False
Stephen Curry,3.12,102.30000000000001,True
Stephen Curry,-13.92,90.78,False
Stephen Curry,-10.8,98.58,False
Stephen Curry,-24.24,75.3,False
Stephen Curry,21.96,91.5,True
Stephen Curry,0.36,70.74,False
Stephen Curry,20.64,91.5,True
Stephen Curry,0.24000000000000002,70.26,False
Stephen Curry,-13.440000000000003,90.06,True
Stephen Curry,6.600000000000001,82.38000000000001,True
Stephen Curry,-18.48,95.46,False
Stephen Curry,-16.44,103.26000000000002,True
Stephen Curry,14.04,96.89999999999999,True
Stephen Curry,-11.28,101.46,False
Stephen Curry,7.919999999999999,131.57999999999998,False
Stephen Curry,-11.040000000000001,102.41999999999999,True
Stephen Curry,0.36,72.78000000000002,False
Stephen Curry,16.68,88.86000000000001,True
Stephen Curry,13.799999999999999,101.82,False
Stephen Curry,4.319999999999999,94.02,True
Stephen Curry,1.6800000000000004,69.9,True
Stephen Curry,-20.520000000000003,89.46,True
Stephen Curry,-9.12,93.42,True
Stephen Curry,-1.0799999999999998,70.97999999999999,False
Stephen Curry,6.840000000000001,98.82,False
Stephen Curry,-25.920000000000005,82.26,True
Stephen Curry,-17.64,103.02000000000001,True
Stephen Curry,12.0,97.38,False
Stephen Curry,10.44,99.05999999999999,False
Stephen Curry,27.36,69.66,True
Stephen Curry,-27.36,70.61999999999999,False
Stephen Curry,-13.92,97.02000000000001,False
Stephen Curry,5.28,91.26,False
Stephen Curry,-2.28,69.78,True
Stephen Curry,-1.0799999999999998,72.30000000000001,False
Stephen Curry,15.360000000000001,96.54,False
Stephen Curry,-1.9200000000000002,69.42,True
Stephen Curry,3.48,100.02000000000001,False
Stephen Curry,-19.679999999999996,93.17999999999999,True
Stephen Curry,0.6,69.9,False
Stephen Curry,13.559999999999999,97.86000000000001,False
Stephen Curry,-19.08,94.62,False
Stephen Curry,-26.52,71.46,False
Stephen Curry,14.64,83.22,True
Stephen Curry,-1.56,81.3,True
Stephen Curry,11.4,100.62,False
Stephen Curry,1.44,75.06,False
Stephen Curry,-18.48,94.86,False
Stephen Curry,-0.0,81.9,True
Stephen Curry,0.72,89.82000000000001,True
Stephen Curry,11.16,99.66,False
Stephen Curry,0.72,72.78000000000002,False
Stephen Curry,-2.64,103.61999999999999,True
Stephen Curry,0.36,70.26,True
Stephen Curry,-26.880000000000006,85.61999999999999,False
Stephen Curry,-21.96,94.98,False
Stephen Curry,-28.08,76.14,True
Stephen Curry,8.040000000000001,92.1,True
Stephen Curry,-19.799999999999997,95.46,False
Stephen Curry,-19.799999999999997,96.89999999999999,False
Stephen Curry,-4.919999999999999,83.69999999999999,False
Stephen Curry,-20.64,92.46,False
Stephen Curry,-6.72,82.13999999999999,False
Stephen Curry,1.32,75.54,True
Stephen Curry,18.12,92.94,False
Stephen Curry,-23.52,89.58,False
Stephen Curry,-0.24000000000000002,87.42,False
Stephen Curry,5.76,99.54,False
Stephen Curry,8.76,120.3,False
Stephen Curry,1.0799999999999998,91.5,True
Stephen Curry,-10.200000000000001,97.74,False
Stephen Curry,1.44,70.97999999999999,False
Stephen Curry,-0.72,69.66,True
Stephen Curry,1.6800000000000004,68.69999999999999,False
Stephen Curry,16.32,95.22,True
Stephen Curry,1.56,69.78,False
Stephen Curry,8.159999999999998,122.81999999999998,False
Stephen Curry,8.879999999999999,98.46000000000001,True
Stephen Curry,0.12000000000000001,72.42,False
Stephen Curry,8.639999999999999,95.1,True
Stephen Curry,-10.8,97.02000000000001,False
Stephen Curry,3.48,72.42,True
Stephen Curry,-14.4,98.10000000000001,False
Stephen Curry,-214.79999999999998,289.8,True
Stephen Curry,8.399999999999999,77.4,True
Stephen Curry,58.8,378.6,False
Stephen Curry,25.200000000000003,263.4,False
Stephen Curry,244.79999999999995,99.0,False
Stephen Curry,2.4,185.4,False
Stephen Curry,42.0,376.2,False
Stephen Curry,-2.4,71.39999999999999,True
Stephen Curry,255.60000000000002,228.6,False
Stephen Curry,129.6,151.8,False
Stephen Curry,228.0,355.8,False
Stephen Curry,201.60000000000002,102.60000000000001,False
Stephen Curry,186.0,355.8,True
Stephen Curry,-211.20000000000005,295.8,True
Stephen Curry,27.599999999999998,87.0,True
Stephen Curry,278.4,73.80000000000001,False
Stephen Curry,-133.2,329.40000000000003,False
Stephen Curry,186.0,318.6,True
Stephen Curry,-165.6,342.6,True
Stephen Curry,147.60000000000002,346.20000000000005,True
Stephen Curry,-43.2,367.8,True
Stephen Curry,163.20000000000002,195.0,False
Stephen Curry,212.39999999999998,283.8,False
Stephen Curry,-169.2,295.8,True
Stephen Curry,156.0,293.4,False
Stephen Curry,48.0,76.2,False
Stephen Curry,-46.8,353.4,False
Stephen Curry,8.399999999999999,77.4,True
Stephen Curry,-1.2,304.2,False
Stephen Curry,260.4,189.0,False
Stephen Curry,-2.4,169.8,True
Stephen Curry,-103.19999999999999,336.6,True
Stephen Curry,-69.6,346.20000000000005,True
Stephen Curry,4.8,361.8,True
Stephen Curry,139.2,184.2,True
Stephen Curry,-33.599999999999994,83.4,True
Stephen Curry,142.79999999999998,241.79999999999995,False
Stephen Curry,45.6,269.4,True
Stephen Curry,144.0,322.2,False
Stephen Curry,31.200000000000003,115.8,True
Stephen Curry,278.4,94.2,True
Stephen Curry,-33.599999999999994,55.8,False
Stephen Curry,-135.60000000000002,346.20000000000005,False
Stephen Curry,-172.8,306.6,True
Stephen Curry,-15.600000000000001,60.6,True
Stephen Curry,-152.4,246.60000000000002,True
Stephen Curry,-214.79999999999998,64.19999999999999,True
Stephen Curry,-270.0,168.60000000000002,False
Stephen Curry,62.400000000000006,359.4,False
Stephen Curry,80.4,346.20000000000005,True
Stephen Curry,-186.0,267.0,True
Stephen Curry,4.8,112.2,False
Stephen Curry,-150.0,346.20000000000005,True
Stephen Curry,-212.39999999999998,132.60000000000002,False
Stephen Curry,129.6,355.8,True
Stephen Curry,232.8,83.4,False
Stephen Curry,152.4,340.20000000000005,True
Stephen Curry,-220.79999999999998,90.6,True
Stephen Curry,55.199999999999996,166.2,True
Stephen Curry,21.6,382.2,False
Stephen Curry,-86.4,282.6,True
Stephen Curry,116.4,231.0,False
Stephen Curry,300.0,123.0,True
Stephen Curry,12.0,79.8,False
Stephen Curry,-133.2,253.79999999999998,True
Stephen Curry,-20.400000000000002,85.80000000000001,True
Stephen Curry,-28.8,255.00000000000003,True
Stephen Curry,-10.8,106.19999999999999,False
Stephen Curry,242.4,60.6,False
Stephen Curry,-27.599999999999998,227.4,True
Stephen Curry,-192.0,363.0,False
Stephen Curry,8.399999999999999,130.2,True
Stephen Curry,153.6,109.8,False
Stephen Curry,-267.6,217.79999999999998,False
Stephen Curry,-110.39999999999999,267.0,True
Stephen Curry,-15.600000000000001,67.80000000000001,True
Stephen Curry,-90.0,273.0,False
Stephen Curry,81.60000000000001,220.20000000000005,True
Stephen Curry,-163.20000000000002,215.39999999999998,False
Stephen Curry,-82.8,319.79999999999995,False
Stephen Curry,-136.8,289.8,False
Stephen Curry,12.0,79.8,True
Stephen Curry,-136.8,355.8,True
Stephen Curry,286.8,77.4,False
Stephen Curry,-2.4,394.2,False
Stephen Curry,-8.399999999999999,77.4,True
Stephen Curry,208.79999999999998,227.4,False
Stephen Curry,225.6,349.79999999999995,False
Stephen Curry,229.2,277.79999999999995,True
Stephen Curry,225.6,340.20000000000005,False
Stephen Curry,-1.2,85.80000000000001,True
Stephen Curry,186.0,165.0,True
Stephen Curry,222.0,289.8,False
Stephen Curry,-244.79999999999995,89.4,True
Stephen Curry,212.39999999999998,355.8,False
Stephen Curry,210.0,375.0,True
Stephen Curry,-96.0,259.79999999999995,True
Stephen Curry,22.8,389.40000000000003,False
Stephen Curry,9.6,71.39999999999999,True
Stephen Curry,-37.2,139.8,False
Stephen Curry,-105.60000000000002,117.0,True
Stephen Curry,9.6,64.19999999999999,True
Stephen Curry,-25.200000000000003,388.2,False
Stephen Curry,54.0,358.20000000000005,True
Stephen Curry,242.4,270.6,True
Stephen Curry,-178.8,336.6,True
Stephen Curry,150.0,353.4,True
Stephen Curry,153.6,221.4,False
Stephen Curry,-178.8,205.79999999999998,True
Stephen Curry,246.0,77.4,False
Stephen Curry,-156.0,358.20000000000005,False
Stephen Curry,120.0,264.6,False
Stephen Curry,238.8,259.79999999999995,True
Stephen Curry,30.0,199.79999999999998,True
Stephen Curry,280.8,120.60000000000001,True
Stephen Curry,-132.0,339.0,False
Stephen Curry,196.79999999999998,217.79999999999998,False
Stephen Curry,163.20000000000002,195.0,True
Stephen Curry,-184.79999999999998,313.8,False
Stephen Curry,147.60000000000002,231.0,False
Stephen Curry,12.0,201.0,False
Stephen Curry,-116.4,349.79999999999995,True
Stephen Curry,2.4,293.4,True
Stephen Curry,273.6,269.4,False
Stephen Curry,-175.2,125.39999999999998,False
Stephen Curry,-176.39999999999998,306.6,False
Stephen Curry,51.599999999999994,355.8,False
Stephen Curry,18.0,267.0,True
Stephen Curry,-33.599999999999994,67.80000000000001,False
Stephen Curry,-90.0,99.0,True
Stephen Curry,235.2,40.2,False
Stephen Curry,129.6,223.79999999999998,False
Stephen Curry,224.4,145.79999999999998,False
Stephen Curry,238.8,139.8,True
Stephen Curry,202.79999999999998,205.79999999999998,True
Stephen Curry,-51.599999999999994,327.0,False
Stephen Curry,153.6,168.60000000000002,True
Stephen Curry,-135.60000000000002,299.4,False
Stephen Curry,-100.80000000000001,348.6,False
Stephen Curry,152.4,309.0,False
Stephen Curry,-4.8,71.39999999999999,True
Stephen Curry,196.79999999999998,277.79999999999995,True
Stephen Curry,255.60000000000002,195.0,True
Stephen Curry,-18.0,63.0,True
Stephen Curry,274.79999999999995,126.60000000000001,True
Stephen Curry,-199.20000000000002,299.4,False
Stephen Curry,-163.20000000000002,329.40000000000003,False
Stephen Curry,-1.2,64.19999999999999,True
Stephen Curry,-181.2,323.40000000000003,False
Stephen Curry,-176.39999999999998,220.20000000000005,True
Stephen Curry,-27.599999999999998,71.39999999999999,True
Stephen Curry,-40.800000000000004,372.59999999999997,False
Stephen Curry,-203.99999999999997,83.4,False
Stephen Curry,-214.79999999999998,299.4,False
Stephen Curry,-277.20000000000005,64.19999999999999,True
Stephen Curry,150.0,241.79999999999995,False
Stephen Curry,-50.400000000000006,103.8,False
Stephen Curry,-241.20000000000002,253.79999999999998,True
Stephen Curry,-172.8,310.2,True
Stephen Curry,-169.2,231.0,True
Stephen Curry,-211.20000000000005,319.79999999999995,False
Stephen Curry,-73.2,369.0,True
Stephen Curry,130.8,340.20000000000005,False
Stephen Curry,114.0,247.79999999999995,True
Stephen Curry,206.39999999999998,283.8,False
Stephen Curry,61.19999999999999,103.8,True
Stephen Curry,-129.6,238.20000000000002,True
Stephen Curry,-21.6,185.4,False
Stephen Curry,-110.39999999999999,295.8,False
Stephen Curry,264.0,215.39999999999998,False
Stephen Curry,-1.2,369.0,True
Stephen Curry,51.599999999999994,375.0,True
Stephen Curry,-14.4,102.60000000000001,True
Stephen Curry,-96.0,365.4,True
Stephen Curry,51.599999999999994,205.79999999999998,False
Stephen Curry,-208.79999999999998,66.6,False
Stephen Curry,-126.0,267.0,True
Stephen Curry,-92.39999999999999,382.2,False
Stephen Curry,284.4,94.2,False
Stephen Curry,-2.4,369.0,True
Stephen Curry,-24.0,76.2,True
Stephen Curry,192.0,310.2,True
Stephen Curry,-152.4,358.20000000000005,True
Stephen Curry,-10.8,201.0,False
Stephen Curry,-150.0,340.20000000000005,False
Stephen Curry,-12.0,77.4,True
Stephen Curry,-156.0,267.0,False
Stephen Curry,-12.0,270.6,True
Stephen Curry,-60.0,106.19999999999999,True
Stephen Curry,-165.6,241.79999999999995,False
Stephen Curry,-63.599999999999994,282.6,True
Stephen Curry,-70.80000000000001,192.6,False
Stephen Curry,-201.60000000000002,90.6,True
Stephen Curry,-133.2,340.20000000000005,True
Stephen Curry,-7.2,85.80000000000001,False
Stephen Curry,-7.2,81.0,False
Stephen Curry,206.39999999999998,289.8,False
Stephen Curry,-4.8,79.8,False
Stephen Curry,212.39999999999998,306.6,False
Stephen Curry,129.6,100.19999999999999,False
Stephen Curry,15.600000000000001,77.4,False
Stephen Curry,144.0,255.00000000000003,True
Stephen Curry,111.6,267.0,True
Stephen Curry,288.0,63.0,False
Stephen Curry,18.0,79.8,True
Stephen Curry,274.79999999999995,67.80000000000001,True
Stephen Curry,-116.4,143.4,True
Stephen Curry,12.0,83.4,False
Stephen Curry,-273.6,66.6,False
Stephen Curry,45.6,102.60000000000001,True
Stephen Curry,192.0,241.79999999999995,True
Stephen Curry,144.0,333.0,True
Stephen Curry,6.0,76.2,True
Stephen Curry,-199.20000000000002,653.4000000000001,False
Stephen Curry,13.200000000000003,77.4,True
Stephen Curry,238.8,184.2,False
Stephen Curry,235.2,273.0,True
Stephen Curry,19.2,67.80000000000001,True
Stephen Curry,-12.0,79.8,False
Stephen Curry,229.2,246.60000000000002,True
Stephen Curry,-105.60000000000002,240.6,True
Stephen Curry,-192.0,221.4,False
Stephen Curry,-203.99999999999997,319.79999999999995,False
Stephen Curry,284.4,66.6,True
Stephen Curry,-1.2,90.6,True
Stephen Curry,278.4,93.0,True
Stephen Curry,-0.0,251.4,True
Stephen Curry,-129.6,255.00000000000003,True
Stephen Curry,199.20000000000002,192.6,True
Stephen Curry,-73.2,359.4,True
Stephen Curry,18.0,250.20000000000002,True
Stephen Curry,6.0,253.79999999999998,True
Stephen Curry,196.79999999999998,303.0,False
Stephen Curry,-7.2,372.59999999999997,False
Stephen Curry,-25.200000000000003,246.60000000000002,False
Stephen Curry,87.6,348.6,False
Stephen Curry,271.20000000000005,162.6,True
Stephen Curry,205.20000000000002,309.0,True
Stephen Curry,-230.4,63.0,True
Stephen Curry,6.0,353.4,True
Stephen Curry,-237.6,594.5999999999999,False
Stephen Curry,-67.19999999999999,352.20000000000005,True
Stephen Curry,-27.599999999999998,77.4,False
Stephen Curry,-0.0,306.6,False
Stephen Curry,277.20000000000005,161.39999999999998,True
Stephen Curry,-28.8,55.8,True
Stephen Curry,-18.0,77.4,False
Stephen Curry,-194.4,283.8,False
Stephen Curry,196.79999999999998,120.60000000000001,True
Stephen Curry,-178.8,300.6,True
Stephen Curry,-14.4,240.6,True
Stephen Curry,-192.0,287.4,False
Stephen Curry,-54.0,313.8,True
Stephen Curry,-69.6,103.8,False
Stephen Curry,-1.2,358.20000000000005,False
Stephen Curry,-8.399999999999999,66.6,False
Stephen Curry,-12.0,363.0,False
Stephen Curry,183.60000000000002,253.79999999999998,False
Stephen Curry,-2.4,71.39999999999999,True
Stephen Curry,22.8,369.0,False
Stephen Curry,-90.0,369.0,True
Stephen Curry,22.8,376.2,False
Stephen Curry,-145.2,247.79999999999995,False
Stephen Curry,133.2,217.79999999999998,True
Stephen Curry,-277.20000000000005,77.4,True
Stephen Curry,-146.4,346.20000000000005,True
Stephen Curry,-222.0,312.6,False
Stephen Curry,-154.8,331.79999999999995,True
Stephen Curry,-188.4,322.2,False
Stephen Curry,252.0,225.0,False
Stephen Curry,19.2,85.80000000000001,False
Stephen Curry,-14.4,76.2,True
Stephen Curry,12.0,71.39999999999999,False
Stephen Curry,-100.80000000000001,346.20000000000005,True
Stephen Curry,25.200000000000003,329.40000000000003,False
Stephen Curry,127.19999999999999,282.6,False
Stephen Curry,130.8,335.4,False
Stephen Curry,165.6,312.6,True
Stephen Curry,13.200000000000003,81.0,True
Stephen Curry,254.39999999999998,221.4,False
Stephen Curry,-84.0,257.4,True
Stephen Curry,-156.0,322.2,True
Stephen Curry,-217.20000000000005,287.4,False
Stephen Curry,-0.0,319.79999999999995,True
Stephen Curry,120.0,217.79999999999998,False
Stephen Curry,-165.6,217.79999999999998,False
Stephen Curry,-190.8,325.79999999999995,True
Stephen Curry,-14.4,90.6,False
Stephen Curry,8.399999999999999,365.4,False
Stephen Curry,-159.6,217.79999999999998,False
Stephen Curry,-18.0,77.4,True
Stephen Curry,4.8,145.79999999999998,True
Stephen Curry,28.8,367.8,False
Stephen Curry,205.20000000000002,331.79999999999995,False
Stephen Curry,-168.0,316.2,False
Stephen Curry,64.8,191.4,False
Stephen Curry,129.6,185.4,True
Stephen Curry,68.4,283.8,False
Stephen Curry,97.2,264.6,False
Stephen Curry,-142.79999999999998,233.4,True
Stephen Curry,-158.39999999999998,335.4,False
Stephen Curry,15.600000000000001,251.4,False
Stephen Curry,-25.200000000000003,71.39999999999999,True
Stephen Curry,126.0,295.8,False
Stephen Curry,-154.8,358.20000000000005,True
Stephen Curry,134.39999999999998,240.6,False
Stephen Curry,21.6,367.8,False
Stephen Curry,-10.8,76.2,True
Stephen Curry,13.200000000000003,70.2,True
Stephen Curry,-90.0,269.4,True
Stephen Curry,-33.599999999999994,358.20000000000005,False
Stephen Curry,-129.6,231.0,True
Stephen Curry,98.39999999999999,274.20000000000005,False
Stephen Curry,284.4,73.80000000000001,False
Stephen Curry,150.0,221.4,False
Stephen Curry,-228.0,299.4,False
Stephen Curry,-2.4,77.4,True
Stephen Curry,-168.0,217.79999999999998,False
Stephen Curry,18.0,385.8,False
Stephen Curry,-150.0,331.79999999999995,True
Stephen Curry,31.200000000000003,371.4,False
Stephen Curry,-63.599999999999994,205.79999999999998,True
Stephen Curry,12.0,81.0,True
Stephen Curry,74.4,112.2,True
Stephen Curry,248.4,237.0,True
Stephen Curry,-135.60000000000002,335.4,False
Stephen Curry,159.6,204.60000000000002,True
Stephen Curry,34.8,246.60000000000002,True
Stephen Curry,-192.0,280.20000000000005,False
Stephen Curry,-172.8,313.8,False
Stephen Curry,-163.20000000000002,246.60000000000002,True
Stephen Curry,-12.0,71.39999999999999,True
Stephen Curry,-7.2,67.80000000000001,False
Stephen Curry,-1.2,67.80000000000001,True
Stephen Curry,-176.39999999999998,313.8,False
Stephen Curry,-2.4,363.0,False
Stephen Curry,68.4,255.00000000000003,False
Stephen Curry,150.0,90.6,False
Stephen Curry,-78.0,85.80000000000001,True
Stephen Curry,9.6,257.4,False
Stephen Curry,-182.4,304.2,True
Stephen Curry,-145.2,198.6,True
Stephen Curry,208.79999999999998,76.2,False
Stephen Curry,-142.79999999999998,77.4,False
Stephen Curry,-0.0,259.79999999999995,True
Stephen Curry,-123.60000000000001,244.20000000000002,False
Stephen Curry,120.0,336.6,True
Stephen Curry,-127.19999999999999,107.39999999999999,True
Stephen Curry,57.6,353.4,False
Stephen Curry,-2.4,79.8,True
Stephen Curry,-208.79999999999998,228.6,False
Stephen Curry,-63.599999999999994,197.39999999999998,False
Stephen Curry,-7.2,358.20000000000005,True
Stephen Curry,-142.79999999999998,331.79999999999995,False
Stephen Curry,-1.2,273.0,False
Stephen Curry,19.2,76.2,True
Stephen Curry,147.60000000000002,319.79999999999995,False
Stephen Curry,2.4,372.59999999999997,False
Stephen Curry,13.200000000000003,73.80000000000001,True
Stephen Curry,18.0,66.6,True
Stephen Curry,-4.8,352.20000000000005,False
Stephen Curry,-172.8,306.6,True
Stephen Curry,12.0,71.39999999999999,False
Stephen Curry,-2.4,109.8,True
Stephen Curry,-1.2,79.8,True
Stephen Curry,-28.8,73.80000000000001,False
Stephen Curry,-60.0,228.6,False
Stephen Curry,183.60000000000002,211.79999999999998,False
Stephen Curry,-0.0,79.8,True
Stephen Curry,-61.19999999999999,231.0,False
Stephen Curry,-148.8,233.4,False
Stephen Curry,186.0,300.6,False
Stephen Curry,-165.6,312.6,True
Stephen Curry,-230.4,280.20000000000005,False
Stephen Curry,140.4,323.40000000000003,True
Stephen Curry,-0.0,251.4,True
Stephen Curry,-1.2,291.0,True
Stephen Curry,36.0,304.2,True
Stephen Curry,-188.4,336.6,False
Stephen Curry,-31.200000000000003,312.6,False
Stephen Curry,-1.2,395.40000000000003,False
Stephen Curry,192.0,287.4,False
Stephen Curry,216.0,253.79999999999998,True
Stephen Curry,-93.6,318.6,False
Stephen Curry,274.79999999999995,156.6,False
Stephen Curry,-25.200000000000003,66.6,False
Stephen Curry,-96.0,355.8,True
Stephen Curry,-2.4,153.0,True
Stephen Curry,19.2,353.4,False
Stephen Curry,123.60000000000001,346.20000000000005,True
Stephen Curry,-279.6,89.4,True
Stephen Curry,176.39999999999998,300.6,False
Stephen Curry,-250.79999999999995,234.6,True
Stephen Curry,-2.4,125.39999999999998,True
Stephen Curry,271.20000000000005,99.0,False
Stephen Curry,-99.60000000000001,283.8,True
Stephen Curry,36.0,90.6,True
Stephen Curry,-152.4,261.0,False
Stephen Curry,-127.19999999999999,329.40000000000003,False
Stephen Curry,18.0,73.80000000000001,False
Stephen Curry,12.0,270.6,False
Stephen Curry,-21.6,353.4,False
Stephen Curry,9.6,76.2,True
Stephen Curry,-15.600000000000001,77.4,False
Stephen Curry,-114.0,345.0,False
Stephen Curry,34.8,205.79999999999998,False
Stephen Curry,-60.0,353.4,False
Stephen Curry,-105.60000000000002,345.0,True
Stephen Curry,-33.599999999999994,250.20000000000002,True
Stephen Curry,54.0,237.0,True
Stephen Curry,123.60000000000001,246.60000000000002,True
Stephen Curry,-224.4,276.6,False
Stephen Curry,-142.79999999999998,247.79999999999995,False
Stephen Curry,-279.6,73.80000000000001,False
Stephen Curry,-34.8,378.6,False
Stephen Curry,-156.0,198.6,False
Stephen Curry,-230.4,276.6,True
Stephen Curry,87.6,66.6,False
Stephen Curry,255.60000000000002,233.4,False
Stephen Curry,199.20000000000002,309.0,True
Stephen Curry,-105.60000000000002,359.4,False
Stephen Curry,-37.2,378.6,True
Stephen Curry,-150.0,340.20000000000005,False
Stephen Curry,193.20000000000002,319.79999999999995,True
Stephen Curry,-0.0,139.8,True
Stephen Curry,70.80000000000001,270.6,False
Stephen Curry,81.60000000000001,100.19999999999999,False
Stephen Curry,-7.2,76.2,True
Stephen Curry,147.60000000000002,274.20000000000005,False
Stephen Curry,-0.0,175.8,False
Stephen Curry,-92.39999999999999,283.8,True
Stephen Curry,-86.4,367.8,False
Stephen Curry,-21.6,85.80000000000001,False
Stephen Curry,206.39999999999998,286.20000000000005,True
Stephen Curry,-169.2,331.79999999999995,True
Stephen Curry,-190.8,156.6,True
Stephen Curry,-214.79999999999998,297.0,True
Stephen Curry,31.200000000000003,99.0,True
Stephen Curry,-1.2,189.0,True
Stephen Curry,-7.2,382.2,True
Stephen Curry,31.200000000000003,109.8,False
Stephen Curry,222.0,300.6,False
Stephen Curry,280.8,89.4,False
Stephen Curry,129.6,251.4,False
Stephen Curry,-231.6,267.0,True
Stephen Curry,136.8,352.20000000000005,True
Stephen Curry,-154.8,441.00000000000006,False
Stephen Curry,72.0,363.0,True
Stephen Curry,-8.399999999999999,81.0,True
Stephen Curry,57.6,153.0,False
Stephen Curry,27.599999999999998,87.0,False
Stephen Curry,-0.0,148.2,False
Stephen Curry,271.20000000000005,125.39999999999998,False
Stephen Curry,-14.4,87.0,True
Stephen Curry,34.8,90.6,False
Stephen Curry,-195.6,300.6,False
Stephen Curry,81.60000000000001,103.8,False
Stephen Curry,-110.39999999999999,93.0,False
Stephen Curry,152.4,333.0,False
Stephen Curry,-37.2,103.8,False
Stephen Curry,163.20000000000002,241.79999999999995,True
Stephen Curry,-220.79999999999998,201.0,True
Stephen Curry,-208.79999999999998,280.20000000000005,True
Stephen Curry,34.8,244.20000000000002,True
Stephen Curry,186.0,64.19999999999999,False
Stephen Curry,-61.19999999999999,109.8,True
Stephen Curry,80.4,217.79999999999998,True
Stephen Curry,6.0,81.0,False
Stephen Curry,21.6,77.4,False
Stephen Curry,-8.399999999999999,60.6,True
Stephen Curry,8.399999999999999,375.0,True
Stephen Curry,-0.0,367.8,True
Stephen Curry,-84.0,169.8,False
Stephen Curry,-152.4,246.60000000000002,True
Stephen Curry,2.4,87.0,False
Stephen Curry,-2.4,117.0,False
Stephen Curry,241.20000000000002,270.6,True
Stephen Curry,201.60000000000002,342.6,True
Stephen Curry,-0.0,87.0,False
Stephen Curry,189.6,303.0,False
Stephen Curry,284.4,119.4,True
Stephen Curry,22.8,381.0,False
Stephen Curry,-231.6,253.79999999999998,True
Stephen Curry,-15.600000000000001,77.4,True
Stephen Curry,34.8,381.0,True
Stephen Curry,282.0,115.8,True
Stephen Curry,93.6,372.59999999999997,True
Stephen Curry,110.39999999999999,300.6,False
Stephen Curry,45.6,382.2,False
Stephen Curry,-188.4,309.0,True
Stephen Curry,-70.80000000000001,349.79999999999995,False
Stephen Curry,-122.39999999999998,331.79999999999995,False
Stephen Curry,-57.6,352.20000000000005,False
Stephen Curry,-78.0,346.20000000000005,False
Stephen Curry,98.39999999999999,273.0,True
Stephen Curry,-74.4,363.0,False
Stephen Curry,87.6,306.6,True
Stephen Curry,18.0,63.0,True
Stephen Curry,183.60000000000002,304.2,False
Stephen Curry,-228.0,174.60000000000002,True
Stephen Curry,-20.400000000000002,73.80000000000001,False
Stephen Curry,284.4,76.2,True
Stephen Curry,-118.8,333.0,True
Stephen Curry,123.60000000000001,255.00000000000003,True
Stephen Curry,-15.600000000000001,388.2,False
Stephen Curry,68.4,270.6,True
Stephen Curry,-162.0,318.6,True
Stephen Curry,13.200000000000003,66.6,False
Stephen Curry,-165.6,241.79999999999995,False
Stephen Curry,70.80000000000001,205.79999999999998,True
Stephen Curry,-99.60000000000001,234.6,True
Stephen Curry,-123.60000000000001,267.0,False
Stephen Curry,-171.60000000000002,316.2,True
Stephen Curry,-208.79999999999998,217.79999999999998,False
Stephen Curry,15.600000000000001,67.80000000000001,True
Stephen Curry,-207.6,300.6,True
Stephen Curry,-8.399999999999999,87.0,False
Stephen Curry,-136.8,384.59999999999997,True
Stephen Curry,157.2,211.79999999999998,True
Stephen Curry,157.2,345.0,False
Stephen Curry,-7.2,304.2,True
Stephen Curry,-15.600000000000001,85.80000000000001,True
Stephen Curry,-44.400000000000006,376.2,True
Stephen Curry,-69.6,210.6,True
Stephen Curry,62.400000000000006,153.0,True
Stephen Curry,157.2,358.20000000000005,False
Stephen Curry,166.8,102.60000000000001,True
Stephen Curry,-175.2,87.0,True
Stephen Curry,-118.8,291.0,False
Stephen Curry,-132.0,244.20000000000002,False
Stephen Curry,49.199999999999996,96.60000000000001,True
Stephen Curry,-273.6,60.6,True
Stephen Curry,-171.60000000000002,335.4,False
Stephen Curry,-135.60000000000002,269.4,True
Stephen Curry,-27.599999999999998,191.4,False
Stephen Curry,222.0,289.8,False
Stephen Curry,51.599999999999994,376.2,False
Stephen Curry,127.19999999999999,214.20000000000005,True
Stephen Curry,4.8,310.2,True
Stephen Curry,72.0,99.0,False
Stephen Curry,241.20000000000002,261.0,False
Stephen Curry,274.79999999999995,99.0,False
Stephen Curry,170.39999999999998,201.0,True
Stephen Curry,201.60000000000002,208.20000000000005,True
Stephen Curry,-43.2,172.2,False
Stephen Curry,-80.4,355.8,False
Stephen Curry,156.0,220.20000000000005,True
Stephen Curry,-78.0,325.79999999999995,False
Stephen Curry,-67.19999999999999,115.8,True
Stephen Curry,214.79999999999998,263.4,False
Stephen Curry,146.4,335.4,True
Stephen Curry,-0.0,103.8,False
Stephen Curry,157.2,312.6,True
Stephen Curry,-171.60000000000002,300.6,True
Stephen Curry,2.4,238.20000000000002,True
Stephen Curry,-106.8,340.20000000000005,True
Stephen Curry,-37.2,76.2,True
Stephen Curry,-2.4,135.0,False
Stephen Curry,202.79999999999998,267.0,False
Stephen Curry,-7.2,361.8,True
Stephen Curry,-84.0,257.4,True
Stephen Curry,-70.80000000000001,241.79999999999995,False
Stephen Curry,-207.6,46.199999999999996,False
Stephen Curry,38.4,276.6,False
Stephen Curry,-34.8,79.8,False
Stephen Curry,-14.4,365.4,False
Stephen Curry,-15.600000000000001,67.80000000000001,True
Stephen Curry,62.400000000000006,352.20000000000005,False
Stephen Curry,-266.4,202.20000000000002,True
Stephen Curry,-106.8,348.6,False
Stephen Curry,48.0,359.4,True
Stephen Curry,-109.2,367.8,True
Stephen Curry,-175.2,211.79999999999998,True
Stephen Curry,-198.0,300.6,True
Stephen Curry,32.4,99.0,True
Stephen Curry,-1.2,112.2,False
Stephen Curry,274.79999999999995,102.60000000000001,True
Stephen Curry,114.0,161.39999999999998,True
Stephen Curry,-14.4,85.80000000000001,True
Stephen Curry,76.8,353.4,True
Stephen Curry,147.60000000000002,234.6,False
Stephen Curry,219.6,291.0,True
Stephen Curry,80.4,197.39999999999998,True
Stephen Curry,-158.39999999999998,342.6,False
Stephen Curry,160.8,329.40000000000003,False
Stephen Curry,178.8,313.8,True
Stephen Curry,-145.2,257.4,False
Stephen Curry,205.20000000000002,306.6,False
Stephen Curry,-205.20000000000002,106.19999999999999,False
Stephen Curry,-112.8,247.79999999999995,False
Stephen Curry,165.6,255.00000000000003,False
Stephen Curry,-18.0,87.0,True
Stephen Curry,146.4,255.00000000000003,True
Stephen Curry,178.8,329.40000000000003,False
Stephen Curry,57.6,191.4,False
Stephen Curry,-142.79999999999998,251.4,False
Stephen Curry,225.6,153.0,False
Stephen Curry,127.19999999999999,201.0,True
Stephen Curry,244.79999999999995,276.6,False
Stephen Curry,235.2,299.4,True
Stephen Curry,120.0,233.4,False
Stephen Curry,4.8,185.4,True
Stephen Curry,147.60000000000002,250.20000000000002,False
Stephen Curry,-92.39999999999999,241.79999999999995,True
Stephen Curry,13.200000000000003,70.2,True
Stephen Curry,13.200000000000003,79.8,False
Stephen Curry,-273.6,112.2,True
Stephen Curry,12.0,297.0,True
Stephen Curry,-114.0,225.0,False
Stephen Curry,-106.8,355.8,False
Stephen Curry,2.4,85.80000000000001,True
Stephen Curry,4.8,76.2,False
Stephen Curry,49.199999999999996,145.79999999999998,False
Stephen Curry,36.0,371.4,False
Stephen Curry,18.0,87.0,False
Stephen Curry,-80.4,378.6,True
Stephen Curry,-112.8,255.00000000000003,False
Stephen Curry,193.20000000000002,331.79999999999995,True
Stephen Curry,18.0,79.8,True
Stephen Curry,193.20000000000002,310.2,True
Stephen Curry,-7.2,76.2,True
Stephen Curry,-114.0,358.20000000000005,False
Stephen Curry,76.8,142.2,True
Stephen Curry,-156.0,348.6,True
Stephen Curry,165.6,211.79999999999998,True
Stephen Curry,121.2,117.0,False
Stephen Curry,-148.8,273.0,True
Stephen Curry,-0.0,70.2,True
Stephen Curry,-4.8,126.60000000000001,False
Stephen Curry,189.6,309.0,False
Stephen Curry,136.8,352.20000000000005,True
Stephen Curry,-12.0,81.0,False
Stephen Curry,-159.6,365.4,True
Stephen Curry,34.8,372.59999999999997,True
Stephen Curry,-145.2,333.0,True
Stephen Curry,22.8,89.4,True
Stephen Curry,-57.6,381.0,False
Stephen Curry,-135.60000000000002,81.0,True
Stephen Curry,-20.400000000000002,71.39999999999999,False
Stephen Curry,232.8,339.0,False
Stephen Curry,-198.0,201.0,False
Stephen Curry,172.8,385.8,True
Stephen Curry,27.599999999999998,85.80000000000001,True
Stephen Curry,-0.0,67.80000000000001,True
Stephen Curry,278.4,155.4,False
Stephen Curry,108.0,246.60000000000002,True
Stephen Curry,-7.2,57.0,False
Stephen Curry,136.8,67.80000000000001,False
Stephen Curry,-139.2,348.6,True
Stephen Curry,8.399999999999999,168.60000000000002,True
Stephen Curry,219.6,291.0,False
Stephen Curry,-118.8,391.8,False
Stephen Curry,140.4,355.8,False
Stephen Curry,129.6,233.4,True
Stephen Curry,284.4,71.39999999999999,True
Stephen Curry,-116.4,358.20000000000005,False
Stephen Curry,-46.8,369.0,True
Stephen Curry,9.6,77.4,False
Stephen Curry,-50.400000000000006,365.4,False
Stephen Curry,159.6,227.4,True
Stephen Curry,273.6,79.8,True
Stephen Curry,-80.4,282.6,True
Stephen Curry,-8.399999999999999,71.39999999999999,True
Stephen Curry,19.2,381.0,False
Stephen Curry,34.8,89.4,False
Stephen Curry,-270.0,214.20000000000005,False
Stephen Curry,152.4,240.6,True
Stephen Curry,-100.80000000000001,297.0,False
Stephen Curry,202.79999999999998,312.6,False
Stephen Curry,121.2,227.4,True
Stephen Curry,273.6,117.0,False
Stephen Curry,120.0,297.0,False
Stephen Curry,-92.39999999999999,384.59999999999997,False
Stephen Curry,-24.0,77.4,True
Stephen Curry,64.8,371.4,True
Stephen Curry,18.0,71.39999999999999,True
Stephen Curry,-141.60000000000002,352.20000000000005,False
Stephen Curry,-122.39999999999998,107.39999999999999,False
Stephen Curry,84.0,352.20000000000005,False
Stephen Curry,-8.399999999999999,77.4,True
Stephen Curry,-25.200000000000003,87.0,True
Stephen Curry,9.6,83.4,True
Stephen Curry,12.0,77.4,True
Stephen Curry,-129.6,348.6,True
Stephen Curry,8.399999999999999,87.0,False
Stephen Curry,140.4,280.20000000000005,False
Stephen Curry,8.399999999999999,85.80000000000001,False
Stephen Curry,-188.4,310.2,False
Stephen Curry,-199.20000000000002,318.6,False
Stephen Curry,19.2,81.0,True
Stephen Curry,-182.4,126.60000000000001,True
Stephen Curry,-159.6,340.20000000000005,False
Stephen Curry,-100.80000000000001,126.60000000000001,True
Stephen Curry,9.6,59.4,False
Stephen Curry,-228.0,263.4,True
Stephen Curry,22.8,53.4,True
Stephen Curry,-178.8,289.8,False
Stephen Curry,-27.599999999999998,297.0,False
Stephen Curry,-73.2,348.6,False
Stephen Curry,-7.2,107.39999999999999,True
Stephen Curry,78.0,345.0,True
Stephen Curry,178.8,67.80000000000001,True
Stephen Curry,-244.79999999999995,221.4,False
Stephen Curry,-34.8,335.4,False
Stephen Curry,274.79999999999995,71.39999999999999,True
Stephen Curry,-18.0,358.20000000000005,True
Stephen Curry,-24.0,162.6,True
Stephen Curry,-31.200000000000003,349.79999999999995,False
Stephen Curry,-70.80000000000001,352.20000000000005,True
Stephen Curry,-258.0,214.20000000000005,True
Stephen Curry,-290.4,107.39999999999999,False
Stephen Curry,40.800000000000004,381.0,False
Stephen Curry,-181.2,331.79999999999995,False
Stephen Curry,72.0,382.2,True
Stephen Curry,19.2,73.80000000000001,False
Stephen Curry,-126.0,349.79999999999995,False
Stephen Curry,186.0,299.4,False
Stephen Curry,51.599999999999994,359.4,True
Stephen Curry,-73.2,363.0,False
Stephen Curry,-33.599999999999994,376.2,True
Stephen Curry,-27.599999999999998,221.4,False
Stephen Curry,-12.0,187.8,True
Stephen Curry,104.39999999999999,282.6,False
Stephen Curry,61.19999999999999,382.2,False
Stephen Curry,-146.4,335.4,False
Stephen Curry,-154.8,274.20000000000005,True
Stephen Curry,-57.6,352.20000000000005,True
Stephen Curry,-18.0,89.4,True
Stephen Curry,-212.39999999999998,289.8,False
Stephen Curry,103.19999999999999,318.6,True
Stephen Curry,222.0,99.0,False
Stephen Curry,-279.6,71.39999999999999,False
Stephen Curry,-21.6,263.4,False
Stephen Curry,180.0,313.8,False
Stephen Curry,218.4,306.6,False
Stephen Curry,-74.4,389.40000000000003,True
Stephen Curry,-2.4,79.8,False
Stephen Curry,277.20000000000005,67.80000000000001,True
Stephen Curry,-283.20000000000005,162.6,False
Stephen Curry,-28.8,401.40000000000003,True
Stephen Curry,-244.79999999999995,247.79999999999995,False
Stephen Curry,-10.8,79.8,False
Stephen Curry,31.200000000000003,96.60000000000001,False
Stephen Curry,152.4,246.60000000000002,True
Stephen Curry,13.200000000000003,71.39999999999999,True
Stephen Curry,-31.200000000000003,178.2,False
Stephen Curry,-2.4,83.4,True
Stephen Curry,-198.0,359.4,False
Stephen Curry,134.39999999999998,303.0,True
Stephen Curry,-129.6,331.79999999999995,False
Stephen Curry,-76.8,115.8,True
Stephen Curry,-57.6,282.6,False
Stephen Curry,27.599999999999998,66.6,True
Stephen Curry,127.19999999999999,273.0,True
Stephen Curry,27.599999999999998,77.4,False
Stephen Curry,-15.600000000000001,369.0,False
Stephen Curry,-1.2,96.60000000000001,True
Stephen Curry,49.199999999999996,353.4,False
Stephen Curry,49.199999999999996,132.60000000000002,True
Stephen Curry,126.0,346.20000000000005,False
Stephen Curry,189.6,71.39999999999999,False
Stephen Curry,6.0,100.19999999999999,True
Stephen Curry,-141.60000000000002,246.60000000000002,False
Stephen Curry,-33.599999999999994,313.8,False
Stephen Curry,64.8,361.8,False
Stephen Curry,27.599999999999998,81.0,True
Stephen Curry,163.20000000000002,319.79999999999995,False
Stephen Curry,-120.0,605.4000000000001,False
Stephen Curry,-14.4,246.60000000000002,False
Stephen Curry,268.79999999999995,113.4,True
Stephen Curry,80.4,381.0,True
Stephen Curry,18.0,67.80000000000001,True
Stephen Curry,295.20000000000005,46.199999999999996,False
Stephen Curry,38.4,287.4,False
Stephen Curry,15.600000000000001,60.6,False
Stephen Curry,-132.0,335.4,False
Stephen Curry,22.8,63.0,True
Stephen Curry,18.0,60.6,False
Stephen Curry,-273.6,60.6,False
Stephen Curry,300.0,96.60000000000001,True
Stephen Curry,-106.8,358.20000000000005,False
Stephen Curry,216.0,60.6,True
Stephen Curry,-60.0,522.6,False
Stephen Curry,291.59999999999997,109.8,False
Stephen Curry,153.6,346.20000000000005,False
Stephen Curry,160.8,327.0,True
Stephen Curry,-260.4,227.4,False
Stephen Curry,-123.60000000000001,107.39999999999999,True
Stephen Curry,-159.6,187.8,False
Stephen Curry,-247.20000000000002,238.20000000000002,False
Stephen Curry,18.0,76.2,False
Stephen Curry,160.8,363.0,False
Stephen Curry,55.199999999999996,67.80000000000001,False
Stephen Curry,180.0,327.0,True
Stephen Curry,4.8,57.0,True
Stephen Curry,-78.0,310.2,False
Stephen Curry,-152.4,355.8,False
Stephen Curry,-4.8,67.80000000000001,True
Stephen Curry,-195.6,238.20000000000002,False
Stephen Curry,93.6,227.4,False
Stephen Curry,-18.0,83.4,False
Stephen Curry,-253.20000000000002,233.4,False
Stephen Curry,-50.400000000000006,79.8,False
Stephen Curry,12.0,63.0,True
Stephen Curry,-205.20000000000002,77.4,False
Stephen Curry,74.4,96.60000000000001,True
Stephen Curry,-40.800000000000004,384.59999999999997,False
Stephen Curry,45.6,94.2,True
Stephen Curry,-27.599999999999998,388.2,False
Stephen Curry,-10.8,63.0,True
Stephen Curry,-33.599999999999994,359.4,False
Stephen Curry,-146.4,325.79999999999995,True
Stephen Curry,12.0,63.0,True
Stephen Curry,-230.4,184.2,True
Stephen Curry,87.6,64.19999999999999,False
Stephen Curry,106.8,365.4,False
Stephen Curry,-280.8,70.2,False
Stephen Curry,-0.0,126.60000000000001,True
Stephen Curry,-82.8,273.0,False
Stephen Curry,-261.6,214.20000000000005,False
Stephen Curry,-248.4,240.6,False
Stephen Curry,-150.0,172.2,True
Stephen Curry,248.4,215.39999999999998,True
Stephen Curry,157.2,316.2,False
Stephen Curry,-40.800000000000004,289.8,True
Stephen Curry,-7.2,66.6,True
Stephen Curry,-33.599999999999994,412.2,False
Stephen Curry,-64.8,412.2,False
Stephen Curry,278.4,109.8,False
Stephen Curry,-112.8,73.80000000000001,False
Stephen Curry,-283.20000000000005,125.39999999999998,True
Stephen Curry,-260.4,234.6,False
Stephen Curry,202.79999999999998,264.6,False
Stephen Curry,-244.79999999999995,253.79999999999998,True
Stephen Curry,-231.6,259.79999999999995,True
Stephen Curry,-133.2,238.20000000000002,True
Stephen Curry,-141.60000000000002,250.20000000000002,True
Stephen Curry,-8.399999999999999,81.0,False
Stephen Curry,186.0,293.4,True
Stephen Curry,-2.4,77.4,True
Stephen Curry,-184.79999999999998,309.0,False
Stephen Curry,241.20000000000002,225.0,True
Stephen Curry,-217.20000000000005,282.6,True
Stephen Curry,-159.6,316.2,True
Stephen Curry,238.8,70.2,False
Stephen Curry,78.0,358.20000000000005,False
Stephen Curry,-235.2,165.0,False
Stephen Curry,-82.8,195.0,True
Stephen Curry,178.8,761.4000000000001,False
Stephen Curry,195.6,309.0,True
Stephen Curry,-141.60000000000002,270.6,True
Stephen Curry,178.8,129.0,True
Stephen Curry,-154.8,316.2,False
Stephen Curry,-8.399999999999999,358.20000000000005,False
Stephen Curry,228.0,214.20000000000005,True
Stephen Curry,-0.0,87.0,False
Stephen Curry,-4.8,73.80000000000001,False
Stephen Curry,-194.4,304.2,False
Stephen Curry,19.2,159.0,False
Stephen Curry,4.8,161.39999999999998,False
Stephen Curry,15.600000000000001,372.59999999999997,False
Stephen Curry,-100.80000000000001,352.20000000000005,False
Stephen Curry,172.8,322.2,False
Stephen Curry,-0.0,66.6,True
Stephen Curry,-2.4,336.6,False
Stephen Curry,-123.60000000000001,352.20000000000005,False
Stephen Curry,-109.2,346.20000000000005,True
Stephen Curry,-27.599999999999998,376.2,True
Stephen Curry,140.4,270.6,True
Stephen Curry,170.39999999999998,81.0,True
Stephen Curry,-100.80000000000001,257.4,False
Stephen Curry,172.8,348.6,True
Stephen Curry,255.60000000000002,50.99999999999999,False
Stephen Curry,133.2,83.4,False
Stephen Curry,-145.2,287.4,True
Stephen Curry,160.8,316.2,True
Stephen Curry,-211.20000000000005,280.20000000000005,True
Stephen Curry,18.0,113.4,False
Stephen Curry,-8.399999999999999,90.6,False
Stephen Curry,13.200000000000003,83.4,False
Stephen Curry,-273.6,66.6,False
Stephen Curry,68.4,126.60000000000001,False
Stephen Curry,13.200000000000003,155.4,False
Stephen Curry,-43.2,375.0,False
Stephen Curry,-24.0,81.0,True
Stephen Curry,-92.39999999999999,300.6,True
Stephen Curry,-54.0,142.2,False
Stephen Curry,9.6,83.4,False
Stephen Curry,248.4,263.4,False
Stephen Curry,-25.200000000000003,359.4,False
Stephen Curry,116.4,348.6,False
Stephen Curry,-158.39999999999998,205.79999999999998,True
Stephen Curry,229.2,327.0,True
Stephen Curry,110.39999999999999,227.4,True
Stephen Curry,150.0,211.79999999999998,False
Stephen Curry,2.4,76.2,True
Stephen Curry,61.19999999999999,365.4,True
Stephen Curry,-21.6,71.39999999999999,True
Stephen Curry,120.0,261.0,False
Stephen Curry,-0.0,85.80000000000001,False
Stephen Curry,12.0,359.4,False
Stephen Curry,-217.20000000000005,107.39999999999999,False
Stephen Curry,139.2,129.0,False
Stephen Curry,9.6,85.80000000000001,True
Stephen Curry,100.80000000000001,361.8,False
Stephen Curry,-122.39999999999998,90.6,False
Stephen Curry,19.2,375.0,True
Stephen Curry,25.200000000000003,384.59999999999997,False
Stephen Curry,-100.80000000000001,274.20000000000005,False
Stephen Curry,87.6,378.6,False
Stephen Curry,-67.19999999999999,250.20000000000002,False
Stephen Curry,-10.8,293.4,False
Stephen Curry,13.200000000000003,73.80000000000001,False
Stephen Curry,219.6,204.60000000000002,True
Stephen Curry,-34.8,132.60000000000002,True
Stephen Curry,8.399999999999999,76.2,False
Stephen Curry,-64.8,99.0,False
Stephen Curry,163.20000000000002,247.79999999999995,False
Stephen Curry,-270.0,208.20000000000005,False
Stephen Curry,-54.0,276.6,False
Stephen Curry,165.6,76.2,False
Stephen Curry,-8.399999999999999,102.60000000000001,False
Stephen Curry,-260.4,221.4,True
Stephen Curry,-258.0,223.79999999999998,True
Stephen Curry,18.0,70.2,True
Stephen Curry,288.0,81.0,True
Stephen Curry,-154.8,349.79999999999995,True
Stephen Curry,-176.39999999999998,244.20000000000002,False
Stephen Curry,214.79999999999998,280.20000000000005,False
Stephen Curry,-127.19999999999999,244.20000000000002,True
Stephen Curry,216.0,214.20000000000005,False
Stephen Curry,-260.4,526.2,False
Stephen Curry,156.0,238.20000000000002,False
Stephen Curry,22.8,143.4,False
Stephen Curry,286.8,94.2,False
Stephen Curry,-139.2,333.0,False
Stephen Curry,-194.4,327.0,False
Stephen Curry,165.6,346.20000000000005,True
Stephen Curry,-76.8,365.4,True
Stephen Curry,-0.0,112.2,False
Stephen Curry,235.2,372.59999999999997,False
Stephen Curry,121.2,363.0,True
Stephen Curry,2.4,165.0,False
Stephen Curry,15.600000000000001,99.0,False
Stephen Curry,93.6,411.0,False
Stephen Curry,12.0,264.6,True
Stephen Curry,-15.600000000000001,77.4,True
Stephen Curry,85.19999999999999,367.8,False
Stephen Curry,-97.2,371.4,True
Stephen Curry,127.19999999999999,355.8,False
Stephen Curry,120.0,355.8,True
Stephen Curry,2.4,184.2,True
Stephen Curry,196.79999999999998,303.0,False
Stephen Curry,54.0,382.2,True
Stephen Curry,-27.599999999999998,375.0,False
Stephen Curry,205.20000000000002,228.6,True
Stephen Curry,278.4,109.8,False
Stephen Curry,-176.39999999999998,197.39999999999998,False
Stephen Curry,189.6,333.0,False
Stephen Curry,160.8,345.0,False
Stephen Curry,-38.4,375.0,True
Stephen Curry,-43.2,172.2,False
Stephen Curry,-93.6,255.00000000000003,False
Stephen Curry,-194.4,175.8,False
Stephen Curry,-74.4,282.6,True
Stephen Curry,134.39999999999998,217.79999999999998,True
Stephen Curry,38.4,384.59999999999997,False
Stephen Curry,-150.0,361.8,True
Stephen Curry,-141.60000000000002,274.20000000000005,False
Stephen Curry,-8.399999999999999,107.39999999999999,False
Stephen Curry,-64.8,361.8,False
Stephen Curry,-148.8,331.79999999999995,True
Stephen Curry,172.8,197.39999999999998,True
Stephen Curry,-109.2,269.4,True
Stephen Curry,-18.0,83.4,True
Stephen Curry,2.4,179.4,False
Stephen Curry,-178.8,339.0,False
Stephen Curry,219.6,71.39999999999999,True
Stephen Curry,6.0,76.2,True
Stephen Curry,-194.4,325.79999999999995,False
Stephen Curry,192.0,319.79999999999995,False
Stephen Curry,-218.4,306.6,True
Stephen Curry,22.8,73.80000000000001,True
Stephen Curry,130.8,270.6,True
Stephen Curry,-207.6,304.2,False
Stephen Curry,-96.0,250.20000000000002,True
Stephen Curry,18.0,79.8,True
Stephen Curry,-44.400000000000006,329.40000000000003,True
Stephen Curry,97.2,253.79999999999998,False
Stephen Curry,-136.8,327.0,True
Stephen Curry,286.8,178.2,True
Stephen Curry,123.60000000000001,342.6,False
Stephen Curry,-208.79999999999998,136.2,False
Stephen Curry,-64.8,79.8,False
Stephen Curry,267.6,198.6,True
Stephen Curry,183.60000000000002,96.60000000000001,True
Stephen Curry,-0.0,365.4,False
Stephen Curry,-253.20000000000002,240.6,True
Stephen Curry,-15.600000000000001,60.6,True
Stephen Curry,-214.79999999999998,255.00000000000003,False
Stephen Curry,-176.39999999999998,161.39999999999998,False
Stephen Curry,40.800000000000004,73.80000000000001,False
Stephen Curry,186.0,149.4,False
Stephen Curry,-0.0,70.2,True
Stephen Curry,15.600000000000001,384.59999999999997,False
Stephen Curry,-20.400000000000002,70.2,True
Stephen Curry,-218.4,312.6,False
Stephen Curry,-96.0,367.8,True
Stephen Curry,-109.2,367.8,False
Stephen Curry,54.0,274.20000000000005,True
Stephen Curry,-2.4,93.0,False
Stephen Curry,27.599999999999998,333.0,False
Stephen Curry,44.400000000000006,325.79999999999995,True
Stephen Curry,136.8,220.20000000000005,False
Stephen Curry,282.0,107.39999999999999,False
Stephen Curry,169.2,162.6,True
Stephen Curry,-142.79999999999998,244.20000000000002,True
Stephen Curry,18.0,89.4,False
Stephen Curry,18.0,355.8,True
Stephen Curry,-224.4,282.6,False
Stephen Curry,81.60000000000001,205.79999999999998,True
Stephen Curry,85.19999999999999,371.4,True
Stephen Curry,-283.20000000000005,94.2,True
Stephen Curry,-105.60000000000002,179.4,False
Stephen Curry,-142.79999999999998,342.6,False
Stephen Curry,-127.19999999999999,119.4,True
Stephen Curry,282.0,130.2,False
Stephen Curry,91.2,283.8,False
Stephen Curry,-154.8,325.79999999999995,False
Stephen Curry,-1.2,70.2,False
Stephen Curry,-54.0,363.0,True
Stephen Curry,70.80000000000001,365.4,True
Stephen Curry,-69.6,367.8,False
Stephen Curry,4.8,339.0,True
Stephen Curry,2.4,85.80000000000001,True
Stephen Curry,-279.6,109.8,True
Stephen Curry,2.4,162.6,True
Stephen Curry,-96.0,270.6,True
Stephen Curry,48.0,310.2,False
Stephen Curry,4.8,240.6,False
Stephen Curry,-4.8,283.8,False
Stephen Curry,-211.20000000000005,493.79999999999995,False
Stephen Curry,199.20000000000002,280.20000000000005,False
Stephen Curry,100.80000000000001,384.59999999999997,True
Stephen Curry,12.0,73.80000000000001,True
Stephen Curry,-279.6,102.60000000000001,False
Stephen Curry,-21.6,63.0,False
Stephen Curry,-2.4,397.79999999999995,False
Stephen Curry,261.6,228.6,True
Stephen Curry,-15.600000000000001,67.80000000000001,True
Stephen Curry,206.39999999999998,185.4,True
Stephen Curry,-84.0,358.20000000000005,False
Stephen Curry,22.8,71.39999999999999,True
Stephen Curry,170.39999999999998,349.79999999999995,False
Stephen Curry,45.6,81.0,True
Stephen Curry,-129.6,335.4,True
Stephen Curry,8.399999999999999,367.8,True
Stephen Curry,19.2,71.39999999999999,False
Stephen Curry,-14.4,71.39999999999999,True
Stephen Curry,150.0,184.2,False
Stephen Curry,-73.2,358.20000000000005,False
Stephen Curry,278.4,73.80000000000001,True
Stephen Curry,111.6,340.20000000000005,False
Stephen Curry,-44.400000000000006,310.2,True
Stephen Curry,-28.8,64.19999999999999,True
Stephen Curry,-188.4,227.4,False
Stephen Curry,84.0,251.4,False
Stephen Curry,-18.0,117.0,False
Stephen Curry,-126.0,345.0,False
Stephen Curry,-163.20000000000002,197.39999999999998,True
Stephen Curry,139.2,198.6,False
Stephen Curry,-279.6,166.2,False
Stephen Curry,48.0,359.4,False
Stephen Curry,-15.600000000000001,66.6,True
Stephen Curry,-78.0,156.6,True
Stephen Curry,-25.200000000000003,363.0,False
Stephen Curry,-10.8,282.6,True
Stephen Curry,42.0,310.2,False
Stephen Curry,-10.8,210.6,True
Stephen Curry,-10.8,83.4,True
Stephen Curry,114.0,349.79999999999995,False
Stephen Curry,-190.8,313.8,True
Stephen Curry,-199.20000000000002,300.6,True
Stephen Curry,-152.4,340.20000000000005,False
Stephen Curry,-24.0,66.6,False
Stephen Curry,-78.0,198.6,False
Stephen Curry,153.6,336.6,False
Stephen Curry,183.60000000000002,174.60000000000002,False
Stephen Curry,-199.20000000000002,287.4,False
Stephen Curry,-78.0,349.79999999999995,False
Stephen Curry,-1.2,117.0,False
Stephen Curry,163.20000000000002,217.79999999999998,True
Stephen Curry,-80.4,70.2,True
Stephen Curry,48.0,359.4,False
Stephen Curry,-2.4,90.6,True
Stephen Curry,-135.60000000000002,251.4,True
Stephen Curry,-276.0,66.6,False
Stephen Curry,85.19999999999999,107.39999999999999,False
Stephen Curry,-7.2,73.80000000000001,False
Stephen Curry,-230.4,238.20000000000002,True
Stephen Curry,-176.39999999999998,50.99999999999999,False
Stephen Curry,-150.0,237.0,False
Stephen Curry,-258.0,233.4,False
Stephen Curry,202.79999999999998,310.2,True
Stephen Curry,150.0,329.40000000000003,True
Stephen Curry,-14.4,106.19999999999999,True
Stephen Curry,-186.0,316.2,False
Stephen Curry,-0.0,138.60000000000002,True
Stephen Curry,-205.20000000000002,316.2,False
Stephen Curry,280.8,138.60000000000002,True
Stephen Curry,123.60000000000001,85.80000000000001,True
Stephen Curry,72.0,270.6,False
Stephen Curry,25.200000000000003,112.2,False
Stephen Curry,-78.0,381.0,False
Stephen Curry,139.2,225.0,False
Stephen Curry,133.2,165.0,True
Stephen Curry,202.79999999999998,300.6,False
Stephen Curry,68.4,247.79999999999995,True
Stephen Curry,94.8,138.60000000000002,False
Stephen Curry,-142.79999999999998,240.6,True
Stephen Curry,-4.8,106.19999999999999,True
Stephen Curry,116.4,135.0,True
Stephen Curry,-27.599999999999998,358.20000000000005,False
Stephen Curry,-61.19999999999999,306.6,True
Stephen Curry,-24.0,293.4,False
Stephen Curry,116.4,139.8,True
Stephen Curry,-176.39999999999998,267.0,False
Stephen Curry,-118.8,225.0,True
Stephen Curry,25.200000000000003,365.4,True
Stephen Curry,81.60000000000001,361.8,True
Stephen Curry,-2.4,238.20000000000002,False
Stephen Curry,-158.39999999999998,220.20000000000005,True
Stephen Curry,165.6,316.2,False
Stephen Curry,-50.400000000000006,79.8,True
Stephen Curry,61.19999999999999,352.20000000000005,True
Stephen Curry,97.2,359.4,False
Stephen Curry,-8.399999999999999,156.6,False
Stephen Curry,193.20000000000002,277.79999999999995,True
Stephen Curry,-80.4,261.0,True
Stephen Curry,-70.80000000000001,352.20000000000005,True
Stephen Curry,186.0,237.0,False
Stephen Curry,-33.599999999999994,81.0,False
Stephen Curry,80.4,102.60000000000001,False
Stephen Curry,-222.0,269.4,False
Stephen Curry,-76.8,361.8,False
Stephen Curry,-25.200000000000003,94.2,True
Stephen Curry,147.60000000000002,156.6,True
Stephen Curry,-267.6,63.0,False
Stephen Curry,64.8,283.8,True
Stephen Curry,-1.2,349.79999999999995,False
Stephen Curry,-15.600000000000001,59.4,True
Stephen Curry,-80.4,113.4,False
Stephen Curry,-14.4,361.8,True
Stephen Curry,-254.39999999999998,79.8,True
Stephen Curry,-188.4,112.2,True
Stephen Curry,-34.8,221.4,True
Stephen Curry,-178.8,303.0,False
Stephen Curry,-235.2,142.2,True
Stephen Curry,-74.4,251.4,False
Stephen Curry,-34.8,136.2,False
Stephen Curry,-230.4,246.60000000000002,False
Stephen Curry,-163.20000000000002,309.0,True
Stephen Curry,-1.2,286.20000000000005,False
Stephen Curry,22.8,89.4,False
Stephen Curry,13.200000000000003,113.4,False
Stephen Curry,103.19999999999999,358.20000000000005,True
Stephen Curry,6.0,352.20000000000005,True
Stephen Curry,108.0,165.0,True
Stephen Curry,157.2,263.4,True
Stephen Curry,-1.2,64.19999999999999,True
Stephen Curry,-228.0,238.20000000000002,True
Stephen Curry,212.39999999999998,259.79999999999995,False
Stephen Curry,-56.4,100.19999999999999,False
Stephen Curry,-127.19999999999999,325.79999999999995,True
Stephen Curry,252.0,251.4,False
Stephen Curry,-136.8,291.0,False
Stephen Curry,214.79999999999998,264.6,True
Stephen Curry,-8.399999999999999,155.4,False
Stephen Curry,-0.0,64.19999999999999,False
Stephen Curry,-31.200000000000003,363.0,True
Stephen Curry,31.200000000000003,355.8,True
Stephen Curry,267.6,66.6,False
Stephen Curry,-44.400000000000006,73.80000000000001,False
Stephen Curry,-0.0,325.79999999999995,False
Stephen Curry,62.400000000000006,257.4,True
Stephen Curry,273.6,70.2,False
Stephen Curry,-43.2,352.20000000000005,True
Stephen Curry,22.8,79.8,False
Stephen Curry,-25.200000000000003,300.6,False
Stephen Curry,-78.0,299.4,True
Stephen Curry,-18.0,369.0,False
Stephen Curry,-92.39999999999999,353.4,True
Stephen Curry,210.0,178.2,False
Stephen Curry,180.0,166.2,False
Stephen Curry,6.0,109.8,True
Stephen Curry,120.0,257.4,False
Stephen Curry,-8.399999999999999,299.4,False
Stephen Curry,28.8,85.80000000000001,False
Stephen Curry,-73.2,103.8,False
Stephen Curry,-122.39999999999998,126.60000000000001,False
Stephen Curry,-123.60000000000001,109.8,True
Stephen Curry,271.20000000000005,79.8,True
Stephen Curry,-184.79999999999998,83.4,True
Stephen Curry,-21.6,81.0,True
Stephen Curry,268.79999999999995,96.60000000000001,False
Stephen Curry,90.0,339.0,False
Stephen Curry,-159.6,132.60000000000002,False
Stephen Curry,13.200000000000003,133.8,False
Stephen Curry,-273.6,138.60000000000002,False
Stephen Curry,-136.8,253.79999999999998,False
Stephen Curry,-4.8,214.20000000000005,True
Stephen Curry,-8.399999999999999,376.2,False
Stephen Curry,-218.4,85.80000000000001,False
Stephen Curry,147.60000000000002,77.4,True
Stephen Curry,-154.8,335.4,False
Stephen Curry,140.4,241.79999999999995,True
Stephen Curry,-181.2,333.0,True
Stephen Curry,133.2,336.6,True
Stephen Curry,-10.8,107.39999999999999,False
Stephen Curry,8.399999999999999,76.2,True
Stephen Curry,274.79999999999995,71.39999999999999,False
Stephen Curry,206.39999999999998,306.6,False
Stephen Curry,188.4,238.20000000000002,True
Stephen Curry,136.8,233.4,False
Stephen Curry,133.2,208.20000000000005,True
Stephen Curry,-7.2,155.4,False
Stephen Curry,-258.0,223.79999999999998,False
Stephen Curry,225.6,345.0,False
Stephen Curry,-87.6,352.20000000000005,True
Stephen Curry,-100.80000000000001,319.79999999999995,True
Stephen Curry,244.79999999999995,94.2,False
Stephen Curry,-28.8,67.80000000000001,False
Stephen Curry,152.4,261.0,True
Stephen Curry,159.6,322.2,False
Stephen Curry,246.0,215.39999999999998,True
Stephen Curry,-0.0,355.8,False
Stephen Curry,-21.6,361.8,True
Stephen Curry,-211.20000000000005,270.6,True
Stephen Curry,-96.0,250.20000000000002,True
Stephen Curry,134.39999999999998,323.40000000000003,False
Stephen Curry,70.80000000000001,329.40000000000003,False
Stephen Curry,27.599999999999998,96.60000000000001,False
Stephen Curry,-20.400000000000002,70.2,False
Stephen Curry,4.8,96.60000000000001,True
Stephen Curry,165.6,385.8,False
Stephen Curry,-277.20000000000005,93.0,False
Stephen Curry,-7.2,210.6,True
Stephen Curry,-118.8,259.79999999999995,False
Stephen Curry,-69.6,112.2,False
Stephen Curry,64.8,325.79999999999995,True
Stephen Curry,-21.6,151.8,False
Stephen Curry,2.4,273.0,False
Stephen Curry,-277.20000000000005,87.0,False
Stephen Curry,-172.8,220.20000000000005,False
Stephen Curry,55.199999999999996,359.4,False
Stephen Curry,-14.4,102.60000000000001,False
Stephen Curry,-7.2,261.0,False
Stephen Curry,-159.6,233.4,True
Stephen Curry,-172.8,214.20000000000005,False
Stephen Curry,-14.4,89.4,True
Stephen Curry,-234.0,287.4,False
Stephen Curry,-27.599999999999998,112.2,True
Stephen Curry,231.6,71.39999999999999,True
Stephen Curry,100.80000000000001,299.4,False
Stephen Curry,-222.0,276.6,False
Stephen Curry,76.8,310.2,False
Stephen Curry,97.2,385.8,False
Stephen Curry,44.400000000000006,316.2,False
Stephen Curry,2.4,394.2,False
Stephen Curry,235.2,277.79999999999995,True
Stephen Curry,152.4,352.20000000000005,False
Stephen Curry,-28.8,153.0,True
Stephen Curry,15.600000000000001,73.80000000000001,True
Stephen Curry,-31.200000000000003,96.60000000000001,True
Stephen Curry,146.4,247.79999999999995,False
Stephen Curry,-148.8,250.20000000000002,False
Stephen Curry,152.4,270.6,False
Stephen Curry,-126.0,255.00000000000003,False
Stephen Curry,-28.8,384.59999999999997,True
Stephen Curry,-97.2,282.6,True
Stephen Curry,9.6,259.79999999999995,False
Stephen Curry,-96.0,246.60000000000002,False
Stephen Curry,22.8,85.80000000000001,False
Stephen Curry,-78.0,346.20000000000005,True
Stephen Curry,216.0,309.0,True
Stephen Curry,-250.79999999999995,257.4,True
Stephen Curry,21.6,70.2,True
Stephen Curry,2.4,99.0,True
Stephen Curry,19.2,382.2,False
Stephen Curry,146.4,273.0,True
Stephen Curry,70.80000000000001,166.2,True
Stephen Curry,277.20000000000005,126.60000000000001,True
Stephen Curry,2.4,175.8,False
Stephen Curry,278.4,94.2,False
Stephen Curry,201.60000000000002,77.4,True
Stephen Curry,22.8,89.4,False
Stephen Curry,104.39999999999999,153.0,False
Stephen Curry,166.8,247.79999999999995,True
Stephen Curry,-256.79999999999995,677.4,False
Stephen Curry,-244.79999999999995,231.0,False
Stephen Curry,235.2,247.79999999999995,True
Stephen Curry,-152.4,342.6,False
Stephen Curry,-48.0,71.39999999999999,False
Stephen Curry,-273.6,283.8,False
Stephen Curry,189.6,185.4,False
Stephen Curry,21.6,358.20000000000005,True
Stephen Curry,242.4,259.79999999999995,False
Stephen Curry,-148.8,66.6,True
Stephen Curry,-277.20000000000005,47.4,True
Stephen Curry,-133.2,348.6,False
Stephen Curry,182.4,103.8,True
Stephen Curry,4.8,371.4,True
Stephen Curry,42.0,283.8,False
Stephen Curry,142.79999999999998,132.60000000000002,False
Stephen Curry,-114.0,342.6,False
Stephen Curry,-21.6,325.79999999999995,True
Stephen Curry,-51.599999999999994,109.8,False
Stephen Curry,62.400000000000006,273.0,False
Stephen Curry,-14.4,60.6,True
Stephen Curry,268.79999999999995,210.6,False
Stephen Curry,271.20000000000005,77.4,False
Stephen Curry,-253.20000000000002,231.0,False
Stephen Curry,9.6,71.39999999999999,False
Stephen Curry,-27.599999999999998,371.4,True
Stephen Curry,-182.4,198.6,False
Stephen Curry,13.200000000000003,64.19999999999999,True
Stephen Curry,-8.399999999999999,361.8,True
Stephen Curry,-165.6,211.79999999999998,True
Stephen Curry,248.4,244.20000000000002,False
Stephen Curry,-14.4,355.8,False
Stephen Curry,134.39999999999998,371.4,False
Stephen Curry,-43.2,375.0,False
Stephen Curry,284.4,40.2,False
Stephen Curry,278.4,63.0,False
Stephen Curry,-33.599999999999994,50.99999999999999,True
Stephen Curry,42.0,286.20000000000005,True
Stephen Curry,231.6,50.99999999999999,True
Stephen Curry,-105.60000000000002,103.8,True
Stephen Curry,127.19999999999999,244.20000000000002,True
Stephen Curry,25.200000000000003,76.2,False
Stephen Curry,58.8,391.8,False
Stephen Curry,-231.6,280.20000000000005,True
Stephen Curry,208.79999999999998,331.79999999999995,True
Stephen Curry,201.60000000000002,306.6,True
Stephen Curry,-80.4,282.6,False
Stephen Curry,-224.4,261.0,True
Stephen Curry,13.200000000000003,77.4,True
Stephen Curry,284.4,77.4,True
Stephen Curry,282.0,81.0,False
Stephen Curry,228.0,270.6,False
Stephen Curry,87.6,223.79999999999998,True
Stephen Curry,-0.0,120.60000000000001,False
Stephen Curry,-230.4,261.0,False
Stephen Curry,133.2,340.20000000000005,False
Stephen Curry,-231.6,250.20000000000002,True
Stephen Curry,28.8,76.2,True
Stephen Curry,-186.0,293.4,True
Stephen Curry,202.79999999999998,276.6,True
Stephen Curry,278.4,64.19999999999999,True
Stephen Curry,134.39999999999998,333.0,False
Stephen Curry,-237.6,299.4,True
Stephen Curry,-181.2,300.6,True
Stephen Curry,160.8,178.2,True
Stephen Curry,183.60000000000002,198.6,False
Stephen Curry,-133.2,345.0,False
Stephen Curry,-123.60000000000001,352.20000000000005,True
Stephen Curry,-46.8,286.20000000000005,True
Stephen Curry,-129.6,269.4,True
Stephen Curry,-38.4,64.19999999999999,False
Stephen Curry,180.0,291.0,True
Stephen Curry,134.39999999999998,329.40000000000003,False
Stephen Curry,-14.4,184.2,False
Stephen Curry,-176.39999999999998,295.8,True
Stephen Curry,-18.0,365.4,False
Stephen Curry,-120.0,273.0,True
Stephen Curry,80.4,359.4,True
Stephen Curry,-86.4,153.0,False
Stephen Curry,-54.0,381.0,False
Stephen Curry,156.0,246.60000000000002,False
Stephen Curry,103.19999999999999,355.8,True
Stephen Curry,172.8,336.6,False
Stephen Curry,78.0,208.20000000000005,False
Stephen Curry,62.400000000000006,94.2,True
Stephen Curry,-279.6,99.0,True
Stephen Curry,-0.0,76.2,True
Stephen Curry,268.79999999999995,87.0,False
Stephen Curry,90.0,355.8,True
Stephen Curry,139.2,174.60000000000002,False
Stephen Curry,-286.8,125.39999999999998,False
Stephen Curry,-1.2,274.20000000000005,False
Stephen Curry,147.60000000000002,335.4,False
Stephen Curry,-250.79999999999995,247.79999999999995,True
Stephen Curry,55.199999999999996,359.4,False
Stephen Curry,-141.60000000000002,274.20000000000005,False
Stephen Curry,-247.20000000000002,261.0,False
Stephen Curry,-60.0,367.8,True
Stephen Curry,78.0,299.4,False
Stephen Curry,-100.80000000000001,355.8,False
Stephen Curry,-133.2,353.4,False
Stephen Curry,-192.0,340.20000000000005,False
Stephen Curry,108.0,378.6,True
Stephen Curry,163.20000000000002,342.6,True
Stephen Curry,-280.8,59.4,True
Stephen Curry,-12.0,83.4,True
Stephen Curry,199.20000000000002,76.2,False
Stephen Curry,244.79999999999995,274.20000000000005,True
Stephen Curry,-21.6,93.0,False
Stephen Curry,273.6,59.4,False
Stephen Curry,180.0,70.2,False
Stephen Curry,130.8,349.79999999999995,False
Stephen Curry,278.4,73.80000000000001,True
Stephen Curry,202.79999999999998,215.39999999999998,True
Stephen Curry,80.4,361.8,True
Stephen Curry,70.80000000000001,264.6,True
Stephen Curry,-8.399999999999999,151.8,True
Stephen Curry,172.8,231.0,False
Stephen Curry,201.60000000000002,295.8,False
Stephen Curry,-2.4,375.0,False
Stephen Curry,-192.0,125.39999999999998,True
Stephen Curry,-234.0,297.0,True
Stephen Curry,42.0,96.60000000000001,True
Stephen Curry,-244.79999999999995,227.4,False
Stephen Curry,218.4,814.1999999999999,False
Stephen Curry,-150.0,217.79999999999998,False
Stephen Curry,196.79999999999998,287.4,True
Stephen Curry,-186.0,291.0,True
Stephen Curry,-15.600000000000001,66.6,False
Stephen Curry,-222.0,261.0,False
Stephen Curry,-142.79999999999998,325.79999999999995,True
Stephen Curry,-123.60000000000001,81.0,False
Stephen Curry,-0.0,273.0,True
Stephen Curry,18.0,297.0,True
Stephen Curry,48.0,389.40000000000003,False
Stephen Curry,-93.6,202.20000000000002,True
Stephen Curry,123.60000000000001,234.6,False
Stephen Curry,267.6,215.39999999999998,False
Stephen Curry,-171.60000000000002,303.0,True
Stephen Curry,78.0,192.6,False
Stephen Curry,-135.60000000000002,59.4,False
Stephen Curry,-44.400000000000006,361.8,True
Stephen Curry,280.8,70.2,False
Stephen Curry,-141.60000000000002,228.6,True
Stephen Curry,-12.0,87.0,False
Stephen Curry,254.39999999999998,227.4,True
Stephen Curry,-211.20000000000005,280.20000000000005,True
Stephen Curry,-159.6,331.79999999999995,False
Stephen Curry,-21.6,77.4,True
Stephen Curry,-106.8,346.20000000000005,True
Stephen Curry,-4.8,280.20000000000005,True
Stephen Curry,-37.2,369.0,True
Stephen Curry,-109.2,115.8,True
Stephen Curry,103.19999999999999,112.2,True
Stephen Curry,193.20000000000002,153.0,False
Stephen Curry,-34.8,384.59999999999997,False
Stephen Curry,80.4,251.4,True
Stephen Curry,2.4,184.2,False
Stephen Curry,-105.60000000000002,100.19999999999999,True
Stephen Curry,146.4,220.20000000000005,False
Stephen Curry,-129.6,220.20000000000005,False
Stephen Curry,152.4,353.4,True
Stephen Curry,-142.79999999999998,346.20000000000005,False
Stephen Curry,12.0,123.0,False
Stephen Curry,32.4,319.79999999999995,True
Stephen Curry,-18.0,119.4,False
Stephen Curry,-158.39999999999998,231.0,False
Stephen Curry,252.0,238.20000000000002,True
Stephen Curry,219.6,264.6,True
Stephen Curry,-7.2,112.2,True
Stephen Curry,182.4,304.2,False
Stephen Curry,159.6,217.79999999999998,True
Stephen Curry,-14.4,77.4,True
Stephen Curry,-7.2,77.4,True
Stephen Curry,-0.0,375.0,False
Stephen Curry,-28.8,395.40000000000003,False
Stephen Curry,-195.6,79.8,True
Stephen Curry,-0.0,185.4,False
Stephen Curry,13.200000000000003,85.80000000000001,True
Stephen Curry,-20.400000000000002,197.39999999999998,True
Stephen Curry,116.4,352.20000000000005,True
Stephen Curry,-12.0,372.59999999999997,False
Stephen Curry,-31.200000000000003,255.00000000000003,True
Stephen Curry,-44.400000000000006,145.79999999999998,False
Stephen Curry,36.0,376.2,False
Stephen Curry,-28.8,394.2,True
Stephen Curry,-156.0,333.0,False
Stephen Curry,13.200000000000003,385.8,False
Stephen Curry,152.4,240.6,False
Stephen Curry,150.0,237.0,True
Stephen Curry,-154.8,263.4,False
Stephen Curry,-20.400000000000002,85.80000000000001,True
Stephen Curry,97.2,269.4,False
Stephen Curry,-126.0,353.4,False
Stephen Curry,-142.79999999999998,384.59999999999997,False
Stephen Curry,2.4,394.2,False
Stephen Curry,219.6,304.2,False
Stephen Curry,-15.600000000000001,361.8,True
Stephen Curry,-165.6,227.4,False
Stephen Curry,196.79999999999998,81.0,True
Stephen Curry,-27.599999999999998,81.0,False
Stephen Curry,114.0,240.6,False
Stephen Curry,84.0,361.8,False
Stephen Curry,-0.0,162.6,False
Stephen Curry,-60.0,382.2,False
Stephen Curry,208.79999999999998,306.6,True
Stephen Curry,-199.20000000000002,240.6,False
Stephen Curry,175.2,250.20000000000002,True
Stephen Curry,-266.4,198.6,True
Stephen Curry,-211.20000000000005,64.19999999999999,False
Stephen Curry,120.0,340.20000000000005,True
Stephen Curry,-195.6,117.0,True
Stephen Curry,-145.2,255.00000000000003,True
Stephen Curry,-1.2,331.79999999999995,False
Stephen Curry,54.0,145.79999999999998,True
Stephen Curry,-114.0,257.4,False
Stephen Curry,205.20000000000002,651.0,False
Stephen Curry,-27.599999999999998,64.19999999999999,False
Stephen Curry,-273.6,117.0,True
Stephen Curry,152.4,365.4,False
Stephen Curry,-208.79999999999998,282.6,True
Stephen Curry,-168.0,322.2,False
Stephen Curry,-1.2,73.80000000000001,True
Stephen Curry,271.20000000000005,195.0,False
Stephen Curry,84.0,115.8,False
Stephen Curry,81.60000000000001,359.4,False
Stephen Curry,-63.599999999999994,205.79999999999998,True
Stephen Curry,-214.79999999999998,291.0,True
Stephen Curry,-20.400000000000002,67.80000000000001,True
Stephen Curry,55.199999999999996,388.2,False
Stephen Curry,78.0,375.0,True
Stephen Curry,76.8,126.60000000000001,False
Stephen Curry,-279.6,64.19999999999999,False
Stephen Curry,201.60000000000002,289.8,True
Stephen Curry,-178.8,327.0,True
Stephen Curry,12.0,87.0,True
Stephen Curry,8.399999999999999,369.0,True
Stephen Curry,-277.20000000000005,60.6,False
Stephen Curry,-169.2,214.20000000000005,False
Stephen Curry,-253.20000000000002,227.4,False
Stephen Curry,-21.6,375.0,False
Stephen Curry,-195.6,319.79999999999995,False
Stephen Curry,-168.0,348.6,True
Stephen Curry,142.79999999999998,261.0,True
Stephen Curry,55.199999999999996,282.6,True
Stephen Curry,126.0,369.0,False
Stephen Curry,-74.4,363.0,True
Stephen Curry,202.79999999999998,318.6,False
Stephen Curry,-97.2,376.2,True
Stephen Curry,-27.599999999999998,85.80000000000001,True
Stephen Curry,-150.0,353.4,False
Stephen Curry,-110.39999999999999,241.79999999999995,True
Stephen Curry,222.0,280.20000000000005,False
Stephen Curry,13.200000000000003,81.0,True
Stephen Curry,74.4,287.4,False
Stephen Curry,-25.200000000000003,93.0,False
Stephen Curry,228.0,90.6,False
Stephen Curry,189.6,291.0,True
Stephen Curry,277.20000000000005,93.0,False
Stephen Curry,261.6,198.6,True
Stephen Curry,235.2,255.00000000000003,True
Stephen Curry,36.0,378.6,True
Stephen Curry,18.0,234.6,True
Stephen Curry,19.2,90.6,True
Stephen Curry,-20.400000000000002,73.80000000000001,True
Stephen Curry,12.0,67.80000000000001,True
Stephen Curry,-82.8,220.20000000000005,False
Stephen Curry,-142.79999999999998,399.0,False
Stephen Curry,278.4,66.6,False
Stephen Curry,-284.4,63.0,True
Stephen Curry,254.39999999999998,79.8,False
Stephen Curry,271.20000000000005,90.6,False
Stephen Curry,199.20000000000002,304.2,True
Stephen Curry,265.20000000000005,205.79999999999998,False
Stephen Curry,-2.4,90.6,False
Stephen Curry,-188.4,335.4,False
Stephen Curry,140.4,371.4,False
Stephen Curry,175.2,233.4,True
Stephen Curry,-198.0,309.0,False
Stephen Curry,-25.200000000000003,90.6,False
Stephen Curry,-31.200000000000003,81.0,False
Stephen Curry,-142.79999999999998,93.0,False
Stephen Curry,-199.20000000000002,336.6,False
Stephen Curry,-168.0,228.6,False
Stephen Curry,-171.60000000000002,210.6,True
Stephen Curry,62.400000000000006,267.0,False
Stephen Curry,19.2,90.6,False
Stephen Curry,142.79999999999998,211.79999999999998,False
Stephen Curry,157.2,346.20000000000005,False
Stephen Curry,-188.4,202.20000000000002,True
Stephen Curry,-228.0,263.4,False
Stephen Curry,93.6,270.6,False
Stephen Curry,-78.0,313.8,False
Stephen Curry,-214.79999999999998,280.20000000000005,True
Stephen Curry,133.2,384.59999999999997,False
Stephen Curry,68.4,318.6,True
Stephen Curry,-1.2,87.0,True
Stephen Curry,-64.8,297.0,True
Stephen Curry,28.8,100.19999999999999,False
Stephen Curry,-250.79999999999995,246.60000000000002,True
Stephen Curry,202.79999999999998,313.8,False
Stephen Curry,94.8,282.6,True
Stephen Curry,224.4,286.20000000000005,False
Stephen Curry,277.20000000000005,67.80000000000001,True
Stephen Curry,-175.2,210.6,False
Stephen Curry,-136.8,251.4,False
Stephen Curry,-142.79999999999998,352.20000000000005,True
Stephen Curry,9.6,81.0,True
Stephen Curry,-201.60000000000002,335.4,False
Stephen Curry,121.2,353.4,True
Stephen Curry,-64.8,375.0,True
Stephen Curry,-15.600000000000001,323.40000000000003,True
Stephen Curry,277.20000000000005,70.2,False
Stephen Curry,-146.4,358.20000000000005,True
Stephen Curry,-201.60000000000002,312.6,True
Stephen Curry,136.8,228.6,True
Stephen Curry,142.79999999999998,251.4,True
Stephen Curry,-90.0,375.0,False
Stephen Curry,13.200000000000003,394.2,True
Stephen Curry,-136.8,221.4,False
Stephen Curry,-106.8,263.4,True
Stephen Curry,28.8,81.0,True
Stephen Curry,268.79999999999995,189.0,False
Stephen Curry,166.8,214.20000000000005,True
Stephen Curry,271.20000000000005,71.39999999999999,True
Stephen Curry,-248.4,238.20000000000002,False
Stephen Curry,121.2,172.2,True
Stephen Curry,-192.0,231.0,False
Stephen Curry,-33.599999999999994,73.80000000000001,False
Stephen Curry,-208.79999999999998,289.8,True
Stephen Curry,-21.6,71.39999999999999,True
Stephen Curry,129.6,214.20000000000005,False
Stephen Curry,-20.400000000000002,112.2,False
Stephen Curry,157.2,339.0,False
Stephen Curry,-280.8,117.0,True
Stephen Curry,219.6,264.6,True
Stephen Curry,61.19999999999999,187.8,True
Stephen Curry,-181.2,132.60000000000002,False
Stephen Curry,-1.2,64.19999999999999,False
Stephen Curry,208.79999999999998,323.40000000000003,False
Stephen Curry,-139.2,220.20000000000005,False
Stephen Curry,-12.0,287.4,False
Stephen Curry,-145.2,339.0,False
Stephen Curry,222.0,155.4,True
Stephen Curry,-267.6,76.2,True
Stephen Curry,-69.6,63.0,False
Stephen Curry,28.8,70.2,False
Stephen Curry,120.0,395.40000000000003,True
Stephen Curry,-103.19999999999999,352.20000000000005,False
Stephen Curry,201.60000000000002,287.4,True
Stephen Curry,57.6,372.59999999999997,True
Stephen Curry,150.0,231.0,False
Stephen Curry,-198.0,76.2,True
Stephen Curry,165.6,303.0,False
Stephen Curry,-10.8,269.4,True
Stephen Curry,-24.0,77.4,False
Stephen Curry,-2.4,93.0,True
Stephen Curry,166.8,70.2,False
Stephen Curry,-14.4,316.2,False
Stephen Curry,-93.6,355.8,False
Stephen Curry,-184.79999999999998,325.79999999999995,True
Stephen Curry,-186.0,304.2,True
Stephen Curry,-162.0,208.20000000000005,True
Stephen Curry,-181.2,299.4,True
Stephen Curry,31.200000000000003,295.8,True
Stephen Curry,-1.2,291.0,False
Stephen Curry,36.0,73.80000000000001,False
Stephen Curry,-14.4,299.4,False
Stephen Curry,189.6,300.6,True
Stephen Curry,-276.0,73.80000000000001,True
Stephen Curry,-116.4,342.6,False
Stephen Curry,-105.60000000000002,263.4,True
Stephen Curry,49.199999999999996,359.4,False
Stephen Curry,-122.39999999999998,102.60000000000001,True
Stephen Curry,280.8,70.2,True
Stephen Curry,-86.4,208.20000000000005,True
Stephen Curry,-224.4,267.0,True
Stephen Curry,15.600000000000001,73.80000000000001,True
Stephen Curry,-212.39999999999998,83.4,True
Stephen Curry,-4.8,358.20000000000005,False
Stephen Curry,48.0,371.4,False
Stephen Curry,87.6,348.6,False
Stephen Curry,218.4,270.6,False
Stephen Curry,104.39999999999999,96.60000000000001,True
Stephen Curry,-38.4,231.0,False
Stephen Curry,-250.79999999999995,261.0,False
Stephen Curry,139.2,346.20000000000005,False
Stephen Curry,-20.400000000000002,85.80000000000001,False
Stephen Curry,-145.2,151.8,False
Stephen Curry,9.6,87.0,False
Stephen Curry,277.20000000000005,93.0,False
Stephen Curry,-256.79999999999995,231.0,False
Stephen Curry,-4.8,166.2,True
Stephen Curry,-48.0,297.0,True
Stephen Curry,-31.200000000000003,83.4,False
Stephen Curry,-38.4,175.8,False
Stephen Curry,129.6,361.8,False
Stephen Curry,157.2,63.0,False
Stephen Curry,-78.0,211.79999999999998,True
Stephen Curry,-7.2,165.0,True
Stephen Curry,136.8,83.4,False
Stephen Curry,-241.20000000000002,277.79999999999995,False
Stephen Curry,-50.400000000000006,385.8,True
Stephen Curry,-46.8,109.8,True
Stephen Curry,-48.0,198.6,False
Stephen Curry,-178.8,223.79999999999998,True
Stephen Curry,-103.19999999999999,286.20000000000005,True
Stephen Curry,180.0,323.40000000000003,True
Stephen Curry,133.2,81.0,False
Stephen Curry,2.4,195.0,False
Stephen Curry,238.8,280.20000000000005,True
Stephen Curry,175.2,345.0,False
Stephen Curry,-186.0,83.4,True
Stephen Curry,-146.4,361.8,True
Stephen Curry,280.8,71.39999999999999,True
Stephen Curry,64.8,168.60000000000002,True
Stephen Curry,-8.399999999999999,295.8,False
Stephen Curry,-273.6,46.199999999999996,True
Stephen Curry,-64.8,375.0,False
Stephen Curry,-54.0,107.39999999999999,False
Stephen Curry,-150.0,205.79999999999998,True
Stephen Curry,123.60000000000001,365.4,False
Stephen Curry,231.6,274.20000000000005,False
Stephen Curry,139.2,359.4,True
Stephen Curry,-264.0,217.79999999999998,True
Stephen Curry,-78.0,143.4,False
Stephen Curry,129.6,355.8,False
Stephen Curry,51.599999999999994,369.0,True
Stephen Curry,274.79999999999995,70.2,True
Stephen Curry,76.8,215.39999999999998,True
Stephen Curry,126.0,349.79999999999995,True
Stephen Curry,-0.0,197.39999999999998,False
Stephen Curry,140.4,255.00000000000003,False
Stephen Curry,-135.60000000000002,215.39999999999998,False
Stephen Curry,-86.4,382.2,True
Stephen Curry,-205.20000000000002,299.4,False
Stephen Curry,-8.399999999999999,106.19999999999999,True
Stephen Curry,280.8,47.4,False
Stephen Curry,-14.4,81.0,True
Stephen Curry,-46.8,247.79999999999995,True
Stephen Curry,-230.4,60.6,False
Stephen Curry,19.2,130.2,False
Stephen Curry,42.0,276.6,False
Stephen Curry,218.4,346.20000000000005,False
Stephen Curry,103.19999999999999,369.0,False
Stephen Curry,-168.0,227.4,False
Stephen Curry,-172.8,211.79999999999998,True
Stephen Curry,34.8,273.0,True
Stephen Curry,-4.8,115.8,False
Stephen Curry,-212.39999999999998,318.6,True
Stephen Curry,-7.2,120.60000000000001,False
Stephen Curry,159.6,349.79999999999995,False
Stephen Curry,-2.4,94.2,False
Stephen Curry,117.6,352.20000000000005,True
Stephen Curry,-14.4,85.80000000000001,False
Stephen Curry,4.8,178.2,False
Stephen Curry,114.0,241.79999999999995,False
Stephen Curry,121.2,349.79999999999995,False
Stephen Curry,-228.0,304.2,True
Stephen Curry,-231.6,289.8,False
Stephen Curry,54.0,130.2,False
Stephen Curry,103.19999999999999,353.4,False
Stephen Curry,-150.0,208.20000000000005,True
Stephen Curry,2.4,142.2,True
Stephen Curry,123.60000000000001,270.6,False
Stephen Curry,55.199999999999996,372.59999999999997,False
Stephen Curry,-118.8,237.0,False
Stephen Curry,117.6,115.8,False
Stephen Curry,-4.8,139.8,True
Stephen Curry,31.200000000000003,148.2,True
Stephen Curry,231.6,286.20000000000005,True
Stephen Curry,-12.0,77.4,True
Stephen Curry,-211.20000000000005,299.4,False
Stephen Curry,-57.6,382.2,True
Stephen Curry,-92.39999999999999,306.6,False
Stephen Curry,-142.79999999999998,214.20000000000005,False
Stephen Curry,-109.2,261.0,False
Stephen Curry,-123.60000000000001,220.20000000000005,True
Stephen Curry,252.0,244.20000000000002,False
Stephen Curry,45.6,115.8,False
Stephen Curry,126.0,367.8,True
Stephen Curry,6.0,81.0,False
Stephen Curry,228.0,267.0,False
Stephen Curry,-135.60000000000002,247.79999999999995,True
Stephen Curry,-169.2,323.40000000000003,False
Stephen Curry,152.4,240.6,True
Stephen Curry,129.6,102.60000000000001,True
Stephen Curry,-226.8,287.4,True
Stephen Curry,-0.0,136.2,False
Stephen Curry,-0.0,156.6,False
Stephen Curry,-0.0,90.6,True
Stephen Curry,-224.4,289.8,False
Stephen Curry,-169.2,223.79999999999998,False
Stephen Curry,-73.2,375.0,False
Stephen Curry,-156.0,253.79999999999998,True
Stephen Curry,277.20000000000005,99.0,True
Stephen Curry,-20.400000000000002,79.8,False
Stephen Curry,4.8,79.8,False
Stephen Curry,-10.8,143.4,True
Stephen Curry,-7.2,385.8,False
Stephen Curry,176.39999999999998,329.40000000000003,False
Stephen Curry,62.400000000000006,384.59999999999997,False
Stephen Curry,-15.600000000000001,63.0,True
Stephen Curry,49.199999999999996,221.4,False
Stephen Curry,-1.2,64.19999999999999,True
Stephen Curry,-0.0,81.0,False
Stephen Curry,-145.2,323.40000000000003,False
Stephen Curry,27.599999999999998,64.19999999999999,True
Stephen Curry,120.0,340.20000000000005,False
Stephen Curry,3.6,113.4,True
Stephen Curry,212.39999999999998,228.6,False
Stephen Curry,-132.0,329.40000000000003,True
Stephen Curry,-48.0,349.79999999999995,True
Stephen Curry,-10.8,66.6,True
Stephen Curry,283.20000000000005,95.4,False
Stephen Curry,13.200000000000003,83.4,True
Stephen Curry,21.6,73.80000000000001,True
Stephen Curry,6.0,59.4,True
Stephen Curry,199.20000000000002,276.6,True
Stephen Curry,153.6,345.0,False
Stephen Curry,84.0,358.20000000000005,True
Stephen Curry,133.2,287.4,True
Stephen Curry,117.6,151.8,False
Stephen Curry,-142.79999999999998,312.6,False
Stephen Curry,38.4,71.39999999999999,True
Stephen Curry,-63.599999999999994,89.4,False
Stephen Curry,255.60000000000002,237.0,False
Stephen Curry,290.4,71.39999999999999,False
Stephen Curry,237.6,282.6,False
Stephen Curry,140.4,231.0,False
Stephen Curry,-56.4,138.60000000000002,False
Stephen Curry,-43.2,319.79999999999995,False
Stephen Curry,-4.8,67.80000000000001,False
Stephen Curry,-0.0,325.79999999999995,True
Stephen Curry,-73.2,349.79999999999995,False
Stephen Curry,-97.2,342.6,False
Stephen Curry,70.80000000000001,145.79999999999998,False
Stephen Curry,282.0,70.2,False
Stephen Curry,-276.0,185.4,True
Stephen Curry,-201.60000000000002,293.4,True
Stephen Curry,-7.2,241.79999999999995,False
Stephen Curry,-231.6,102.60000000000001,False
Stephen Curry,-248.4,231.0,True
Stephen Curry,-222.0,270.6,True
Stephen Curry,-254.39999999999998,205.79999999999998,True
Stephen Curry,-14.4,63.0,True
Stephen Curry,22.8,106.19999999999999,False
Stephen Curry,-235.2,257.4,True
Stephen Curry,-158.39999999999998,348.6,True
Stephen Curry,-154.8,276.6,False
Stephen Curry,19.2,70.2,True
Stephen Curry,-212.39999999999998,273.0,True
Stephen Curry,274.79999999999995,53.4,True
Stephen Curry,-127.19999999999999,240.6,True
Stephen Curry,-190.8,257.4,False
Stephen Curry,-34.8,120.60000000000001,True
Stephen Curry,-240.0,241.79999999999995,False
Stephen Curry,-132.0,333.0,True
Stephen Curry,-280.8,156.6,True
Stephen Curry,-241.20000000000002,299.4,True
Stephen Curry,-276.0,13.800000000000006,True
Stephen Curry,19.2,66.6,True
Stephen Curry,-21.6,106.19999999999999,False
Stephen Curry,237.6,145.79999999999998,False
Stephen Curry,-182.4,64.19999999999999,False
Stephen Curry,-14.4,100.19999999999999,True
Stephen Curry,-208.79999999999998,79.8,False
Stephen Curry,2.4,201.0,True
Stephen Curry,219.6,259.79999999999995,False
Stephen Curry,-141.60000000000002,346.20000000000005,True
Stephen Curry,-159.6,336.6,False
Stephen Curry,-7.2,359.4,True
Stephen Curry,-169.2,318.6,True
Stephen Curry,295.20000000000005,99.0,False
Stephen Curry,-116.4,286.20000000000005,False
Stephen Curry,67.19999999999999,388.2,False
Stephen Curry,-162.0,221.4,True
Stephen Curry,166.8,102.60000000000001,True
Stephen Curry,127.19999999999999,149.4,True
Stephen Curry,-14.4,115.8,True
Stephen Curry,-222.0,269.4,True
Stephen Curry,-112.8,231.0,False
Stephen Curry,9.6,251.4,False
Stephen Curry,-2.4,375.0,True
Stephen Curry,188.4,81.0,True
Stephen Curry,-165.6,327.0,True
Stephen Curry,44.400000000000006,283.8,True
Stephen Curry,-228.0,280.20000000000005,True
Stephen Curry,-231.6,139.8,True
Stephen Curry,-194.4,234.6,True
Stephen Curry,48.0,79.8,False
Stephen Curry,-31.200000000000003,156.6,True
Stephen Curry,182.4,295.8,False
Stephen Curry,134.39999999999998,217.79999999999998,False
Stephen Curry,9.6,115.8,True
Stephen Curry,-165.6,300.6,True
Stephen Curry,229.2,277.79999999999995,False
Stephen Curry,-92.39999999999999,63.0,True
Stephen Curry,-116.4,151.8,False
Stephen Curry,-142.79999999999998,329.40000000000003,False
Stephen Curry,2.4,303.0,False
Stephen Curry,-15.600000000000001,49.800000000000004,True
Stephen Curry,-93.6,264.6,False
Stephen Curry,54.0,358.20000000000005,False
Stephen Curry,201.60000000000002,322.2,False
Stephen Curry,98.39999999999999,291.0,True
Stephen Curry,228.0,304.2,False
Stephen Curry,250.79999999999995,303.0,True
Stephen Curry,163.20000000000002,155.4,True
Stephen Curry,-20.400000000000002,93.0,False
Stephen Curry,15.600000000000001,372.59999999999997,False
Stephen Curry,-10.8,119.4,True
Stephen Curry,4.8,187.8,False
Stephen Curry,241.20000000000002,250.20000000000002,False
Stephen Curry,-20.400000000000002,184.2,False
Stephen Curry,13.200000000000003,149.4,False
Stephen Curry,-48.0,112.2,False
Stephen Curry,-277.20000000000005,60.6,False
Stephen Curry,-99.60000000000001,369.0,True
Stephen Curry,-228.0,309.0,False
Stephen Curry,-267.6,237.0,True
Stephen Curry,-127.19999999999999,129.0,True
Stephen Curry,94.8,359.4,True
Stephen Curry,127.19999999999999,143.4,True
Stephen Curry,-122.39999999999998,225.0,False
Stephen Curry,-279.6,77.4,False
Stephen Curry,-0.0,241.79999999999995,True
Stephen Curry,196.79999999999998,123.0,True
Stephen Curry,62.400000000000006,145.79999999999998,False
Stephen Curry,235.2,528.6,False
Stephen Curry,-1.2,211.79999999999998,False
Stephen Curry,-182.4,333.0,False
Stephen Curry,2.4,129.0,True
Stephen Curry,80.4,204.60000000000002,True
Stephen Curry,160.8,346.20000000000005,False
Stephen Curry,-0.0,89.4,False
Stephen Curry,-100.80000000000001,367.8,True
Stephen Curry,-237.6,247.79999999999995,False
Stephen Curry,206.39999999999998,291.0,False
Stephen Curry,-162.0,309.0,True
Stephen Curry,231.6,244.20000000000002,False
Stephen Curry,98.39999999999999,148.2,True
Stephen Curry,94.8,295.8,True
Stephen Curry,8.399999999999999,102.60000000000001,False
Stephen Curry,235.2,251.4,False
Stephen Curry,-2.4,119.4,False
Stephen Curry,-184.79999999999998,297.0,True
Stephen Curry,-141.60000000000002,327.0,False
Stephen Curry,-118.8,244.20000000000002,True
Stephen Curry,-69.6,355.8,True
Stephen Curry,42.0,126.60000000000001,True
Stephen Curry,-99.60000000000001,250.20000000000002,True
Stephen Curry,106.8,333.0,True
Stephen Curry,144.0,277.79999999999995,True
Stephen Curry,-8.399999999999999,201.0,True
Stephen Curry,-10.8,223.79999999999998,False
Stephen Curry,-184.79999999999998,202.20000000000002,False
Stephen Curry,-214.79999999999998,27.0,True
Stephen Curry,111.6,241.79999999999995,False
Stephen Curry,-25.200000000000003,375.0,False
Stephen Curry,-1.2,261.0,False
Stephen Curry,106.8,113.4,True
Stephen Curry,98.39999999999999,376.2,False
Stephen Curry,-230.4,303.0,True
Stephen Curry,8.399999999999999,125.39999999999998,False
Stephen Curry,-186.0,191.4,True
Stephen Curry,-18.0,259.79999999999995,True
Stephen Curry,-184.79999999999998,89.4,True
Stephen Curry,274.79999999999995,59.4,False
Stephen Curry,6.0,71.39999999999999,True
Stephen Curry,169.2,221.4,True
Stephen Curry,-2.4,99.0,True
Stephen Curry,72.0,211.79999999999998,True
Stephen Curry,-109.2,120.60000000000001,False
Stephen Curry,-122.39999999999998,153.0,False
Stephen Curry,-110.39999999999999,99.0,False
Stephen Curry,219.6,270.6,True
Stephen Curry,-14.4,90.6,False
Stephen Curry,-7.2,231.0,True
Stephen Curry,-148.8,234.6,False
Stephen Curry,12.0,67.80000000000001,True
Stephen Curry,90.0,130.2,False
Stephen Curry,-190.8,331.79999999999995,True
Stephen Curry,-80.4,109.8,False
Stephen Curry,-8.399999999999999,76.2,True
Stephen Curry,25.200000000000003,185.4,True
Stephen Curry,140.4,143.4,False
Stephen Curry,-165.6,318.6,False
Stephen Curry,9.6,71.39999999999999,True
Stephen Curry,180.0,287.4,False
Stephen Curry,-78.0,166.2,False
Stephen Curry,-99.60000000000001,120.60000000000001,False
Stephen Curry,18.0,66.6,False
Stephen Curry,-24.0,57.0,True
Stephen Curry,-201.60000000000002,117.0,False
Stephen Curry,-86.4,132.60000000000002,False
Stephen Curry,-154.8,277.79999999999995,False
Stephen Curry,-97.2,313.8,False
Stephen Curry,-73.2,234.6,False
Stephen Curry,-222.0,93.0,False
Stephen Curry,-90.0,94.2,True
Stephen Curry,-141.60000000000002,132.60000000000002,True
Stephen Curry,15.600000000000001,371.4,False
Stephen Curry,172.8,55.8,False
Stephen Curry,54.0,286.20000000000005,False
Stephen Curry,-194.4,276.6,True
Stephen Curry,-226.8,270.6,True
Stephen Curry,45.6,63.0,False
Stephen Curry,-21.6,66.6,True
Stephen Curry,-54.0,359.4,False
Stephen Curry,183.60000000000002,304.2,False
Stephen Curry,166.8,304.2,True
Stephen Curry,-158.39999999999998,280.20000000000005,True
Stephen Curry,-270.0,71.39999999999999,False
Stephen Curry,-4.8,89.4,True
Stephen Curry,15.600000000000001,382.2,False
Stephen Curry,182.4,120.60000000000001,True
Stephen Curry,-34.8,214.20000000000005,False
Stephen Curry,49.199999999999996,106.19999999999999,False
Stephen Curry,116.4,179.4,True
Stephen Curry,-31.200000000000003,359.4,True
Stephen Curry,-46.8,204.60000000000002,True
Stephen Curry,121.2,145.79999999999998,False
Stephen Curry,-84.0,313.8,False
Stephen Curry,-142.79999999999998,246.60000000000002,False
Stephen Curry,19.2,348.6,False
Stephen Curry,-8.399999999999999,358.20000000000005,False
Stephen Curry,32.4,63.0,False
Stephen Curry,45.6,287.4,False
Stephen Curry,140.4,102.60000000000001,True
Stephen Curry,274.79999999999995,63.0,True
Stephen Curry,-31.200000000000003,73.80000000000001,False
Stephen Curry,-80.4,81.0,False
Stephen Curry,280.8,83.4,False
Stephen Curry,180.0,53.4,False
Stephen Curry,202.79999999999998,286.20000000000005,False
Stephen Curry,-27.599999999999998,57.0,False
Stephen Curry,-54.0,67.80000000000001,True
Stephen Curry,-43.2,348.6,True
Stephen Curry,4.8,238.20000000000002,False
Stephen Curry,-120.0,136.2,True
Stephen Curry,189.6,286.20000000000005,False
Stephen Curry,163.20000000000002,145.79999999999998,False
Stephen Curry,-10.8,77.4,False
Stephen Curry,44.400000000000006,246.60000000000002,False
Stephen Curry,-51.599999999999994,346.20000000000005,False
Stephen Curry,-135.60000000000002,325.79999999999995,False
Stephen Curry,-230.4,529.8,True
Stephen Curry,-1.2,71.39999999999999,False
Stephen Curry,-136.8,210.6,False
Stephen Curry,-0.0,71.39999999999999,True
Stephen Curry,-127.19999999999999,162.6,True
Stephen Curry,280.8,63.0,False
Stephen Curry,157.2,161.39999999999998,False
Stephen Curry,231.6,259.79999999999995,False
Stephen Curry,-250.79999999999995,280.20000000000005,False
Stephen Curry,-15.600000000000001,73.80000000000001,True
Stephen Curry,-184.79999999999998,333.0,True
Stephen Curry,106.8,269.4,False
Stephen Curry,288.0,85.80000000000001,True
Stephen Curry,-14.4,93.0,False
Stephen Curry,8.399999999999999,384.59999999999997,True
Stephen Curry,22.8,381.0,True
Stephen Curry,81.60000000000001,94.2,True
Stephen Curry,-20.400000000000002,106.19999999999999,True
Stephen Curry,-60.0,96.60000000000001,False
Stephen Curry,114.0,274.20000000000005,False
Stephen Curry,123.60000000000001,353.4,True
Stephen Curry,-136.8,353.4,False
Stephen Curry,40.800000000000004,384.59999999999997,False
Stephen Curry,9.6,220.20000000000005,True
Stephen Curry,-127.19999999999999,371.4,False
Stephen Curry,160.8,238.20000000000002,False
Stephen Curry,183.60000000000002,323.40000000000003,True
Stephen Curry,-122.39999999999998,273.0,True
Stephen Curry,6.0,261.0,False
Stephen Curry,-21.6,50.99999999999999,True
Stephen Curry,-1.2,405.0,True
Stephen Curry,-4.8,286.20000000000005,True
Stephen Curry,-157.2,321.0,False
Stephen Curry,-277.20000000000005,73.80000000000001,False
Stephen Curry,-61.19999999999999,197.39999999999998,True
Stephen Curry,2.4,71.39999999999999,True
Stephen Curry,22.8,76.2,True
Stephen Curry,-38.4,329.40000000000003,True
Stephen Curry,-69.6,96.60000000000001,False
Stephen Curry,-50.400000000000006,293.4,False
Stephen Curry,267.6,123.0,True
Stephen Curry,-190.8,303.0,False
Stephen Curry,260.4,231.0,True
Stephen Curry,258.0,202.20000000000002,False
Stephen Curry,-0.0,221.4,False
Stephen Curry,2.4,81.0,False
Stephen Curry,-8.399999999999999,70.2,False
Stephen Curry,57.6,67.80000000000001,False
Stephen Curry,-129.6,165.0,False
Stephen Curry,277.20000000000005,73.80000000000001,True
Stephen Curry,-15.600000000000001,384.59999999999997,False
Stephen Curry,-4.8,63.0,True
Stephen Curry,159.6,135.0,False
Stephen Curry,186.0,322.2,False
Stephen Curry,-231.6,269.4,True
Stephen Curry,-283.20000000000005,138.60000000000002,True
Stephen Curry,-7.2,287.4,True
Stephen Curry,-163.20000000000002,198.6,False
Stephen Curry,202.79999999999998,55.8,True
Stephen Curry,-51.599999999999994,161.39999999999998,False
Stephen Curry,8.399999999999999,149.4,False
Stephen Curry,-64.8,234.6,True
Stephen Curry,-222.0,267.0,False
Stephen Curry,147.60000000000002,318.6,False
Stephen Curry,-211.20000000000005,269.4,True
Stephen Curry,-50.400000000000006,309.0,False
Stephen Curry,-203.99999999999997,293.4,True
Stephen Curry,-18.0,358.20000000000005,False
Stephen Curry,2.4,282.6,True
Stephen Curry,-169.2,251.4,True
Stephen Curry,228.0,162.6,False
Stephen Curry,-211.20000000000005,181.79999999999998,False
Stephen Curry,-15.600000000000001,64.19999999999999,False
Stephen Curry,-279.6,43.8,True
Stephen Curry,268.79999999999995,46.199999999999996,False
Stephen Curry,27.599999999999998,210.6,False
Stephen Curry,-86.4,289.8,True
Stephen Curry,-28.8,365.4,False
Stephen Curry,-73.2,375.0,False
Stephen Curry,-8.399999999999999,63.0,True
Stephen Curry,199.20000000000002,310.2,False
Stephen Curry,9.6,149.4,False
Stephen Curry,282.0,99.0,False
Stephen Curry,180.0,331.79999999999995,False
Stephen Curry,-218.4,313.8,False
Stephen Curry,-231.6,280.20000000000005,False
Stephen Curry,-139.2,100.19999999999999,True
Stephen Curry,62.400000000000006,189.0,True
Stephen Curry,-146.4,247.79999999999995,True
Stephen Curry,-34.8,291.0,True
Stephen Curry,189.6,318.6,False
Stephen Curry,-141.60000000000002,267.0,False
Stephen Curry,-190.8,309.0,False
Stephen Curry,166.8,322.2,True
Stephen Curry,6.0,76.2,False
Stephen Curry,-4.8,77.4,False
Stephen Curry,2.4,381.0,False
Stephen Curry,-286.8,90.6,True
Stephen Curry,241.20000000000002,255.00000000000003,True
Stephen Curry,-90.0,385.8,False
Stephen Curry,152.4,240.6,False
Stephen Curry,15.600000000000001,77.4,True
Stephen Curry,-2.4,64.19999999999999,True
Stephen Curry,13.200000000000003,73.80000000000001,True
Stephen Curry,-228.0,291.0,True
Stephen Curry,-218.4,318.6,True
Stephen Curry,-276.0,151.8,True
Stephen Curry,-243.6,300.6,True
Stephen Curry,15.600000000000001,85.80000000000001,False
Stephen Curry,193.20000000000002,319.79999999999995,False
Stephen Curry,-12.0,269.4,True
Stephen Curry,-283.20000000000005,89.4,False
Stephen Curry,-14.4,87.0,False
Stephen Curry,-184.79999999999998,175.8,True
Stephen Curry,-145.2,349.79999999999995,True
Stephen Curry,-112.8,277.79999999999995,False
Stephen Curry,-156.0,348.6,True
Stephen Curry,-1.2,135.0,True
Stephen Curry,206.39999999999998,261.0,False
Stephen Curry,-99.60000000000001,283.8,False
Stephen Curry,-7.2,205.79999999999998,False
Stephen Curry,70.80000000000001,300.6,False
Stephen Curry,153.6,325.79999999999995,True
Stephen Curry,183.60000000000002,227.4,False
Stephen Curry,-100.80000000000001,251.4,True
Stephen Curry,-37.2,369.0,False
Stephen Curry,-188.4,286.20000000000005,False
Stephen Curry,-135.60000000000002,289.8,True
Stephen Curry,-43.2,280.20000000000005,True
Stephen Curry,123.60000000000001,210.6,False
Stephen Curry,-280.8,90.6,False
Stephen Curry,-43.2,282.6,False
Stephen Curry,121.2,339.0,True
Stephen Curry,-240.0,247.79999999999995,False
Stephen Curry,-154.8,322.2,False
Stephen Curry,-18.0,64.19999999999999,False
Stephen Curry,-12.0,59.4,False
Stephen Curry,-190.8,303.0,True
Stephen Curry,-284.4,57.0,True
Stephen Curry,57.6,333.0,False
Stephen Curry,80.4,161.39999999999998,False
Stephen Curry,-78.0,202.20000000000002,True
Stephen Curry,-172.8,327.0,False
Stephen Curry,-109.2,363.0,True
Stephen Curry,231.6,215.39999999999998,True
Stephen Curry,-264.0,214.20000000000005,True
Stephen Curry,-247.20000000000002,225.0,False
Stephen Curry,290.4,47.4,True
Stephen Curry,180.0,126.60000000000001,True
Stephen Curry,-208.79999999999998,277.79999999999995,True
Stephen Curry,-1.2,66.6,True
Stephen Curry,-40.800000000000004,250.20000000000002,False
Stephen Curry,-284.4,93.0,True
Stephen Curry,108.0,381.0,False
Stephen Curry,142.79999999999998,340.20000000000005,False
Stephen Curry,-80.4,192.6,False
Stephen Curry,-176.39999999999998,310.2,True
Stephen Curry,32.4,313.8,True
Stephen Curry,144.0,221.4,False
Stephen Curry,-44.400000000000006,299.4,True
Stephen Curry,-67.19999999999999,319.79999999999995,False
Stephen Curry,-172.8,168.60000000000002,False
Stephen Curry,-0.0,85.80000000000001,False
Stephen Curry,4.8,112.2,False
Stephen Curry,163.20000000000002,335.4,False
Stephen Curry,-112.8,155.4,True
Stephen Curry,9.6,295.8,False
Stephen Curry,84.0,309.0,False
Stephen Curry,13.200000000000003,238.20000000000002,False
Stephen Curry,268.79999999999995,119.4,True
Stephen Curry,186.0,327.0,False
Stephen Curry,-10.8,371.4,False
Stephen Curry,-0.0,391.8,True
Stephen Curry,48.0,221.4,True
Stephen Curry,-1.2,304.2,False
Stephen Curry,-4.8,139.8,False
Stephen Curry,-184.79999999999998,329.40000000000003,True
Stephen Curry,-260.4,228.6,True
Stephen Curry,-184.79999999999998,313.8,False
Stephen Curry,42.0,312.6,True
Stephen Curry,-114.0,175.8,False
Stephen Curry,-46.8,99.0,False
Stephen Curry,-4.8,73.80000000000001,True
Stephen Curry,-76.8,103.8,False
Stephen Curry,-276.0,106.19999999999999,False
Stephen Curry,-175.2,322.2,True
Stephen Curry,9.6,79.8,True
Stephen Curry,-20.400000000000002,381.0,False
Stephen Curry,273.6,81.0,True
Stephen Curry,-1.2,264.6,True
Stephen Curry,-129.6,166.2,False
Stephen Curry,-114.0,280.20000000000005,False
Stephen Curry,76.8,250.20000000000002,False
Stephen Curry,-129.6,240.6,True
Stephen Curry,228.0,117.0,True
Stephen Curry,193.20000000000002,310.2,False
Stephen Curry,15.600000000000001,175.8,False
Stephen Curry,121.2,259.79999999999995,True
Stephen Curry,51.599999999999994,155.4,False
Stephen Curry,-280.8,138.60000000000002,True
Stephen Curry,-7.2,384.59999999999997,False
Stephen Curry,178.8,165.0,True
Stephen Curry,-1.2,100.19999999999999,True
Stephen Curry,142.79999999999998,702.6,False
Stephen Curry,-69.6,371.4,False
Stephen Curry,62.400000000000006,187.8,False
Stephen Curry,2.4,76.2,False
Stephen Curry,-25.200000000000003,389.40000000000003,False
Stephen Curry,280.8,117.0,True
Stephen Curry,-284.4,117.0,True
Stephen Curry,-188.4,185.4,False
Stephen Curry,-15.600000000000001,156.6,False
Stephen Curry,87.6,221.4,False
Stephen Curry,91.2,375.0,False
Stephen Curry,139.2,123.0,True
Stephen Curry,-15.600000000000001,174.60000000000002,True
Stephen Curry,98.39999999999999,371.4,True
Stephen Curry,-8.399999999999999,376.2,True
Stephen Curry,255.60000000000002,246.60000000000002,True
Stephen Curry,117.6,234.6,True
Stephen Curry,-276.0,135.0,True
Stephen Curry,19.2,70.2,True
Stephen Curry,78.0,295.8,True
Stephen Curry,195.6,299.4,False
Stephen Curry,140.4,247.79999999999995,False
Stephen Curry,-222.0,291.0,True
Stephen Curry,-172.8,322.2,True
Stephen Curry,-7.2,156.6,False
Stephen Curry,-0.0,165.0,False
Stephen Curry,-157.2,89.4,True
Stephen Curry,-43.2,100.19999999999999,False
Stephen Curry,140.4,369.0,True
Stephen Curry,68.4,270.6,True
Stephen Curry,241.20000000000002,289.8,True
Stephen Curry,274.79999999999995,149.4,False
Stephen Curry,139.2,261.0,True
Stephen Curry,144.0,240.6,True
Stephen Curry,142.79999999999998,336.6,False
Stephen Curry,110.39999999999999,234.6,False
Stephen Curry,-84.0,214.20000000000005,True
Stephen Curry,-73.2,291.0,True
Stephen Curry,-226.8,64.19999999999999,False
Stephen Curry,-222.0,299.4,False
Stephen Curry,241.20000000000002,250.20000000000002,False
Stephen Curry,-18.0,83.4,True
Stephen Curry,146.4,187.8,True
Stephen Curry,2.4,367.8,True
Stephen Curry,32.4,83.4,False
Stephen Curry,-159.6,304.2,False
Stephen Curry,238.8,223.79999999999998,True
Stephen Curry,-27.599999999999998,85.80000000000001,True
Stephen Curry,-165.6,286.20000000000005,False
Stephen Curry,-64.8,295.8,False
Stephen Curry,44.400000000000006,367.8,False
Stephen Curry,-105.60000000000002,310.2,False
Stephen Curry,-146.4,259.79999999999995,False
Stephen Curry,-90.0,287.4,False
Stephen Curry,81.60000000000001,255.00000000000003,False
Stephen Curry,-188.4,291.0,True
Stephen Curry,-267.6,189.0,False
Stephen Curry,-43.2,149.4,False
Stephen Curry,78.0,172.2,True
Stephen Curry,-158.39999999999998,107.39999999999999,False
Stephen Curry,21.6,73.80000000000001,True
Stephen Curry,-126.0,335.4,True
Stephen Curry,120.0,333.0,True
Stephen Curry,54.0,363.0,False
Stephen Curry,-114.0,348.6,True
Stephen Curry,-116.4,217.79999999999998,False
Stephen Curry,-224.4,282.6,False
Stephen Curry,38.4,378.6,False
Stephen Curry,-4.8,259.79999999999995,False
Stephen Curry,268.79999999999995,863.4,False
Stephen Curry,-54.0,139.8,True
Stephen Curry,-60.0,372.59999999999997,False
Stephen Curry,15.600000000000001,79.8,True
Stephen Curry,277.20000000000005,103.8,True
Stephen Curry,-15.600000000000001,85.80000000000001,True
Stephen Curry,121.2,66.6,False
Stephen Curry,49.199999999999996,172.2,False
Stephen Curry,-7.2,109.8,False
Stephen Curry,-203.99999999999997,59.4,True
Stephen Curry,4.8,250.20000000000002,False
Stephen Curry,6.0,287.4,False
Stephen Curry,-4.8,117.0,True
Stephen Curry,-8.399999999999999,299.4,False
Stephen Curry,267.6,85.80000000000001,False
Stephen Curry,-283.20000000000005,100.19999999999999,True
Stephen Curry,195.6,316.2,False
Stephen Curry,-165.6,333.0,True
Stephen Curry,-195.6,304.2,True
Stephen Curry,-127.19999999999999,280.20000000000005,True
Stephen Curry,238.8,319.79999999999995,True
Stephen Curry,-0.0,375.0,False
Stephen Curry,-283.20000000000005,126.60000000000001,False
Stephen Curry,-15.600000000000001,100.19999999999999,False
Stephen Curry,-178.8,313.8,False
Stephen Curry,74.4,372.59999999999997,False
Stephen Curry,-0.0,363.0,True
Stephen Curry,193.20000000000002,342.6,True
Stephen Curry,231.6,280.20000000000005,False
Stephen Curry,-38.4,394.2,True
Stephen Curry,-20.400000000000002,293.4,False
Stephen Curry,-212.39999999999998,322.2,True
Stephen Curry,12.0,81.0,False
Stephen Curry,273.6,70.2,True
Stephen Curry,139.2,346.20000000000005,False
Stephen Curry,150.0,187.8,False
Stephen Curry,94.8,342.6,True
Stephen Curry,58.8,355.8,True
Stephen Curry,-184.79999999999998,241.79999999999995,False
Stephen Curry,-8.399999999999999,115.8,False
Stephen Curry,-230.4,106.19999999999999,True
Stephen Curry,-280.8,102.60000000000001,False
Stephen Curry,68.4,359.4,True
Stephen Curry,-0.0,195.0,True
Stephen Curry,-129.6,151.8,True
Stephen Curry,57.6,81.0,False
Stephen Curry,-1.2,106.19999999999999,True
Stephen Curry,-247.20000000000002,233.4,True
Stephen Curry,-100.80000000000001,696.6,False
Stephen Curry,146.4,240.6,False
Stephen Curry,282.0,87.0,True
Stephen Curry,-116.4,335.4,False
Stephen Curry,129.6,293.4,False
Stephen Curry,-43.2,115.8,False
Stephen Curry,22.8,353.4,False
Stephen Curry,9.6,277.79999999999995,False
Stephen Curry,-114.0,348.6,True
Stephen Curry,6.0,363.0,True
Stephen Curry,-201.60000000000002,64.19999999999999,True
Stephen Curry,-248.4,250.20000000000002,False
Stephen Curry,-92.39999999999999,259.79999999999995,False
Stephen Curry,15.600000000000001,371.4,False
Stephen Curry,15.600000000000001,67.80000000000001,True
Stephen Curry,6.0,159.0,False
Stephen Curry,273.6,57.0,True
Stephen Curry,108.0,244.20000000000002,False
Stephen Curry,114.0,181.79999999999998,True
Stephen Curry,152.4,215.39999999999998,False
Stephen Curry,175.2,197.39999999999998,True
Stephen Curry,175.2,215.39999999999998,False
Stephen Curry,169.2,202.20000000000002,False
Stephen Curry,-10.8,63.0,True
Stephen Curry,-286.8,93.0,False
Stephen Curry,-51.599999999999994,372.59999999999997,False
Stephen Curry,-1.2,151.8,False
Stephen Curry,121.2,340.20000000000005,False
Stephen Curry,-38.4,385.8,False
Stephen Curry,117.6,346.20000000000005,False
Stephen Curry,-241.20000000000002,264.6,False
Stephen Curry,-20.400000000000002,125.39999999999998,True
Stephen Curry,-18.0,70.2,False
Stephen Curry,-93.6,349.79999999999995,True
Stephen Curry,2.4,148.2,True
Stephen Curry,133.2,264.6,False
Stephen Curry,-20.400000000000002,261.0,False
Stephen Curry,229.2,261.0,False
Stephen Curry,117.6,264.6,False
Stephen Curry,160.8,214.20000000000005,False
Stephen Curry,130.8,335.4,False
Stephen Curry,-112.8,353.4,True
Stephen Curry,103.19999999999999,348.6,True
Stephen Curry,-156.0,151.8,False
Stephen Curry,-169.2,287.4,False
Stephen Curry,271.20000000000005,109.8,False
Stephen Curry,-258.0,238.20000000000002,False
Stephen Curry,206.39999999999998,64.19999999999999,False
Stephen Curry,4.8,299.4,False
Stephen Curry,85.19999999999999,309.0,True
Stephen Curry,-152.4,211.79999999999998,True
Stephen Curry,180.0,263.4,True
Stephen Curry,-212.39999999999998,280.20000000000005,True
Stephen Curry,-220.79999999999998,83.4,False
Stephen Curry,153.6,107.39999999999999,False
Stephen Curry,-44.400000000000006,295.8,True
Stephen Curry,114.0,228.6,False
Stephen Curry,170.39999999999998,329.40000000000003,True
Stephen Curry,-10.8,71.39999999999999,True
Stephen Curry,25.200000000000003,369.0,False
Stephen Curry,195.6,181.79999999999998,False
Stephen Curry,165.6,231.0,True
Stephen Curry,-93.6,225.0,True
Stephen Curry,-175.2,325.79999999999995,False
Stephen Curry,-207.6,267.0,False
Stephen Curry,-64.8,240.6,False
Stephen Curry,157.2,223.79999999999998,True
Stephen Curry,-56.4,113.4,False
Stephen Curry,104.39999999999999,299.4,False
Stephen Curry,-4.8,339.0,False
Stephen Curry,-226.8,169.8,True
Stephen Curry,206.39999999999998,276.6,True
Stephen Curry,-136.8,339.0,False
Stephen Curry,-33.599999999999994,319.79999999999995,False
Stephen Curry,193.20000000000002,208.20000000000005,False
Stephen Curry,286.8,90.6,False
Stephen Curry,-195.6,99.0,False
Stephen Curry,-15.600000000000001,64.19999999999999,False
Stephen Curry,199.20000000000002,335.4,True
Stephen Curry,290.4,66.6,True
Stephen Curry,-135.60000000000002,244.20000000000002,True
Stephen Curry,103.19999999999999,412.2,True
Stephen Curry,192.0,151.8,True
Stephen Curry,-15.600000000000001,66.6,False
Stephen Curry,22.8,270.6,False
Stephen Curry,201.60000000000002,299.4,True
Stephen Curry,-277.20000000000005,76.2,False
Stephen Curry,133.2,257.4,False
Stephen Curry,32.4,115.8,True
Stephen Curry,-199.20000000000002,223.79999999999998,False
Stephen Curry,-2.4,81.0,True
Stephen Curry,8.399999999999999,67.80000000000001,True
Stephen Curry,235.2,142.2,True
Stephen Curry,8.399999999999999,63.0,False
Stephen Curry,4.8,87.0,False
Stephen Curry,2.4,59.4,True
Stephen Curry,87.6,106.19999999999999,True
Stephen Curry,-240.0,287.4,False
Stephen Curry,193.20000000000002,295.8,False
Stephen Curry,212.39999999999998,143.4,True
Stephen Curry,271.20000000000005,225.0,False
Stephen Curry,-186.0,303.0,False
Stephen Curry,-14.4,312.6,False
Stephen Curry,294.0,143.4,False
Stephen Curry,244.79999999999995,270.6,False
Stephen Curry,261.6,205.79999999999998,True
Stephen Curry,-237.6,162.6,True
Stephen Curry,-277.20000000000005,201.0,True
Stephen Curry,-169.2,238.20000000000002,True
Stephen Curry,108.0,103.8,False
Stephen Curry,129.6,345.0,False
Stephen Curry,-4.8,250.20000000000002,False
Stephen Curry,290.4,132.60000000000002,False
Stephen Curry,153.6,331.79999999999995,True
Stephen Curry,-123.60000000000001,270.6,True
Stephen Curry,-18.0,79.8,False
Stephen Curry,-114.0,355.8,True
Stephen Curry,286.8,85.80000000000001,True
Stephen Curry,-63.599999999999994,119.4,False
Stephen Curry,-0.0,371.4,True
Stephen Curry,-168.0,345.0,False
Stephen Curry,21.6,71.39999999999999,True
Stephen Curry,-237.6,166.2,True
Stephen Curry,210.0,189.0,True
Stephen Curry,-20.400000000000002,87.0,False
Stephen Curry,-222.0,261.0,False
Stephen Curry,93.6,269.4,True
Stephen Curry,-222.0,287.4,True
Stephen Curry,-195.6,168.60000000000002,True
Stephen Curry,120.0,234.6,False
Stephen Curry,-271.20000000000005,205.79999999999998,True
Stephen Curry,90.0,375.0,False
Stephen Curry,-106.8,93.0,False
Stephen Curry,-156.0,327.0,False
Stephen Curry,80.4,367.8,True
Stephen Curry,-217.20000000000005,129.0,True
Stephen Curry,189.6,323.40000000000003,True
Stephen Curry,-146.4,179.4,False
Stephen Curry,-0.0,283.8,False
Stephen Curry,-37.2,106.19999999999999,False
Stephen Curry,111.6,192.6,False
Stephen Curry,260.4,223.79999999999998,True
Stephen Curry,-7.2,57.0,True
Stephen Curry,32.4,300.6,True
Stephen Curry,-171.60000000000002,261.0,True
Stephen Curry,120.0,175.8,True
Stephen Curry,136.8,348.6,False
Stephen Curry,-105.60000000000002,348.6,True
Stephen Curry,-159.6,228.6,False
Stephen Curry,25.200000000000003,187.8,False
Stephen Curry,126.0,237.0,False
Stephen Curry,-129.6,274.20000000000005,False
Stephen Curry,202.79999999999998,277.79999999999995,False
Stephen Curry,-15.600000000000001,325.79999999999995,True
Stephen Curry,9.6,77.4,False
Stephen Curry,-82.8,247.79999999999995,True
Stephen Curry,28.8,376.2,True
Stephen Curry,-129.6,253.79999999999998,True
Stephen Curry,144.0,241.79999999999995,False
Stephen Curry,-175.2,192.6,False
Stephen Curry,238.8,277.79999999999995,False
Stephen Curry,-0.0,259.79999999999995,False
Stephen Curry,12.0,263.4,False
Stephen Curry,222.0,287.4,True
Stephen Curry,85.19999999999999,376.2,True
Stephen Curry,-182.4,335.4,True
Stephen Curry,-54.0,253.79999999999998,False
Stephen Curry,-172.8,202.20000000000002,False
Stephen Curry,242.4,263.4,False
Stephen Curry,-20.400000000000002,77.4,False
Stephen Curry,-18.0,263.4,False
Stephen Curry,-24.0,83.4,False
Stephen Curry,87.6,269.4,True
Stephen Curry,-10.8,66.6,True
Stephen Curry,-136.8,233.4,True
Stephen Curry,19.2,381.0,False
Stephen Curry,237.6,246.60000000000002,True
Stephen Curry,186.0,251.4,True
Stephen Curry,-159.6,247.79999999999995,False
Stephen Curry,-122.39999999999998,382.2,False
Stephen Curry,126.0,367.8,True
Stephen Curry,-110.39999999999999,253.79999999999998,True
Stephen Curry,8.399999999999999,77.4,False
Stephen Curry,-7.2,384.59999999999997,True
Stephen Curry,156.0,217.79999999999998,False
Stephen Curry,-28.8,94.2,False
Stephen Curry,146.4,335.4,True
Stephen Curry,-228.0,276.6,False
Stephen Curry,-1.2,264.6,True
Stephen Curry,-44.400000000000006,159.0,False
Stephen Curry,108.0,220.20000000000005,False
Stephen Curry,-10.8,90.6,False
Stephen Curry,267.6,143.4,False
Stephen Curry,271.20000000000005,63.0,True
Stephen Curry,-7.2,241.79999999999995,True
Stephen Curry,8.399999999999999,73.80000000000001,False
Stephen Curry,-139.2,355.8,False
Stephen Curry,-217.20000000000005,291.0,False
Stephen Curry,142.79999999999998,336.6,True
Stephen Curry,103.19999999999999,263.4,False
Stephen Curry,-237.6,201.0,False
Stephen Curry,-18.0,310.2,False
Stephen Curry,111.6,237.0,True
Stephen Curry,-80.4,361.8,False
Stephen Curry,228.0,443.40000000000003,False
Stephen Curry,186.0,323.40000000000003,False
Stephen Curry,163.20000000000002,237.0,False
Stephen Curry,180.0,336.6,True
Stephen Curry,2.4,388.2,True
Stephen Curry,170.39999999999998,342.6,True
Stephen Curry,-84.0,142.2,False
Stephen Curry,28.8,391.8,True
Stephen Curry,-103.19999999999999,238.20000000000002,True
Stephen Curry,-158.39999999999998,174.60000000000002,False
Stephen Curry,-194.4,303.0,True
Stephen Curry,255.60000000000002,233.4,True
Stephen Curry,-37.2,299.4,False
Stephen Curry,-211.20000000000005,70.2,False
Stephen Curry,-99.60000000000001,276.6,False
Stephen Curry,8.399999999999999,70.2,True
Stephen Curry,-90.0,286.20000000000005,True
Stephen Curry,61.19999999999999,382.2,False
Stephen Curry,-152.4,184.2,True
Stephen Curry,6.0,391.8,True
Stephen Curry,49.199999999999996,365.4,False
Stephen Curry,-203.99999999999997,333.0,True
Stephen Curry,219.6,66.6,False
Stephen Curry,-146.4,217.79999999999998,False
Stephen Curry,123.60000000000001,210.6,False
Stephen Curry,150.0,211.79999999999998,True
Stephen Curry,-158.39999999999998,204.60000000000002,True
Stephen Curry,70.80000000000001,309.0,False
Stephen Curry,-2.4,155.4,False
Stephen Curry,-112.8,185.4,True
Stephen Curry,104.39999999999999,395.40000000000003,False
Stephen Curry,-18.0,259.79999999999995,True
Stephen Curry,178.8,309.0,False
Stephen Curry,104.39999999999999,322.2,True
Stephen Curry,169.2,217.79999999999998,True
Stephen Curry,12.0,73.80000000000001,True
Stephen Curry,178.8,322.2,False
Stephen Curry,-82.8,345.0,False
Stephen Curry,130.8,227.4,False
Stephen Curry,-208.79999999999998,313.8,True
Stephen Curry,-28.8,103.8,True
Stephen Curry,-12.0,287.4,False
Stephen Curry,-256.79999999999995,102.60000000000001,False
Stephen Curry,106.8,353.4,True
Stephen Curry,-15.600000000000001,94.2,False
Stephen Curry,-99.60000000000001,342.6,True
Stephen Curry,254.39999999999998,117.0,False
Stephen Curry,28.8,100.19999999999999,False
Stephen Curry,-15.600000000000001,237.0,False
Stephen Curry,8.399999999999999,148.2,True
Stephen Curry,176.39999999999998,293.4,False
Stephen Curry,44.400000000000006,352.20000000000005,True
Stephen Curry,55.199999999999996,348.6,True
Stephen Curry,-10.8,57.0,True
Stephen Curry,-116.4,79.8,True
Stephen Curry,248.4,228.6,True
Stephen Curry,183.60000000000002,71.39999999999999,True
Stephen Curry,-120.0,289.8,False
Stephen Curry,108.0,336.6,False
Stephen Curry,-50.400000000000006,287.4,False
Stephen Curry,-129.6,106.19999999999999,False
Stephen Curry,-127.19999999999999,327.0,True
Stephen Curry,172.8,297.0,False
Stephen Curry,146.4,55.8,True
Stephen Curry,238.8,240.6,False
Stephen Curry,-2.4,237.0,False
Stephen Curry,111.6,273.0,True
Stephen Curry,-159.6,204.60000000000002,False
Stephen Curry,-2.4,318.6,True
Stephen Curry,228.0,247.79999999999995,False
Stephen Curry,-182.4,309.0,False
Stephen Curry,-64.8,195.0,True
Stephen Curry,-0.0,89.4,True
Stephen Curry,-97.2,267.0,False
Stephen Curry,-10.8,67.80000000000001,True
Stephen Curry,-27.599999999999998,358.20000000000005,False
Stephen Curry,-99.60000000000001,327.0,True
Stephen Curry,-120.0,263.4,True
Stephen Curry,80.4,367.8,False
Stephen Curry,19.2,81.0,True
Stephen Curry,81.60000000000001,287.4,True
Stephen Curry,-211.20000000000005,313.8,False
Stephen Curry,-148.8,231.0,False
Stephen Curry,-169.2,329.40000000000003,False
Stephen Curry,-25.200000000000003,197.39999999999998,True
Stephen Curry,12.0,85.80000000000001,False
Stephen Curry,202.79999999999998,277.79999999999995,False
Stephen Curry,-31.200000000000003,381.0,False
Stephen Curry,-220.79999999999998,79.8,True
Stephen Curry,106.8,253.79999999999998,False
Stephen Curry,-203.99999999999997,372.59999999999997,False
Stephen Curry,22.8,89.4,False
Stephen Curry,-141.60000000000002,247.79999999999995,True
Stephen Curry,-7.2,385.8,False
Stephen Curry,31.200000000000003,369.0,False
Stephen Curry,104.39999999999999,263.4,True
Stephen Curry,-93.6,267.0,False
Stephen Curry,-80.4,274.20000000000005,False
Stephen Curry,278.4,71.39999999999999,True
Stephen Curry,147.60000000000002,257.4,False
Stephen Curry,-152.4,359.4,True
Stephen Curry,-136.8,349.79999999999995,True
Stephen Curry,-78.0,148.2,False
Stephen Curry,-0.0,214.20000000000005,False
Stephen Curry,-172.8,240.6,False
Stephen Curry,-20.400000000000002,240.6,True
Stephen Curry,54.0,255.00000000000003,True
Stephen Curry,-20.400000000000002,161.39999999999998,False
Stephen Curry,108.0,81.0,False
Stephen Curry,-127.19999999999999,289.8,False
Stephen Curry,157.2,323.40000000000003,True
Stephen Curry,-21.6,83.4,True
Stephen Curry,153.6,280.20000000000005,True
Stephen Curry,120.0,345.0,False
Stephen Curry,237.6,264.6,False
Stephen Curry,28.8,145.79999999999998,False
Stephen Curry,80.4,363.0,False
Stephen Curry,-25.200000000000003,79.8,True
Stephen Curry,25.200000000000003,109.8,False
Stephen Curry,170.39999999999998,225.0,False
Stephen Curry,114.0,342.6,False
Stephen Curry,-24.0,283.8,True
Stephen Curry,-273.6,73.80000000000001,True
Stephen Curry,-237.6,304.2,False
Stephen Curry,-168.0,214.20000000000005,True
Stephen Curry,-10.8,181.79999999999998,False
Stephen Curry,28.8,117.0,True
Stephen Curry,-135.60000000000002,345.0,False
Stephen Curry,-27.599999999999998,372.59999999999997,False
Stephen Curry,-184.79999999999998,198.6,False
Stephen Curry,18.0,79.8,True
Stephen Curry,25.200000000000003,300.6,True
Stephen Curry,-44.400000000000006,117.0,True
Stephen Curry,4.8,73.80000000000001,True
Stephen Curry,277.20000000000005,60.6,False
Stephen Curry,241.20000000000002,234.6,True
Stephen Curry,-148.8,353.4,True
Stephen Curry,-0.0,397.79999999999995,False
Stephen Curry,-10.8,358.20000000000005,True
Stephen Curry,-64.8,327.0,False
Stephen Curry,18.0,359.4,False
Stephen Curry,-168.0,223.79999999999998,False
Stephen Curry,-171.60000000000002,316.2,True
Stephen Curry,150.0,246.60000000000002,True
Stephen Curry,133.2,76.2,False
Stephen Curry,-146.4,247.79999999999995,False
Stephen Curry,-46.8,295.8,False
Stephen Curry,78.0,348.6,False
Stephen Curry,288.0,113.4,False
Stephen Curry,-103.19999999999999,280.20000000000005,False
Stephen Curry,91.2,151.8,False
Stephen Curry,-27.599999999999998,73.80000000000001,False
Stephen Curry,-10.8,210.6,True
Stephen Curry,9.6,202.20000000000002,False
Stephen Curry,27.599999999999998,297.0,False
Stephen Curry,218.4,77.4,False
Stephen Curry,170.39999999999998,335.4,False
Stephen Curry,-171.60000000000002,335.4,False
Stephen Curry,170.39999999999998,352.20000000000005,True
Stephen Curry,-4.8,649.8,False
Stephen Curry,-142.79999999999998,220.20000000000005,True
Stephen Curry,8.399999999999999,153.0,True
Stephen Curry,-195.6,303.0,False
Stephen Curry,116.4,112.2,False
Stephen Curry,-220.79999999999998,83.4,False
Stephen Curry,201.60000000000002,318.6,True
Stephen Curry,-28.8,291.0,True
Stephen Curry,-40.800000000000004,389.40000000000003,False
Stephen Curry,142.79999999999998,109.8,False
Stephen Curry,-165.6,353.4,False
Stephen Curry,-165.6,348.6,True
Stephen Curry,-184.79999999999998,329.40000000000003,True
Stephen Curry,2.4,407.40000000000003,False
Stephen Curry,-162.0,348.6,False
Stephen Curry,-132.0,349.79999999999995,True
Stephen Curry,-148.8,217.79999999999998,False
Stephen Curry,-7.2,90.6,False
Stephen Curry,-222.0,77.4,False
Stephen Curry,-154.8,189.0,False
Stephen Curry,250.79999999999995,233.4,True
Stephen Curry,273.6,120.60000000000001,True
Stephen Curry,-152.4,282.6,True
Stephen Curry,-20.400000000000002,109.8,True
Stephen Curry,170.39999999999998,204.60000000000002,True
Stephen Curry,-96.0,238.20000000000002,True
Stephen Curry,280.8,59.4,True
Stephen Curry,100.80000000000001,106.19999999999999,False
Stephen Curry,237.6,255.00000000000003,False
Stephen Curry,-25.200000000000003,71.39999999999999,True
Stephen Curry,-38.4,361.8,False
Stephen Curry,-97.2,87.0,False
Stephen Curry,-100.80000000000001,282.6,True
Stephen Curry,-78.0,353.4,False
Stephen Curry,-163.20000000000002,312.6,False
Stephen Curry,12.0,109.8,False
Stephen Curry,57.6,83.4,False
Stephen Curry,21.6,100.19999999999999,False
Stephen Curry,271.20000000000005,42.599999999999994,False
Stephen Curry,-188.4,240.6,False
Stephen Curry,284.4,181.79999999999998,False
Stephen Curry,225.6,185.4,False
Stephen Curry,54.0,358.20000000000005,False
Stephen Curry,-260.4,221.4,True
Stephen Curry,8.399999999999999,101.39999999999999,True
Stephen Curry,-70.80000000000001,371.4,True
Stephen Curry,-21.6,95.4,False
Stephen Curry,174.0,197.39999999999998,True
Stephen Curry,-72.0,366.59999999999997,False
Stephen Curry,-220.79999999999998,291.0,True
Stephen Curry,-189.6,61.800000000000004,True
Stephen Curry,-130.8,345.0,False
Stephen Curry,-123.60000000000001,233.4,True
Stephen Curry,-67.19999999999999,195.0,True
Stephen Curry,135.60000000000002,201.0,True
Stephen Curry,258.0,214.20000000000005,False
Stephen Curry,-106.8,235.8,False
Stephen Curry,-127.19999999999999,341.4,False
Stephen Curry,130.8,221.4,True
Stephen Curry,-99.60000000000001,397.79999999999995,False
Stephen Curry,-163.20000000000002,132.60000000000002,False
Stephen Curry,142.79999999999998,183.0,False
Stephen Curry,-108.0,360.59999999999997,False
Stephen Curry,176.39999999999998,345.0,True
Stephen Curry,-180.0,315.0,True
Stephen Curry,-10.8,84.6,True
Stephen Curry,-97.2,384.59999999999997,False
Stephen Curry,-85.19999999999999,255.00000000000003,True
Stephen Curry,-163.20000000000002,347.4,False
Stephen Curry,283.20000000000005,102.60000000000001,True
Stephen Curry,38.4,101.39999999999999,False
Stephen Curry,27.599999999999998,119.4,True
Stephen Curry,13.200000000000003,82.19999999999999,True
Stephen Curry,212.39999999999998,315.0,False
Stephen Curry,-45.6,360.59999999999997,True
Stephen Curry,-67.19999999999999,211.79999999999998,False
Stephen Curry,-2.4,396.59999999999997,True
Stephen Curry,30.0,403.8,True
Stephen Curry,69.6,123.0,True
Stephen Curry,-158.39999999999998,337.79999999999995,False
Stephen Curry,-110.39999999999999,251.4,True
Stephen Curry,157.2,340.20000000000005,False
Stephen Curry,-270.0,94.2,False
Stephen Curry,-268.79999999999995,163.8,False
Stephen Curry,-151.2,321.0,True
Stephen Curry,28.8,84.6,True
Stephen Curry,-140.4,323.40000000000003,False
Stephen Curry,-75.6,353.4,False
Stephen Curry,-7.2,77.4,True
Stephen Curry,-247.20000000000002,222.6,True
Stephen Curry,-31.200000000000003,271.79999999999995,True
Stephen Curry,210.0,289.8,True
Stephen Curry,-3.6,72.6,False
Stephen Curry,-0.0,76.2,False
Stephen Curry,265.20000000000005,198.6,True
Stephen Curry,133.2,358.20000000000005,False
Stephen Curry,9.6,71.39999999999999,True
Stephen Curry,208.79999999999998,297.0,False
Stephen Curry,282.0,63.0,True
Stephen Curry,188.4,313.8,False
Stephen Curry,7.2,67.80000000000001,True
Stephen Curry,-256.79999999999995,214.20000000000005,False
Stephen Curry,223.2,159.0,False
Stephen Curry,192.0,209.39999999999998,False
Stephen Curry,-171.60000000000002,339.0,False
Stephen Curry,-36.0,105.0,False
Stephen Curry,172.8,307.8,True
Stephen Curry,148.8,354.6,True
Stephen Curry,-198.0,421.8,False
Stephen Curry,-289.20000000000005,126.60000000000001,True
Stephen Curry,-21.6,94.2,False
Stephen Curry,9.6,225.0,False
Stephen Curry,-250.79999999999995,257.4,False
Stephen Curry,-136.8,340.20000000000005,True
Stephen Curry,-156.0,319.79999999999995,True
Stephen Curry,-168.0,163.8,True
Stephen Curry,3.6,103.8,True
Stephen Curry,-244.79999999999995,69.0,False
Stephen Curry,-6.0,57.0,False
Stephen Curry,212.39999999999998,282.6,False
Stephen Curry,159.6,329.40000000000003,True
Stephen Curry,-276.0,130.2,False
Stephen Curry,7.2,75.0,True
Stephen Curry,-75.6,275.4,False
Stephen Curry,91.2,359.4,True
Stephen Curry,-124.80000000000001,358.20000000000005,False
Stephen Curry,-24.0,383.4,False
Stephen Curry,55.199999999999996,252.60000000000002,True
Stephen Curry,272.4,61.800000000000004,False
Stephen Curry,280.8,58.2,False
Stephen Curry,122.39999999999998,233.4,True
Stephen Curry,172.8,324.6,True
Stephen Curry,-283.20000000000005,87.0,True
Stephen Curry,-2.4,106.19999999999999,True
Stephen Curry,-121.2,165.0,False
Stephen Curry,21.6,375.0,False
Stephen Curry,-278.4,79.8,False
Stephen Curry,172.8,793.8000000000001,False
Stephen Curry,199.20000000000002,292.20000000000005,True
Stephen Curry,-4.8,84.6,False
Stephen Curry,-6.0,87.0,True
Stephen Curry,-126.0,258.6,False
Stephen Curry,-271.20000000000005,156.6,False
Stephen Curry,201.60000000000002,323.40000000000003,False
Stephen Curry,106.8,393.0,True
Stephen Curry,-211.20000000000005,286.20000000000005,True
Stephen Curry,20.400000000000002,106.19999999999999,False
Stephen Curry,-74.4,364.20000000000005,True
Stephen Curry,-150.0,377.4,True
Stephen Curry,42.0,112.2,True
Stephen Curry,-15.600000000000001,365.4,False
Stephen Curry,19.2,385.8,True
Stephen Curry,134.39999999999998,61.800000000000004,True
Stephen Curry,-73.2,363.0,False
Stephen Curry,15.600000000000001,382.2,True
Stephen Curry,-216.0,285.0,True
Stephen Curry,21.6,70.2,True
Stephen Curry,-114.0,108.60000000000002,True
Stephen Curry,-9.6,78.6,True
Stephen Curry,-87.6,366.59999999999997,True
Stephen Curry,24.0,364.20000000000005,True
Stephen Curry,94.8,497.4000000000001,True
Stephen Curry,160.8,377.4,False
Stephen Curry,-237.6,106.19999999999999,False
Stephen Curry,-182.4,160.20000000000002,False
Stephen Curry,-12.0,76.2,True
Stephen Curry,97.2,348.6,False
Stephen Curry,-273.6,145.79999999999998,False
Stephen Curry,72.0,354.6,True
Stephen Curry,273.6,100.19999999999999,False
Stephen Curry,9.6,58.2,True
Stephen Curry,-7.2,75.0,True
Stephen Curry,34.8,364.20000000000005,False
Stephen Curry,-237.6,229.8,True
Stephen Curry,238.8,233.4,True
Stephen Curry,273.6,70.2,False
Stephen Curry,3.6,87.0,False
Stephen Curry,-13.200000000000003,83.4,True
Stephen Curry,4.8,93.0,False
Stephen Curry,66.0,83.4,False
Stephen Curry,98.39999999999999,340.20000000000005,False
Stephen Curry,232.8,244.20000000000002,False
Stephen Curry,-147.60000000000002,113.4,False
Stephen Curry,174.0,574.2,False
Stephen Curry,-7.2,87.0,False
Stephen Curry,27.599999999999998,77.4,False
Stephen Curry,115.2,239.4,True
Stephen Curry,106.8,378.6,True
Stephen Curry,2.4,156.6,True
Stephen Curry,-158.39999999999998,334.2,True
Stephen Curry,-156.0,143.4,True
Stephen Curry,-7.2,63.0,True
Stephen Curry,-46.8,874.1999999999999,False
Stephen Curry,3.6,82.19999999999999,False
Stephen Curry,-138.0,228.6,True
Stephen Curry,-230.4,279.0,True
Stephen Curry,-139.2,341.4,False
Stephen Curry,-79.19999999999999,354.6,False
Stephen Curry,-101.99999999999999,383.4,False
Stephen Curry,6.0,365.4,False
Stephen Curry,8.399999999999999,851.4,False
Stephen Curry,-2.4,90.6,True
Stephen Curry,-62.400000000000006,172.2,False
Stephen Curry,122.39999999999998,364.20000000000005,False
Stephen Curry,-124.80000000000001,359.4,True
Stephen Curry,-1.2,101.39999999999999,False
Stephen Curry,6.0,76.2,True
Stephen Curry,187.2,313.8,False
Stephen Curry,-3.6,76.2,True
Stephen Curry,7.2,84.6,True
Stephen Curry,-153.6,340.20000000000005,False
Stephen Curry,-267.6,142.2,True
Stephen Curry,-152.4,334.2,True
Stephen Curry,-33.599999999999994,383.4,False
Stephen Curry,-1.2,133.8,True
Stephen Curry,15.600000000000001,73.80000000000001,True
Stephen Curry,-153.6,371.4,True
Stephen Curry,-172.8,340.20000000000005,False
Stephen Curry,-270.0,112.2,True
Stephen Curry,-200.39999999999998,301.8,False
Stephen Curry,-187.2,347.4,False
Stephen Curry,-192.0,316.2,True
Stephen Curry,-156.0,335.4,True
Stephen Curry,82.8,250.20000000000002,True
Stephen Curry,-271.20000000000005,193.79999999999998,False
Stephen Curry,205.20000000000002,789.0,False
Stephen Curry,-10.8,87.0,True
Stephen Curry,-43.2,377.4,False
Stephen Curry,-174.0,319.79999999999995,True
Stephen Curry,-270.0,126.60000000000001,False
Stephen Curry,7.2,387.0,False
Stephen Curry,-152.4,336.6,False
Stephen Curry,2.4,90.6,True
Stephen Curry,-31.200000000000003,102.60000000000001,False
Stephen Curry,-126.0,366.59999999999997,True
Stephen Curry,-2.4,185.4,True
Stephen Curry,-15.600000000000001,381.0,False
Stephen Curry,-188.4,359.4,False
Stephen Curry,140.4,249.0,True
Stephen Curry,160.8,400.2,True
Stephen Curry,182.4,310.2,False
Stephen Curry,30.0,96.60000000000001,False
Stephen Curry,223.2,294.59999999999997,False
Stephen Curry,223.2,271.79999999999995,True
Stephen Curry,114.0,341.4,True
Stephen Curry,-64.8,354.6,False
Stephen Curry,-45.6,89.4,True
Stephen Curry,-244.79999999999995,215.39999999999998,False
Stephen Curry,18.0,70.2,True
Stephen Curry,-133.2,340.20000000000005,False
Stephen Curry,-228.0,301.8,False
Stephen Curry,-105.60000000000002,334.2,False
Stephen Curry,-32.4,88.19999999999999,True
Stephen Curry,-256.79999999999995,207.0,True
Stephen Curry,-212.39999999999998,288.59999999999997,True
Stephen Curry,-280.8,89.4,False
Stephen Curry,-91.2,372.59999999999997,False
Stephen Curry,-127.19999999999999,75.0,True
Stephen Curry,4.8,366.59999999999997,False
Stephen Curry,234.0,271.79999999999995,True
Stephen Curry,-277.20000000000005,123.0,True
Stephen Curry,38.4,82.19999999999999,False
Stephen Curry,-15.600000000000001,112.2,False
Stephen Curry,-15.600000000000001,81.0,True
Stephen Curry,-3.6,103.8,True
Stephen Curry,32.4,81.0,True
Stephen Curry,66.0,387.0,True
Stephen Curry,273.6,93.0,False
Stephen Curry,43.2,70.2,False
Stephen Curry,-165.6,315.0,False
Stephen Curry,274.79999999999995,58.2,False
Stephen Curry,-276.0,143.4,False
Stephen Curry,274.79999999999995,70.2,False
Stephen Curry,-156.0,333.0,False
Stephen Curry,-195.6,299.4,False
Stephen Curry,-44.400000000000006,119.4,False
Stephen Curry,-1.2,70.2,True
Stephen Curry,-282.0,161.39999999999998,False
Stephen Curry,84.0,360.59999999999997,True
Stephen Curry,22.8,73.80000000000001,True
Stephen Curry,-19.2,72.6,False
Stephen Curry,21.6,75.0,False
Stephen Curry,195.6,288.59999999999997,False
Stephen Curry,-80.4,129.0,True
Stephen Curry,-267.6,214.20000000000005,False
Stephen Curry,6.0,77.4,True
Stephen Curry,45.6,390.59999999999997,True
Stephen Curry,-175.2,305.4,False
Stephen Curry,-112.8,106.19999999999999,True
Stephen Curry,1.2,216.6,False
Stephen Curry,60.0,378.6,True
Stephen Curry,-157.2,335.4,True
Stephen Curry,54.0,366.59999999999997,True
Stephen Curry,-10.8,83.4,True
Stephen Curry,-22.8,106.19999999999999,False
Stephen Curry,201.60000000000002,223.79999999999998,False
Stephen Curry,-174.0,324.6,True
Stephen Curry,-6.0,76.2,True
Stephen Curry,203.99999999999997,220.20000000000005,True
Stephen Curry,235.2,259.79999999999995,True
Stephen Curry,234.0,605.4000000000001,False
Stephen Curry,-178.8,337.79999999999995,False
Stephen Curry,-169.2,313.8,False
Stephen Curry,-228.0,265.79999999999995,True
Stephen Curry,-7.2,99.0,True
Stephen Curry,19.2,258.6,True
Stephen Curry,235.2,257.4,False
Stephen Curry,-282.0,95.4,True
Stephen Curry,-55.199999999999996,187.8,True
Stephen Curry,-198.0,324.6,True
Stephen Curry,-132.0,239.4,False
Stephen Curry,7.2,396.59999999999997,True
Stephen Curry,-190.8,304.2,False
Stephen Curry,188.4,315.0,False
Stephen Curry,-98.39999999999999,301.8,True
Stephen Curry,14.4,84.6,True
Stephen Curry,172.8,355.8,False
Stephen Curry,271.20000000000005,148.2,True
Stephen Curry,202.79999999999998,322.2,True
Stephen Curry,-157.2,348.6,True
Stephen Curry,-3.6,81.0,True
Stephen Curry,-150.0,335.4,False
Stephen Curry,93.6,251.4,True
Stephen Curry,-73.2,370.20000000000005,True
Stephen Curry,-2.4,379.8,True
Stephen Curry,157.2,369.0,False
Stephen Curry,-210.0,288.59999999999997,True
Stephen Curry,253.20000000000002,209.39999999999998,True
Stephen Curry,163.20000000000002,322.2,True
Stephen Curry,-182.4,321.0,True
Stephen Curry,93.6,253.79999999999998,False
Stephen Curry,-84.0,365.4,False
Stephen Curry,21.6,87.0,True
Stephen Curry,203.99999999999997,288.59999999999997,True
Stephen Curry,10.8,150.6,False
Stephen Curry,-159.6,327.0,False
Stephen Curry,180.0,310.2,False
Stephen Curry,271.20000000000005,198.6,False
Stephen Curry,-272.4,77.4,False
Stephen Curry,265.20000000000005,208.20000000000005,False
Stephen Curry,22.8,378.6,True
Stephen Curry,-15.600000000000001,84.6,False
Stephen Curry,214.79999999999998,280.20000000000005,False
Stephen Curry,48.0,378.6,False
Stephen Curry,-277.20000000000005,177.0,False
Stephen Curry,214.79999999999998,285.0,True
Stephen Curry,-126.0,352.20000000000005,True
Stephen Curry,-256.79999999999995,227.4,True
Stephen Curry,6.0,81.0,False
Stephen Curry,7.2,749.4,False
Stephen Curry,94.8,347.4,True
Stephen Curry,-192.0,285.0,False
Stephen Curry,-0.0,66.6,False
Stephen Curry,-114.0,265.79999999999995,True
Stephen Curry,231.6,268.20000000000005,False
Stephen Curry,-28.8,370.20000000000005,False
Stephen Curry,-3.6,69.0,False
Stephen Curry,15.600000000000001,375.0,False
Stephen Curry,-78.0,366.59999999999997,True
Stephen Curry,-3.6,72.6,False
Stephen Curry,194.4,287.4,False
Stephen Curry,-123.60000000000001,341.4,False
Stephen Curry,10.8,94.2,False
Stephen Curry,182.4,300.6,False
Stephen Curry,-222.0,264.6,True
Stephen Curry,90.0,341.4,True
Stephen Curry,-24.0,107.39999999999999,False
Stephen Curry,-158.39999999999998,252.60000000000002,True
Stephen Curry,277.20000000000005,64.19999999999999,False
Stephen Curry,-21.6,376.2,True
Stephen Curry,-87.6,345.0,False
Stephen Curry,-172.8,639.0,False
Stephen Curry,-21.6,71.39999999999999,True
Stephen Curry,-276.0,139.8,False
Stephen Curry,-56.4,365.4,True
Stephen Curry,-104.39999999999999,355.8,True
Stephen Curry,146.4,257.4,True
Stephen Curry,-50.400000000000006,89.4,False
Stephen Curry,-7.2,251.4,True
Stephen Curry,-168.0,315.0,True
Stephen Curry,10.8,78.6,False
Stephen Curry,-9.6,82.19999999999999,False
Stephen Curry,260.4,354.6,False
Stephen Curry,153.6,370.20000000000005,False
Stephen Curry,40.800000000000004,87.0,False
Stephen Curry,-90.0,453.00000000000006,True
Stephen Curry,268.79999999999995,228.6,True
Stephen Curry,156.0,346.20000000000005,True
Stephen Curry,9.6,84.6,True
Stephen Curry,-19.2,88.19999999999999,True
Stephen Curry,-282.0,174.60000000000002,False
Stephen Curry,-7.2,73.80000000000001,True
Stephen Curry,-27.599999999999998,372.59999999999997,True
Stephen Curry,-80.4,363.0,False
Stephen Curry,-9.6,78.6,True
Stephen Curry,74.4,228.6,False
Stephen Curry,-7.2,360.59999999999997,True
Stephen Curry,9.6,87.0,True
Stephen Curry,276.0,49.800000000000004,False
Stephen Curry,196.79999999999998,289.8,True
Stephen Curry,36.0,253.79999999999998,True
Stephen Curry,250.79999999999995,222.6,False
Stephen Curry,-14.4,220.20000000000005,True
Stephen Curry,-174.0,313.8,False
Stephen Curry,-118.8,339.0,False
Stephen Curry,152.4,155.4,True
Stephen Curry,-151.2,325.79999999999995,False
Stephen Curry,-151.2,233.4,True
Stephen Curry,-202.79999999999998,306.6,False
Stephen Curry,172.8,328.2,True
Stephen Curry,-153.6,349.79999999999995,True
Stephen Curry,-163.20000000000002,215.39999999999998,True
Stephen Curry,-146.4,160.20000000000002,False
Stephen Curry,-140.4,329.40000000000003,True
Stephen Curry,-238.8,279.0,False
Stephen Curry,-13.200000000000003,75.0,True
Stephen Curry,-271.20000000000005,179.4,True
Stephen Curry,-12.0,77.4,True
Stephen Curry,-12.0,87.0,False
Stephen Curry,24.0,78.6,False
Stephen Curry,114.0,348.6,False
Stephen Curry,273.6,72.6,False
Stephen Curry,-184.79999999999998,317.40000000000003,True
Stephen Curry,106.8,373.8,False
Stephen Curry,139.2,333.0,False
Stephen Curry,-16.799999999999997,81.0,False
Stephen Curry,-39.599999999999994,369.0,False
Stephen Curry,-34.8,394.2,False
Stephen Curry,176.39999999999998,334.2,True
Stephen Curry,-26.400000000000006,389.40000000000003,True
Stephen Curry,175.2,322.2,True
Stephen Curry,7.2,88.19999999999999,True
Stephen Curry,21.6,67.80000000000001,True
Stephen Curry,163.20000000000002,352.20000000000005,False
Stephen Curry,68.4,367.8,True
Stephen Curry,157.2,334.2,False
Stephen Curry,-3.6,71.39999999999999,True
Stephen Curry,2.4,238.20000000000002,False
Stephen Curry,-39.599999999999994,366.59999999999997,False
Stephen Curry,282.0,130.2,True
Stephen Curry,151.2,345.0,False
Stephen Curry,-9.6,385.8,True
Stephen Curry,-63.599999999999994,360.59999999999997,True
Stephen Curry,178.8,336.6,True
Stephen Curry,273.6,36.6,False
Stephen Curry,8.399999999999999,88.19999999999999,True
Stephen Curry,1.2,70.2,False
Stephen Curry,236.4,274.20000000000005,False
Stephen Curry,-148.8,346.20000000000005,True
Stephen Curry,-139.2,364.20000000000005,False
Stephen Curry,-188.4,299.4,True
Stephen Curry,10.8,81.0,True
Stephen Curry,-237.6,255.00000000000003,False
Stephen Curry,-32.4,154.2,False
Stephen Curry,-18.0,81.0,True
Stephen Curry,-280.8,82.19999999999999,False
Stephen Curry,22.8,87.0,True
Stephen Curry,-2.4,89.4,False
Stephen Curry,-222.0,282.6,False
Stephen Curry,49.199999999999996,354.6,True
Stephen Curry,-142.79999999999998,258.6,True
Stephen Curry,15.600000000000001,72.6,True
Stephen Curry,162.0,264.6,False
Stephen Curry,246.0,223.79999999999998,True
Stephen Curry,-273.6,88.19999999999999,False
Stephen Curry,-3.6,391.8,True
Stephen Curry,183.60000000000002,340.20000000000005,False
Stephen Curry,-15.600000000000001,64.19999999999999,True
Stephen Curry,-9.6,75.0,True
Stephen Curry,280.8,69.0,False
Stephen Curry,-120.0,359.4,False
Stephen Curry,115.2,370.20000000000005,True
Stephen Curry,248.4,249.0,False
Stephen Curry,264.0,125.39999999999998,False
Stephen Curry,94.8,337.79999999999995,True
Stephen Curry,10.8,64.19999999999999,True
Stephen Curry,222.0,249.0,True
Stephen Curry,69.6,89.4,False
Stephen Curry,7.2,371.4,True
Stephen Curry,103.19999999999999,93.0,True
Stephen Curry,-142.79999999999998,125.39999999999998,True
Stephen Curry,180.0,307.8,False
Stephen Curry,-108.0,405.0,True
Stephen Curry,266.4,125.39999999999998,False
Stephen Curry,-93.6,354.6,True
Stephen Curry,-136.8,370.20000000000005,False
Stephen Curry,273.6,47.4,True
Stephen Curry,-276.0,137.39999999999998,True
Stephen Curry,-9.6,81.0,False
Stephen Curry,-229.2,289.8,True
Stephen Curry,-100.80000000000001,369.0,True
Stephen Curry,-128.39999999999998,240.6,True
Stephen Curry,222.0,288.59999999999997,True
Stephen Curry,278.4,118.2,True
Stephen Curry,-256.79999999999995,232.2,False
Stephen Curry,-91.2,372.59999999999997,True
Stephen Curry,-153.6,352.20000000000005,True
Stephen Curry,1.2,84.6,True
Stephen Curry,158.39999999999998,378.6,False
Stephen Curry,-21.6,378.6,True
Stephen Curry,16.799999999999997,88.19999999999999,True
Stephen Curry,-28.8,101.39999999999999,True
Stephen Curry,218.4,299.4,True
Stephen Curry,19.2,71.39999999999999,True
Stephen Curry,-152.4,340.20000000000005,False
Stephen Curry,283.20000000000005,36.6,True
Stephen Curry,-106.8,358.20000000000005,False
Stephen Curry,13.200000000000003,151.8,False
Stephen Curry,164.39999999999998,333.0,True
Stephen Curry,112.8,370.20000000000005,True
Stephen Curry,51.599999999999994,157.8,False
Stephen Curry,-79.19999999999999,325.79999999999995,False
Stephen Curry,22.8,72.6,False
Stephen Curry,-8.399999999999999,76.2,True
Stephen Curry,-228.0,287.4,False
Stephen Curry,256.79999999999995,69.0,True
Stephen Curry,-91.2,382.2,False
Stephen Curry,-260.4,215.39999999999998,False
Stephen Curry,266.4,151.8,False
Stephen Curry,-265.20000000000005,226.2,True
Stephen Curry,-199.20000000000002,301.8,False
Stephen Curry,-166.8,341.4,False
Stephen Curry,6.0,63.0,True
Stephen Curry,241.20000000000002,246.60000000000002,True
Stephen Curry,-0.0,79.8,True
Stephen Curry,243.6,240.6,True
Stephen Curry,8.399999999999999,70.2,True
Stephen Curry,-246.0,90.6,True
Stephen Curry,273.6,137.39999999999998,False
Stephen Curry,152.4,365.4,True
Stephen Curry,277.20000000000005,72.6,True
Stephen Curry,-10.8,371.4,False
Stephen Curry,-7.2,88.19999999999999,True
Stephen Curry,208.79999999999998,299.4,True
Stephen Curry,-165.6,249.0,True
Stephen Curry,19.2,75.0,False
Stephen Curry,-142.79999999999998,352.20000000000005,False
Stephen Curry,-8.399999999999999,99.0,False
Stephen Curry,-55.199999999999996,225.0,True
Stephen Curry,271.20000000000005,83.4,False
Stephen Curry,-3.6,81.0,False
Stephen Curry,-110.39999999999999,319.79999999999995,False
Stephen Curry,-13.200000000000003,93.0,True
Stephen Curry,-58.8,263.4,True
Stephen Curry,122.39999999999998,148.2,False
Stephen Curry,174.0,124.2,False
Stephen Curry,-111.6,375.0,False
Stephen Curry,2.4,96.60000000000001,True
Stephen Curry,97.2,397.79999999999995,True
Stephen Curry,203.99999999999997,295.8,False
Stephen Curry,-139.2,328.2,True
Stephen Curry,62.400000000000006,195.0,True
Stephen Curry,151.2,333.0,False
Stephen Curry,172.8,153.0,True
Stephen Curry,-22.8,371.4,True
Stephen Curry,-72.0,239.4,False
Stephen Curry,228.0,118.2,True
Stephen Curry,-146.4,346.20000000000005,True
Stephen Curry,-163.20000000000002,329.40000000000003,True
Stephen Curry,128.39999999999998,288.59999999999997,False
Stephen Curry,2.4,83.4,True
Stephen Curry,280.8,89.4,False
Stephen Curry,70.80000000000001,221.4,True
Stephen Curry,266.4,95.4,False
Stephen Curry,141.60000000000002,347.4,False
Stephen Curry,252.0,243.0,True
Stephen Curry,8.399999999999999,89.4,True
Stephen Curry,-200.39999999999998,297.0,False
Stephen Curry,13.200000000000003,87.0,False
Stephen Curry,6.0,97.8,False
Stephen Curry,9.6,96.60000000000001,True
Stephen Curry,1.2,76.2,True
Stephen Curry,-120.0,354.6,False
Stephen Curry,10.8,90.6,False
Stephen Curry,205.20000000000002,301.8,False
Stephen Curry,-165.6,198.6,False
Stephen Curry,-118.8,353.4,True
Stephen Curry,22.8,72.6,True
Stephen Curry,-169.2,186.60000000000002,True
Stephen Curry,121.2,50.99999999999999,False
Stephen Curry,4.8,364.20000000000005,False
Stephen Curry,193.20000000000002,316.2,False
Stephen Curry,271.20000000000005,163.8,True
Stephen Curry,-48.0,402.59999999999997,True
Stephen Curry,271.20000000000005,45.0,False
Stephen Curry,-134.39999999999998,246.60000000000002,False
Stephen Curry,-24.0,72.6,True
Stephen Curry,-58.8,329.40000000000003,True
Stephen Curry,133.2,321.0,False
Stephen Curry,-169.2,233.4,True
Stephen Curry,138.0,239.4,True
Stephen Curry,8.399999999999999,100.19999999999999,False
Stephen Curry,33.599999999999994,412.2,False
Stephen Curry,99.60000000000001,511.8,False
Stephen Curry,278.4,81.0,False
Stephen Curry,-26.400000000000006,190.2,False
Stephen Curry,98.39999999999999,359.4,False
Stephen Curry,-163.20000000000002,240.6,False
Stephen Curry,-21.6,82.19999999999999,False
Stephen Curry,-206.39999999999998,316.2,False
Stephen Curry,186.0,334.2,False
Stephen Curry,10.8,405.0,False
Stephen Curry,270.0,61.800000000000004,False
Stephen Curry,-120.0,353.4,False
Stephen Curry,-42.0,219.0,False
Stephen Curry,19.2,64.19999999999999,True
Stephen Curry,-128.39999999999998,364.20000000000005,False
Stephen Curry,-205.20000000000002,294.59999999999997,True
Stephen Curry,28.8,83.4,True
Stephen Curry,-12.0,81.0,True
Stephen Curry,21.6,375.0,False
Stephen Curry,34.8,399.0,True
Stephen Curry,268.79999999999995,72.6,True
Stephen Curry,6.0,78.6,True
Stephen Curry,132.0,409.8,False
Stephen Curry,-55.199999999999996,247.79999999999995,True
Stephen Curry,-175.2,304.2,True
Stephen Curry,-169.2,323.40000000000003,False
Stephen Curry,22.8,76.2,True
Stephen Curry,-99.60000000000001,363.0,True
Stephen Curry,-157.2,66.6,False
Stephen Curry,-105.60000000000002,285.0,True
Stephen Curry,-1.2,66.6,True
Stephen Curry,-182.4,301.8,False
Stephen Curry,-218.4,259.79999999999995,False
Stephen Curry,-10.8,72.6,False
Stephen Curry,12.0,69.0,True
Stephen Curry,7.2,77.4,True
Stephen Curry,270.0,160.20000000000002,True
Stephen Curry,-271.20000000000005,173.39999999999998,False
Stephen Curry,-15.600000000000001,387.0,False
Stephen Curry,-142.79999999999998,259.79999999999995,False
Stephen Curry,-6.0,228.6,True
Stephen Curry,-199.20000000000002,277.79999999999995,True
Stephen Curry,8.399999999999999,63.0,True
Stephen Curry,-74.4,247.79999999999995,False
Stephen Curry,274.79999999999995,166.2,False
Stephen Curry,138.0,227.4,False
Stephen Curry,-3.6,50.99999999999999,True
Stephen Curry,243.6,241.79999999999995,True
Stephen Curry,42.0,93.0,True
Stephen Curry,-34.8,233.4,True
Stephen Curry,-241.20000000000002,232.2,False
Stephen Curry,-265.20000000000005,78.6,False
Stephen Curry,15.600000000000001,289.8,True
Stephen Curry,-80.4,93.0,False
Stephen Curry,22.8,71.39999999999999,True
Stephen Curry,214.79999999999998,234.6,False
Stephen Curry,-19.2,63.0,True
Stephen Curry,56.4,353.4,True
Stephen Curry,-115.2,231.0,True
Stephen Curry,276.0,64.19999999999999,False
Stephen Curry,240.0,245.4,False
Stephen Curry,-248.4,243.0,False
Stephen Curry,-61.19999999999999,351.0,True
Stephen Curry,-48.0,370.20000000000005,True
Stephen Curry,115.2,190.2,False
Stephen Curry,-6.0,88.19999999999999,True
Stephen Curry,42.0,310.2,True
Stephen Curry,-144.0,366.59999999999997,False
Stephen Curry,-99.60000000000001,228.6,True
Stephen Curry,-170.39999999999998,324.6,False
Stephen Curry,-127.19999999999999,382.2,True
Stephen Curry,-126.0,243.0,False
Stephen Curry,-169.2,352.20000000000005,True
Stephen Curry,-112.8,341.4,True
Stephen Curry,-86.4,294.59999999999997,True
Stephen Curry,168.0,337.79999999999995,True
Stephen Curry,-105.60000000000002,295.8,True
Stephen Curry,112.8,371.4,False
Stephen Curry,8.399999999999999,215.39999999999998,False
Stephen Curry,186.0,311.4,False
Stephen Curry,-1.2,418.20000000000005,False
Stephen Curry,13.200000000000003,235.8,True
Stephen Curry,48.0,141.0,False
Stephen Curry,145.2,240.6,True
Stephen Curry,195.6,237.0,False
Stephen Curry,147.60000000000002,238.20000000000002,True
Stephen Curry,66.0,270.6,True
Stephen Curry,-163.20000000000002,349.79999999999995,False
Stephen Curry,-30.0,77.4,True
Stephen Curry,-122.39999999999998,305.4,False
Stephen Curry,-153.6,42.599999999999994,False
Stephen Curry,-152.4,316.2,False
Stephen Curry,-231.6,253.79999999999998,False
Stephen Curry,230.4,246.60000000000002,False
Stephen Curry,145.2,323.40000000000003,True
Stephen Curry,-4.8,69.0,True
Stephen Curry,163.20000000000002,322.2,False
Stephen Curry,154.8,341.4,False
Stephen Curry,-120.0,279.0,False
Stephen Curry,50.400000000000006,151.8,False
Stephen Curry,-120.0,384.59999999999997,False
Stephen Curry,7.2,82.19999999999999,False
Stephen Curry,-78.0,227.4,False
Stephen Curry,163.20000000000002,331.79999999999995,False
Stephen Curry,93.6,371.4,True
Stephen Curry,-165.6,321.0,False
Stephen Curry,80.4,361.8,False
Stephen Curry,236.4,301.8,True
Stephen Curry,21.6,379.8,False
Stephen Curry,3.6,271.79999999999995,True
Stephen Curry,129.6,243.0,False
Stephen Curry,188.4,226.2,True
Stephen Curry,-69.6,375.0,True
Stephen Curry,-228.0,257.4,False
Stephen Curry,123.60000000000001,217.79999999999998,False
Stephen Curry,246.0,237.0,True
Stephen Curry,277.20000000000005,43.8,False
Stephen Curry,18.0,85.80000000000001,False
Stephen Curry,-139.2,346.20000000000005,False
Stephen Curry,-8.399999999999999,243.0,True
Stephen Curry,186.0,297.0,False
Stephen Curry,-115.2,48.6,True
Stephen Curry,-156.0,327.0,False
Stephen Curry,80.4,215.39999999999998,True
Stephen Curry,195.6,321.0,True
Stephen Curry,-58.8,322.2,True
Stephen Curry,-16.799999999999997,373.8,False
Stephen Curry,6.0,72.6,False
Stephen Curry,-154.8,327.0,True
Stephen Curry,8.399999999999999,373.8,False
Stephen Curry,153.6,223.79999999999998,False
Stephen Curry,110.39999999999999,265.79999999999995,False
Stephen Curry,-19.2,201.0,True
Stephen Curry,139.2,337.79999999999995,True
Stephen Curry,-7.2,87.0,False
Stephen Curry,123.60000000000001,328.2,False
Stephen Curry,142.79999999999998,119.4,True
Stephen Curry,-0.0,103.8,False
Stephen Curry,-112.8,353.4,False
Stephen Curry,228.0,263.4,False
Stephen Curry,-117.6,208.20000000000005,True
Stephen Curry,7.2,91.80000000000001,False
Stephen Curry,153.6,329.40000000000003,True
Stephen Curry,274.79999999999995,213.0,False
Stephen Curry,-69.6,359.4,False
Stephen Curry,9.6,103.8,True
Stephen Curry,-31.200000000000003,373.8,False
Stephen Curry,1.2,187.8,False
Stephen Curry,232.8,78.6,False
Stephen Curry,8.399999999999999,157.8,False
Stephen Curry,100.80000000000001,399.0,False
Stephen Curry,134.39999999999998,196.20000000000002,False
Stephen Curry,157.2,334.2,True
Stephen Curry,-136.8,163.8,True
Stephen Curry,1.2,365.4,False
Stephen Curry,-241.20000000000002,246.60000000000002,False
Stephen Curry,-96.0,342.6,True
Stephen Curry,284.4,113.4,True
Stephen Curry,168.0,334.2,False
Stephen Curry,-283.20000000000005,94.2,True
Stephen Curry,-195.6,289.8,True
Stephen Curry,-203.99999999999997,306.6,False
Stephen Curry,-43.2,181.79999999999998,False
Stephen Curry,-130.8,142.2,True
Stephen Curry,25.200000000000003,265.79999999999995,False
Stephen Curry,85.19999999999999,354.6,False
Stephen Curry,189.6,187.8,False
Stephen Curry,3.6,78.6,True
Stephen Curry,-66.0,317.40000000000003,False
Stephen Curry,110.39999999999999,138.60000000000002,False
Stephen Curry,21.6,63.0,False
Stephen Curry,-42.0,253.79999999999998,True
Stephen Curry,-8.399999999999999,99.0,True
Stephen Curry,-117.6,340.20000000000005,True
Stephen Curry,-274.79999999999995,153.0,True
Stephen Curry,-104.39999999999999,349.79999999999995,True
Stephen Curry,-3.6,91.80000000000001,True
Stephen Curry,-84.0,89.4,False
Stephen Curry,-261.6,207.0,False
Stephen Curry,-14.4,371.4,True
Stephen Curry,198.0,310.2,True
Stephen Curry,-184.79999999999998,304.2,True
Stephen Curry,42.0,225.0,True
Stephen Curry,279.6,72.6,True
Stephen Curry,-8.399999999999999,85.80000000000001,False
Stephen Curry,6.0,83.4,True
Stephen Curry,-91.2,355.8,True
Stephen Curry,92.39999999999999,371.4,False
Stephen Curry,-195.6,286.20000000000005,False
Stephen Curry,265.20000000000005,109.8,False
Stephen Curry,-160.8,311.4,True
Stephen Curry,277.20000000000005,33.0,True
Stephen Curry,274.79999999999995,53.4,False
Stephen Curry,147.60000000000002,334.2,False
Stephen Curry,22.8,82.19999999999999,False
Stephen Curry,9.6,76.2,True
Stephen Curry,7.2,391.8,False
Stephen Curry,-105.60000000000002,352.20000000000005,True
Stephen Curry,-81.60000000000001,211.79999999999998,True
Stephen Curry,-2.4,472.20000000000005,False
Stephen Curry,9.6,76.2,True
Stephen Curry,-9.6,81.0,True
Stephen Curry,-267.6,203.39999999999998,False
Stephen Curry,-156.0,127.80000000000001,True
Stephen Curry,2.4,93.0,True
Stephen Curry,-4.8,84.6,False
Stephen Curry,120.0,334.2,True
Stephen Curry,246.0,118.2,True
Stephen Curry,-15.600000000000001,72.6,True
Stephen Curry,-226.8,264.6,True
Stephen Curry,-61.19999999999999,407.40000000000003,False
Stephen Curry,156.0,325.79999999999995,True
Stephen Curry,-133.2,369.0,True
Stephen Curry,-6.0,87.0,False
Stephen Curry,-278.4,53.4,False
Stephen Curry,19.2,76.2,False
Stephen Curry,205.20000000000002,294.59999999999997,False
Stephen Curry,-277.20000000000005,75.0,False
Stephen Curry,-168.0,375.0,False
Stephen Curry,81.60000000000001,360.59999999999997,False
Stephen Curry,-174.0,310.2,False
Stephen Curry,-144.0,347.4,True
Stephen Curry,-117.6,359.4,False
Stephen Curry,73.2,215.39999999999998,True
Stephen Curry,6.0,93.0,True
Stephen Curry,274.79999999999995,197.39999999999998,False
Stephen Curry,8.399999999999999,89.4,True
Stephen Curry,1.2,207.0,True
Stephen Curry,271.20000000000005,214.20000000000005,False
Stephen Curry,108.0,354.6,True
Stephen Curry,-6.0,95.4,True
Stephen Curry,175.2,321.0,False
Stephen Curry,10.8,389.40000000000003,False
Stephen Curry,187.2,319.79999999999995,False
Stephen Curry,-196.79999999999998,343.79999999999995,True
Stephen Curry,266.4,47.4,True
Stephen Curry,-36.0,196.20000000000002,False
Stephen Curry,15.600000000000001,83.4,True
Stephen Curry,-208.79999999999998,85.80000000000001,False
Stephen Curry,3.6,91.80000000000001,True
Stephen Curry,271.20000000000005,196.20000000000002,True
Stephen Curry,-192.0,310.2,False
Stephen Curry,3.6,84.6,False
Stephen Curry,-94.8,261.0,True
Stephen Curry,250.79999999999995,233.4,False
Stephen Curry,139.2,340.20000000000005,False
Stephen Curry,9.6,70.2,True
Stephen Curry,22.8,132.60000000000002,False
Stephen Curry,-147.60000000000002,342.6,False
Stephen Curry,-186.0,251.4,True
Stephen Curry,-247.20000000000002,227.4,False
Stephen Curry,120.0,383.4,False
Stephen Curry,-91.2,115.8,True
Stephen Curry,22.8,210.6,True
Stephen Curry,-214.79999999999998,270.6,True
Stephen Curry,-216.0,287.4,False
Stephen Curry,273.6,94.2,False
Stephen Curry,-38.4,85.80000000000001,True
Stephen Curry,70.80000000000001,341.4,False
Stephen Curry,279.6,57.0,True
Stephen Curry,122.39999999999998,331.79999999999995,False
Stephen Curry,-208.79999999999998,301.8,False
Stephen Curry,201.60000000000002,271.79999999999995,False
Stephen Curry,-184.79999999999998,240.6,True
Stephen Curry,4.8,70.2,True
Stephen Curry,-72.0,358.20000000000005,True
Stephen Curry,4.8,66.6,True
Stephen Curry,-108.0,390.59999999999997,False
Stephen Curry,272.4,75.0,False
Stephen Curry,16.799999999999997,371.4,True
Stephen Curry,205.20000000000002,283.8,False
Stephen Curry,4.8,61.800000000000004,False
Stephen Curry,56.4,78.6,False
Stephen Curry,-26.400000000000006,363.0,True
Stephen Curry,-106.8,347.4,True
Stephen Curry,120.0,341.4,True
Stephen Curry,-94.8,364.20000000000005,False
Stephen Curry,171.60000000000002,328.2,False
Stephen Curry,67.19999999999999,263.4,True
Stephen Curry,46.8,375.0,True
Stephen Curry,-3.6,201.0,False
Stephen Curry,-286.8,83.4,True
Stephen Curry,13.200000000000003,81.0,False
Stephen Curry,-205.20000000000002,299.4,False
Stephen Curry,-230.4,283.8,True
Stephen Curry,140.4,335.4,False
Stephen Curry,-34.8,73.80000000000001,True
Stephen Curry,-152.4,184.2,False
Stephen Curry,190.8,328.2,False
Stephen Curry,123.60000000000001,346.20000000000005,True
Stephen Curry,159.6,393.0,True
Stephen Curry,20.400000000000002,82.19999999999999,True
Stephen Curry,-178.8,313.8,False
Stephen Curry,265.20000000000005,235.8,False
Stephen Curry,-235.2,207.0,True
Stephen Curry,-279.6,107.39999999999999,False
Stephen Curry,-271.20000000000005,77.4,False
Stephen Curry,252.0,237.0,False
Stephen Curry,-54.0,371.4,False
Stephen Curry,-8.399999999999999,87.0,True
Stephen Curry,-1.2,89.4,True
Stephen Curry,90.0,352.20000000000005,True
Stephen Curry,-132.0,117.0,True
Stephen Curry,9.6,81.0,False
Stephen Curry,88.80000000000001,370.20000000000005,False
Stephen Curry,2.4,379.8,False
Stephen Curry,-10.8,88.19999999999999,False
Stephen Curry,-156.0,83.4,True
Stephen Curry,-201.60000000000002,312.6,False
Stephen Curry,-36.0,365.4,True
Stephen Curry,15.600000000000001,79.8,True
Stephen Curry,152.4,349.79999999999995,False
Stephen Curry,-24.0,75.0,False
Stephen Curry,-154.8,114.6,False
Stephen Curry,-114.0,353.4,True
Stephen Curry,-12.0,97.62,False
Stephen Curry,17.88,104.46,False
Stephen Curry,-0.6,71.7,True
Stephen Curry,2.4,102.05999999999999,False
Stephen Curry,13.440000000000003,103.86,True
Stephen Curry,2.64,99.05999999999999,False
Stephen Curry,-20.04,70.02,True
Stephen Curry,19.2,101.94000000000001,False
Stephen Curry,1.32,72.30000000000001,False
Stephen Curry,20.76,101.58,True
Stephen Curry,-15.96,99.89999999999999,True
Stephen Curry,22.68,93.9,False
Stephen Curry,-3.0,103.26000000000002,False
Stephen Curry,13.320000000000002,84.66,True
Stephen Curry,-15.360000000000001,103.38,False
Stephen Curry,16.080000000000002,101.34000000000002,False
Stephen Curry,11.76,98.22,False
Stephen Curry,27.599999999999998,72.17999999999999,False
Stephen Curry,-27.119999999999997,74.82,False
Stephen Curry,-15.96,96.18,False
Stephen Curry,-20.16,93.66,False
Stephen Curry,13.440000000000003,90.53999999999999,False
Stephen Curry,-0.6,70.02,False
Stephen Curry,27.119999999999997,70.02,False
Stephen Curry,-2.64,70.97999999999999,True
Stephen Curry,0.36,71.7,True
Stephen Curry,-23.52,88.86000000000001,True
Stephen Curry,-13.440000000000003,92.94,True
Stephen Curry,16.56,100.02000000000001,True
Stephen Curry,-28.8,71.22,False
Stephen Curry,2.52,70.02,False
Stephen Curry,10.8,98.46000000000001,False
Stephen Curry,-2.0399999999999987,71.1,True
Stephen Curry,5.880000000000002,100.13999999999999,False
Stephen Curry,1.56,70.26,True
Stephen Curry,-13.200000000000003,98.46000000000001,False
Stephen Curry,-9.0,103.02000000000001,True
Stephen Curry,-1.9200000000000002,69.30000000000001,True
Stephen Curry,28.679999999999993,70.5,True
Stephen Curry,27.119999999999997,81.66,False
Stephen Curry,21.120000000000005,92.7,True
Stephen Curry,2.64,70.97999999999999,False
Stephen Curry,1.6800000000000004,68.82000000000001,True
Stephen Curry,4.079999999999999,100.74,False
Stephen Curry,-0.36,101.34000000000002,False
Stephen Curry,-18.12,87.30000000000001,True
Stephen Curry,-20.88,73.62,False
Stephen Curry,-2.28,69.66,True
Stephen Curry,25.799999999999997,96.18,False
Stephen Curry,9.48,100.86000000000001,False
Stephen Curry,22.44,88.74,False
Stephen Curry,0.8399999999999987,79.74,True
Stephen Curry,-0.6,69.9,True
Stephen Curry,-0.72,104.69999999999999,False
Stephen Curry,5.64,70.02,False
Stephen Curry,24.72,87.05999999999999,False
Stephen Curry,2.52,70.86000000000001,False
Stephen Curry,-19.92,94.14,False
Stephen Curry,3.0,71.7,False
Stephen Curry,7.2,93.42,True
Stephen Curry,1.2,105.41999999999999,True
Stephen Curry,-0.6,101.69999999999999,True
Stephen Curry,-23.88,109.61999999999999,False
Stephen Curry,-1.6800000000000004,70.02,True
Stephen Curry,-16.799999999999997,98.22,False
Stephen Curry,0.8399999999999987,71.58,True
Stephen Curry,12.720000000000002,90.78,False
Stephen Curry,-5.76,101.34000000000002,False
Stephen Curry,-23.52,87.9,False
Stephen Curry,7.44,83.22,True
Stephen Curry,-1.0799999999999998,71.82000000000001,True
Stephen Curry,-4.199999999999999,75.42,False
Stephen Curry,-27.72,66.78,True
Stephen Curry,27.119999999999997,84.30000000000001,False
Stephen Curry,23.04,92.1,False
Stephen Curry,-13.799999999999999,109.14000000000001,False
Stephen Curry,-0.0,80.34,True
Stephen Curry,-13.440000000000003,100.02000000000001,True
Stephen Curry,2.88,94.62,True
Stephen Curry,-11.28,86.94000000000001,False
Stephen Curry,17.16,97.13999999999999,False
Stephen Curry,2.28,102.77999999999999,False
Stephen Curry,-154.8,333.0,True
Stephen Curry,-162.0,264.6,False
Stephen Curry,228.0,333.0,False
Stephen Curry,175.2,263.4,False
Stephen Curry,12.0,79.8,True
Stephen Curry,111.6,375.0,True
Stephen Curry,-67.19999999999999,363.0,False
Stephen Curry,-63.599999999999994,319.79999999999995,False
Stephen Curry,-57.6,192.6,True
Stephen Curry,-4.8,130.2,False
Stephen Curry,-25.200000000000003,609.0,False
Stephen Curry,-270.0,210.6,True
Stephen Curry,-56.4,376.2,False
Stephen Curry,-136.8,372.59999999999997,True
Stephen Curry,242.4,113.4,False
Stephen Curry,-135.60000000000002,352.20000000000005,False
Stephen Curry,-165.6,253.79999999999998,True
Stephen Curry,-214.79999999999998,293.4,True
Stephen Curry,-15.600000000000001,76.2,True
Stephen Curry,-139.2,280.20000000000005,True
Stephen Curry,-118.8,375.0,False
Stephen Curry,-20.400000000000002,77.4,True
Stephen Curry,-106.8,348.6,False
Stephen Curry,-8.399999999999999,135.0,True
Stephen Curry,7.2,89.4,False
Stephen Curry,-118.8,363.0,True
Stephen Curry,6.0,120.60000000000001,False
Stephen Curry,6.0,79.8,True
Stephen Curry,-277.20000000000005,115.8,False
Stephen Curry,188.4,325.79999999999995,False
Stephen Curry,192.0,67.80000000000001,True
Stephen Curry,-284.4,67.80000000000001,True
Stephen Curry,-12.0,89.4,True
Stephen Curry,-122.39999999999998,267.0,True
Stephen Curry,49.199999999999996,372.59999999999997,False
Stephen Curry,242.4,237.0,True
Stephen Curry,27.599999999999998,115.8,False
Stephen Curry,-25.200000000000003,336.6,False
Stephen Curry,278.4,94.2,True
Stephen Curry,110.39999999999999,382.2,False
Stephen Curry,-92.39999999999999,353.4,True
Stephen Curry,-158.39999999999998,361.8,True
Stephen Curry,18.0,83.4,True
Stephen Curry,-207.6,130.2,True
Stephen Curry,19.2,73.80000000000001,True
Stephen Curry,-163.20000000000002,217.79999999999998,True
Stephen Curry,-165.6,335.4,True
Stephen Curry,-112.8,153.0,True
Stephen Curry,-14.4,90.6,False
Stephen Curry,-21.6,81.0,True
Stephen Curry,278.4,79.8,False
Stephen Curry,13.200000000000003,77.4,True
Stephen Curry,-8.399999999999999,89.4,True
Stephen Curry,232.8,259.79999999999995,True
Stephen Curry,152.4,358.20000000000005,True
Stephen Curry,18.0,367.8,True
Stephen Curry,267.6,129.0,False
Stephen Curry,-12.0,70.2,True
Stephen Curry,140.4,346.20000000000005,False
Stephen Curry,228.0,295.8,False
Stephen Curry,-150.0,342.6,True
Stephen Curry,62.400000000000006,365.4,False
Stephen Curry,231.6,310.2,True
Stephen Curry,130.8,358.20000000000005,True
Stephen Curry,-175.2,352.20000000000005,False
Stephen Curry,32.4,159.0,False
Stephen Curry,150.0,369.0,True
Stephen Curry,-0.0,57.0,True
Stephen Curry,-46.8,172.2,True
Stephen Curry,40.800000000000004,407.40000000000003,False
Stephen Curry,-0.0,77.4,False
Stephen Curry,199.20000000000002,286.20000000000005,False
Stephen Curry,-10.8,73.80000000000001,False
Stephen Curry,-176.39999999999998,313.8,True
Stephen Curry,-109.2,359.4,True
Stephen Curry,-25.200000000000003,369.0,True
Stephen Curry,12.0,244.20000000000002,False
Stephen Curry,-172.8,318.6,True
Stephen Curry,-0.0,64.19999999999999,True
Stephen Curry,-146.4,202.20000000000002,False
Stephen Curry,-154.8,282.6,True
Stephen Curry,-112.8,322.2,False
Stephen Curry,242.4,486.59999999999997,False
Stephen Curry,-198.0,345.0,False
Stephen Curry,-73.2,375.0,False
Stephen Curry,-31.200000000000003,365.4,True
Stephen Curry,-7.2,64.19999999999999,True
Stephen Curry,-100.80000000000001,340.20000000000005,True
Stephen Curry,-33.599999999999994,310.2,True
Stephen Curry,290.4,53.4,True
Stephen Curry,72.0,353.4,False
Stephen Curry,-20.400000000000002,291.0,False
Stephen Curry,-7.2,77.4,True
Stephen Curry,-25.200000000000003,358.20000000000005,True
Stephen Curry,-110.39999999999999,342.6,True
Stephen Curry,-207.6,282.6,False
Stephen Curry,-15.600000000000001,64.19999999999999,False
Stephen Curry,-48.0,70.2,True
Stephen Curry,205.20000000000002,138.60000000000002,False
Stephen Curry,-114.0,333.0,False
Stephen Curry,15.600000000000001,125.39999999999998,False
Stephen Curry,28.8,89.4,False
Stephen Curry,-67.19999999999999,67.80000000000001,False
Stephen Curry,25.200000000000003,63.0,True
Stephen Curry,202.79999999999998,276.6,False
Stephen Curry,-7.2,115.8,False
Stephen Curry,-142.79999999999998,346.20000000000005,False
Stephen Curry,-271.20000000000005,70.2,True
Stephen Curry,6.0,63.0,True
Stephen Curry,-54.0,208.20000000000005,False
Stephen Curry,-56.4,70.2,True
Stephen Curry,-273.6,195.0,True
Stephen Curry,-57.6,94.2,False
Stephen Curry,-247.20000000000002,237.0,False
Stephen Curry,-145.2,339.0,False
Stephen Curry,-145.2,333.0,True
Stephen Curry,-243.6,263.4,False
Stephen Curry,-76.8,367.8,True
Stephen Curry,21.6,168.60000000000002,False
Stephen Curry,169.2,263.4,True
Stephen Curry,-38.4,253.79999999999998,False
Stephen Curry,-279.6,161.39999999999998,True
Stephen Curry,-2.4,237.0,True
Stephen Curry,-14.4,77.4,True
Stephen Curry,-279.6,67.80000000000001,True
Stephen Curry,-2.4,187.8,False
Stephen Curry,-234.0,87.0,False
Stephen Curry,55.199999999999996,178.2,True
Stephen Curry,-163.20000000000002,345.0,True
Stephen Curry,19.2,83.4,False
Stephen Curry,62.400000000000006,367.8,False
Stephen Curry,-280.8,142.2,False
Stephen Curry,-110.39999999999999,81.0,False
Stephen Curry,-181.2,126.60000000000001,False
Stephen Curry,78.0,231.0,False
Stephen Curry,-277.20000000000005,59.4,False
Stephen Curry,-256.79999999999995,246.60000000000002,True
Stephen Curry,90.0,318.6,True
Stephen Curry,-222.0,161.39999999999998,True
Stephen Curry,-21.6,64.19999999999999,True
Stephen Curry,-90.0,136.2,False
Stephen Curry,123.60000000000001,60.6,True
Stephen Curry,-271.20000000000005,148.2,True
Stephen Curry,-86.4,353.4,True
Stephen Curry,-150.0,250.20000000000002,False
Stephen Curry,-12.0,63.0,False
Stephen Curry,-150.0,345.0,False
Stephen Curry,278.4,70.2,True
Stephen Curry,260.4,223.79999999999998,True
Stephen Curry,-4.8,79.8,True
Stephen Curry,-0.0,66.6,False
Stephen Curry,-276.0,89.4,True
Stephen Curry,-122.39999999999998,153.0,False
Stephen Curry,274.79999999999995,169.8,True
Stephen Curry,-139.2,323.40000000000003,True
Stephen Curry,-254.39999999999998,349.79999999999995,False
Stephen Curry,-171.60000000000002,325.79999999999995,True
Stephen Curry,2.4,63.0,True
Stephen Curry,-284.4,55.8,False
Stephen Curry,6.0,369.0,False
Stephen Curry,-256.79999999999995,227.4,True
Stephen Curry,195.6,318.6,False
Stephen Curry,-123.60000000000001,349.79999999999995,True
Stephen Curry,-148.8,201.0,False
Stephen Curry,-162.0,353.4,False
Stephen Curry,-280.8,102.60000000000001,True
Stephen Curry,116.4,342.6,False
Stephen Curry,25.200000000000003,375.0,True
Stephen Curry,-1.2,64.19999999999999,True
Stephen Curry,-195.6,336.6,True
Stephen Curry,267.6,103.8,True
Stephen Curry,120.0,106.19999999999999,True
Stephen Curry,-8.399999999999999,63.0,True
Stephen Curry,176.39999999999998,238.20000000000002,False
Stephen Curry,-273.6,87.0,True
Stephen Curry,-12.0,64.19999999999999,False
Stephen Curry,-50.400000000000006,136.2,False
Stephen Curry,-154.8,269.4,False
Stephen Curry,-178.8,319.79999999999995,True
Stephen Curry,282.0,79.8,True
Stephen Curry,-106.8,96.60000000000001,False
Stephen Curry,-205.20000000000002,300.6,False
Stephen Curry,-152.4,274.20000000000005,True
Stephen Curry,42.0,369.0,False
Stephen Curry,-0.0,81.0,True
Stephen Curry,-73.2,89.4,True
Stephen Curry,-212.39999999999998,270.6,True
Stephen Curry,-21.6,286.20000000000005,False
Stephen Curry,286.8,113.4,True
Stephen Curry,-1.2,372.59999999999997,False
Stephen Curry,4.8,205.79999999999998,True
Stephen Curry,278.4,42.599999999999994,True
Stephen Curry,84.0,375.0,False
Stephen Curry,6.0,57.0,True
Stephen Curry,-0.0,64.19999999999999,True
Stephen Curry,45.6,267.0,False
Stephen Curry,9.6,59.4,False
Stephen Curry,-2.4,382.2,True
Stephen Curry,280.8,59.4,True
Stephen Curry,-7.2,85.80000000000001,True
Stephen Curry,-136.8,247.79999999999995,False
Stephen Curry,67.19999999999999,282.6,True
Stephen Curry,-31.200000000000003,59.4,False
Stephen Curry,248.4,50.99999999999999,True
Stephen Curry,-10.8,372.59999999999997,False
Stephen Curry,-178.8,221.4,False
Stephen Curry,-261.6,291.0,True
Stephen Curry,-171.60000000000002,340.20000000000005,True
Stephen Curry,-0.0,367.8,True
Stephen Curry,-86.4,211.79999999999998,False
Stephen Curry,-230.4,331.79999999999995,False
Stephen Curry,-33.599999999999994,372.59999999999997,False
Stephen Curry,55.199999999999996,89.4,False
Stephen Curry,-20.400000000000002,85.80000000000001,True
Stephen Curry,-132.0,259.79999999999995,True
Stephen Curry,186.0,100.19999999999999,True
Stephen Curry,-129.6,353.4,True
Stephen Curry,-82.8,371.4,True
Stephen Curry,246.0,259.79999999999995,False
Stephen Curry,4.8,81.0,False
Stephen Curry,93.6,361.8,False
Stephen Curry,-2.4,178.2,False
Stephen Curry,13.200000000000003,71.39999999999999,True
Stephen Curry,54.0,117.0,False
Stephen Curry,222.0,225.0,True
Stephen Curry,278.4,73.80000000000001,True
Stephen Curry,-7.2,123.0,False
Stephen Curry,-7.2,172.2,True
Stephen Curry,188.4,306.6,True
Stephen Curry,-43.2,359.4,True
Stephen Curry,103.19999999999999,117.0,True
Stephen Curry,-188.4,397.79999999999995,False
Stephen Curry,-10.8,81.0,False
Stephen Curry,-1.2,125.39999999999998,False
Stephen Curry,-171.60000000000002,339.0,False
Stephen Curry,18.0,76.2,True
Stephen Curry,-154.8,204.60000000000002,False
Stephen Curry,130.8,643.8,False
Stephen Curry,252.0,291.0,True
Stephen Curry,-24.0,117.0,True
Stephen Curry,-116.4,376.2,True
Stephen Curry,250.79999999999995,231.0,False
Stephen Curry,116.4,365.4,False
Stephen Curry,146.4,227.4,False
Stephen Curry,144.0,382.2,False
Stephen Curry,-172.8,355.8,False
Stephen Curry,-154.8,238.20000000000002,False
Stephen Curry,-182.4,90.6,False
Stephen Curry,-217.20000000000005,319.79999999999995,False
Stephen Curry,-243.6,257.4,False
Stephen Curry,6.0,89.4,False
Stephen Curry,-195.6,251.4,False
Stephen Curry,126.0,291.0,True
Stephen Curry,-1.2,367.8,False
Stephen Curry,231.6,309.0,False
Stephen Curry,172.8,316.2,False
Stephen Curry,-64.8,355.8,False
Stephen Curry,2.4,94.2,True
Stephen Curry,160.8,283.8,False
Stephen Curry,120.0,355.8,True
Stephen Curry,-284.4,42.599999999999994,False
Stephen Curry,255.60000000000002,172.2,False
Stephen Curry,-252.0,127.80000000000001,True
Stephen Curry,-236.4,235.8,True
Stephen Curry,-132.0,253.79999999999998,False
Stephen Curry,-176.39999999999998,255.00000000000003,False
Stephen Curry,144.0,352.20000000000005,False
Stephen Curry,-123.60000000000001,211.79999999999998,False
Stephen Curry,178.8,329.40000000000003,True
Stephen Curry,-178.8,316.2,True
Stephen Curry,-27.599999999999998,77.4,True
Stephen Curry,-50.400000000000006,297.0,True
Stephen Curry,-158.39999999999998,90.6,False
Stephen Curry,-148.8,349.79999999999995,False
Stephen Curry,-139.2,345.0,False
Stephen Curry,-90.0,310.2,False
Stephen Curry,19.2,70.2,True
Stephen Curry,-150.0,323.40000000000003,False
Stephen Curry,-118.8,306.6,False
Stephen Curry,12.0,77.4,True
Stephen Curry,-135.60000000000002,331.79999999999995,True
Stephen Curry,13.200000000000003,70.2,True
Stephen Curry,62.400000000000006,358.20000000000005,False
Stephen Curry,13.200000000000003,201.0,False
Stephen Curry,228.0,303.0,True
Stephen Curry,280.8,70.2,True
Stephen Curry,-146.4,342.6,True
Stephen Curry,51.599999999999994,371.4,False
Stephen Curry,-33.599999999999994,151.8,False
Stephen Curry,246.0,244.20000000000002,False
Stephen Curry,-33.599999999999994,83.4,False
Stephen Curry,34.8,381.0,False
Stephen Curry,231.6,240.6,True
Stephen Curry,248.4,241.79999999999995,True
Stephen Curry,-222.0,276.6,False
Stephen Curry,-132.0,257.4,False
Stephen Curry,-70.80000000000001,276.6,True
Stephen Curry,-222.0,283.8,False
Stephen Curry,-2.4,215.39999999999998,True
Stephen Curry,-1.2,304.2,False
Stephen Curry,-188.4,250.20000000000002,False
Stephen Curry,-141.60000000000002,359.4,False
Stephen Curry,19.2,119.4,False
Stephen Curry,218.4,291.0,False
Stephen Curry,172.8,106.19999999999999,False
Stephen Curry,229.2,267.0,False
Stephen Curry,192.0,211.79999999999998,True
Stephen Curry,-159.6,331.79999999999995,True
Stephen Curry,152.4,342.6,False
Stephen Curry,282.0,50.99999999999999,True
Stephen Curry,-40.800000000000004,378.6,True
Stephen Curry,172.8,306.6,False
Stephen Curry,12.0,67.80000000000001,True
Stephen Curry,-28.8,358.20000000000005,True
Stephen Curry,-162.0,318.6,True
Stephen Curry,-132.0,201.0,False
Stephen Curry,-126.0,261.0,False
Stephen Curry,261.6,198.6,True
Stephen Curry,-33.599999999999994,63.0,False
Stephen Curry,-198.0,234.6,True
Stephen Curry,-4.8,59.4,True
Stephen Curry,21.6,359.4,True
Stephen Curry,-243.6,270.6,False
Stephen Curry,117.6,345.0,False
Stephen Curry,-14.4,81.0,True
Stephen Curry,-207.6,289.8,False
Stephen Curry,28.8,66.6,True
Stephen Curry,156.0,210.6,False
Stephen Curry,139.2,333.0,False
Stephen Curry,-256.79999999999995,227.4,True
Stephen Curry,156.0,359.4,False
Stephen Curry,-182.4,161.39999999999998,True
Stephen Curry,9.6,60.6,True
Stephen Curry,-18.0,83.4,False
Stephen Curry,-0.0,369.0,True
Stephen Curry,-235.2,287.4,True
Stephen Curry,-123.60000000000001,138.60000000000002,False
Stephen Curry,169.2,184.2,True
Stephen Curry,51.599999999999994,191.4,False
Stephen Curry,175.2,166.2,False
Stephen Curry,212.39999999999998,169.8,False
Stephen Curry,-46.8,99.0,False
Stephen Curry,-184.79999999999998,335.4,True
Stephen Curry,106.8,109.8,False
Stephen Curry,250.79999999999995,263.4,False
Stephen Curry,-280.8,94.2,False
Stephen Curry,-250.79999999999995,228.6,True
Stephen Curry,8.399999999999999,96.60000000000001,False
Stephen Curry,-103.19999999999999,355.8,True
Stephen Curry,120.0,349.79999999999995,False
Stephen Curry,-279.6,106.19999999999999,True
Stephen Curry,-10.8,81.0,True
Stephen Curry,152.4,336.6,True
Stephen Curry,212.39999999999998,287.4,True
Stephen Curry,-25.200000000000003,85.80000000000001,False
Stephen Curry,273.6,93.0,False
Stephen Curry,170.39999999999998,336.6,True
Stephen Curry,156.0,336.6,True
Stephen Curry,219.6,269.4,True
Stephen Curry,-195.6,287.4,False
Stephen Curry,-212.39999999999998,282.6,False
Stephen Curry,126.0,363.0,False
Stephen Curry,9.6,169.8,False
Stephen Curry,175.2,322.2,False
Stephen Curry,231.6,333.0,False
Stephen Curry,98.39999999999999,389.40000000000003,True
Stephen Curry,254.39999999999998,204.60000000000002,True
Stephen Curry,-195.6,309.0,False
Stephen Curry,-69.6,136.2,False
Stephen Curry,-76.8,293.4,True
Stephen Curry,255.60000000000002,208.20000000000005,False
Stephen Curry,241.20000000000002,220.20000000000005,True
Stephen Curry,13.200000000000003,352.20000000000005,True
Stephen Curry,282.0,77.4,True
Stephen Curry,-273.6,79.8,False
Stephen Curry,274.79999999999995,143.4,False
Stephen Curry,13.200000000000003,66.6,True
Stephen Curry,-110.39999999999999,336.6,True
Stephen Curry,-139.2,331.79999999999995,True
Stephen Curry,-78.0,135.0,False
Stephen Curry,-87.6,342.6,False
Stephen Curry,-10.8,358.20000000000005,False
Stephen Curry,-271.20000000000005,59.4,True
Stephen Curry,-135.60000000000002,185.4,False
Stephen Curry,-280.8,93.0,False
Stephen Curry,129.6,241.79999999999995,True
Stephen Curry,-76.8,331.79999999999995,False
Stephen Curry,134.39999999999998,126.60000000000001,True
Stephen Curry,-162.0,327.0,True
Stephen Curry,18.0,309.0,False
Stephen Curry,27.599999999999998,365.4,True
Stephen Curry,12.0,53.4,True
Stephen Curry,-18.0,63.0,True
Stephen Curry,-31.200000000000003,85.80000000000001,False
Stephen Curry,150.0,336.6,True
Stephen Curry,25.200000000000003,106.19999999999999,True
Stephen Curry,-270.0,63.0,False
Stephen Curry,157.2,327.0,False
Stephen Curry,106.8,293.4,False
Stephen Curry,48.0,94.2,True
Stephen Curry,-103.19999999999999,346.20000000000005,True
Stephen Curry,2.4,73.80000000000001,True
Stephen Curry,61.19999999999999,71.39999999999999,True
Stephen Curry,-70.80000000000001,375.0,False
Stephen Curry,-12.0,77.4,False
Stephen Curry,-8.399999999999999,372.59999999999997,True
Stephen Curry,2.4,53.4,True
Stephen Curry,242.4,263.4,True
Stephen Curry,-126.0,342.6,True
Stephen Curry,22.8,73.80000000000001,True
Stephen Curry,-25.200000000000003,85.80000000000001,True
Stephen Curry,42.0,402.59999999999997,False
Stephen Curry,-0.0,181.79999999999998,False
Stephen Curry,-70.80000000000001,221.4,True
Stephen Curry,-64.8,359.4,True
Stephen Curry,-73.2,300.6,False
Stephen Curry,-33.599999999999994,64.19999999999999,False
Stephen Curry,-106.8,270.6,False
Stephen Curry,-20.400000000000002,66.6,True
Stephen Curry,-61.19999999999999,63.0,True
Stephen Curry,-222.0,282.6,False
Stephen Curry,-0.0,353.4,False
Stephen Curry,-2.4,87.0,False
Stephen Curry,182.4,130.2,False
Stephen Curry,4.8,63.0,False
Stephen Curry,208.79999999999998,267.0,False
Stephen Curry,6.0,60.6,True
Stephen Curry,34.8,273.0,False
Stephen Curry,159.6,87.0,False
Stephen Curry,-93.6,339.0,False
Stephen Curry,2.4,71.39999999999999,True
Stephen Curry,-129.6,283.8,False
Stephen Curry,153.6,309.0,False
Stephen Curry,-12.0,365.4,True
Stephen Curry,-279.6,63.0,True
Stephen Curry,-56.4,378.6,False
Stephen Curry,-231.6,250.20000000000002,True
Stephen Curry,-74.4,77.4,True
Stephen Curry,116.4,293.4,False
Stephen Curry,-54.0,73.80000000000001,True
Stephen Curry,-207.6,214.20000000000005,True
Stephen Curry,18.0,375.0,True
Stephen Curry,-150.0,335.4,False
Stephen Curry,28.8,102.60000000000001,False
Stephen Curry,-214.79999999999998,85.80000000000001,True
Stephen Curry,57.6,417.0,False
Stephen Curry,277.20000000000005,166.2,True
Stephen Curry,67.19999999999999,365.4,False
Stephen Curry,-64.8,384.59999999999997,True
Stephen Curry,-38.4,376.2,True
Stephen Curry,139.2,233.4,True
Stephen Curry,6.0,83.4,False
Stephen Curry,-0.0,64.19999999999999,True
Stephen Curry,85.19999999999999,378.6,True
Stephen Curry,-103.19999999999999,355.8,False
Stephen Curry,-283.20000000000005,149.4,True
Stephen Curry,-12.0,126.60000000000001,False
Stephen Curry,274.79999999999995,125.39999999999998,False
Stephen Curry,-248.4,136.2,False
Stephen Curry,19.2,85.80000000000001,False
Stephen Curry,252.0,257.4,False
Stephen Curry,21.6,123.0,True
Stephen Curry,-31.200000000000003,106.19999999999999,True
Stephen Curry,-1.2,77.4,True
Stephen Curry,-195.6,331.79999999999995,True
Stephen Curry,231.6,282.6,True
Stephen Curry,176.39999999999998,318.6,False
Stephen Curry,19.2,371.4,True
Stephen Curry,-7.2,93.0,False
Stephen Curry,136.8,246.60000000000002,False
Stephen Curry,-21.6,184.2,True
Stephen Curry,248.4,234.6,False
Stephen Curry,-122.39999999999998,289.8,False
Stephen Curry,-139.2,103.8,True
Stephen Curry,-284.4,85.80000000000001,False
Stephen Curry,-142.79999999999998,238.20000000000002,False
Stephen Curry,-0.0,85.80000000000001,False
Stephen Curry,40.800000000000004,371.4,False
Stephen Curry,-7.2,67.80000000000001,True
Stephen Curry,-18.0,349.79999999999995,True
Stephen Curry,-100.80000000000001,342.6,False
Stephen Curry,32.4,389.40000000000003,False
Stephen Curry,-190.8,197.39999999999998,True
Stephen Curry,188.4,100.19999999999999,False
Stephen Curry,-37.2,223.79999999999998,False
Stephen Curry,163.20000000000002,228.6,False
Stephen Curry,274.79999999999995,94.2,True
Stephen Curry,142.79999999999998,220.20000000000005,True
Stephen Curry,-267.6,100.19999999999999,False
Stephen Curry,19.2,361.8,False
Stephen Curry,-122.39999999999998,103.8,True
Stephen Curry,-148.8,322.2,False
Stephen Curry,74.4,228.6,True
Stephen Curry,49.199999999999996,130.2,True
Stephen Curry,-44.400000000000006,353.4,False
Stephen Curry,153.6,231.0,False
Stephen Curry,-15.600000000000001,55.8,True
Stephen Curry,252.0,237.0,False
Stephen Curry,-211.20000000000005,273.0,False
Stephen Curry,-139.2,353.4,False
Stephen Curry,6.0,60.6,True
Stephen Curry,178.8,205.79999999999998,False
Stephen Curry,4.8,363.0,True
Stephen Curry,84.0,358.20000000000005,False
Stephen Curry,273.6,64.19999999999999,True
Stephen Curry,-201.60000000000002,287.4,False
Stephen Curry,-18.0,361.8,True
Stephen Curry,-175.2,312.6,False
Stephen Curry,-21.6,365.4,False
Stephen Curry,-148.8,346.20000000000005,False
Stephen Curry,34.8,63.0,True
Stephen Curry,156.0,179.4,False
Stephen Curry,-4.8,363.0,False
Stephen Curry,18.0,59.4,True
Stephen Curry,195.6,202.20000000000002,False
Stephen Curry,-20.400000000000002,73.80000000000001,True
Stephen Curry,-176.39999999999998,318.6,False
Stephen Curry,120.0,342.6,True
Stephen Curry,238.8,237.0,True
Stephen Curry,238.8,59.4,False
Stephen Curry,-38.4,189.0,False
Stephen Curry,6.0,60.6,False
Stephen Curry,-20.400000000000002,375.0,True
Stephen Curry,-8.399999999999999,71.39999999999999,True
Stephen Curry,87.6,358.20000000000005,False
Stephen Curry,98.39999999999999,658.1999999999999,False
Stephen Curry,62.400000000000006,369.0,True
Stephen Curry,-14.4,67.80000000000001,True
Stephen Curry,4.8,71.39999999999999,False
Stephen Curry,222.0,215.39999999999998,False
Stephen Curry,114.0,126.60000000000001,False
Stephen Curry,291.59999999999997,63.0,False
Stephen Curry,152.4,346.20000000000005,True
Stephen Curry,21.6,67.80000000000001,True
Stephen Curry,-15.600000000000001,64.19999999999999,True
Stephen Curry,133.2,291.0,False
Stephen Curry,34.8,359.4,False
Stephen Curry,9.6,73.80000000000001,False
Stephen Curry,-145.2,346.20000000000005,True
Stephen Curry,-24.0,382.2,True
Stephen Curry,-74.4,85.80000000000001,False
Stephen Curry,22.8,358.20000000000005,True
Stephen Curry,25.200000000000003,77.4,False
Stephen Curry,12.0,64.19999999999999,True
Stephen Curry,9.6,76.2,False
Stephen Curry,-4.8,79.8,True
Stephen Curry,-212.39999999999998,312.6,False
Stephen Curry,-253.20000000000002,269.4,True
Stephen Curry,-54.0,312.6,False
Stephen Curry,-172.8,304.2,False
Stephen Curry,-279.6,130.2,False
Stephen Curry,242.4,241.79999999999995,False
Stephen Curry,85.19999999999999,385.8,True
Stephen Curry,-182.4,353.4,False
Stephen Curry,-126.0,135.0,True
Stephen Curry,-118.8,361.8,False
Stephen Curry,117.6,289.8,True
Stephen Curry,-148.8,365.4,True
Stephen Curry,-78.0,187.8,False
Stephen Curry,38.4,376.2,True
Stephen Curry,18.0,94.2,False
Stephen Curry,-172.8,346.20000000000005,False
Stephen Curry,-175.2,335.4,True
Stephen Curry,110.39999999999999,346.20000000000005,True
Stephen Curry,97.2,361.8,True
Stephen Curry,-116.4,358.20000000000005,True
Stephen Curry,-12.0,85.80000000000001,True
Stephen Curry,-0.0,83.4,True
Stephen Curry,111.6,348.6,False
Stephen Curry,192.0,117.0,True
Stephen Curry,-181.2,313.8,True
Stephen Curry,237.6,259.79999999999995,True
Stephen Curry,134.39999999999998,293.4,False
Stephen Curry,-136.8,228.6,True
Stephen Curry,139.2,346.20000000000005,True
Stephen Curry,-86.4,367.8,False
Stephen Curry,-8.399999999999999,102.60000000000001,False
Stephen Curry,4.8,391.8,False
Stephen Curry,-15.600000000000001,399.0,True
Stephen Curry,-176.39999999999998,259.79999999999995,False
Stephen Curry,-28.8,367.8,False
Stephen Curry,18.0,191.4,True
Stephen Curry,25.200000000000003,369.0,False
Stephen Curry,133.2,355.8,False
Stephen Curry,44.400000000000006,120.60000000000001,False
Stephen Curry,19.2,67.80000000000001,True
Stephen Curry,-201.60000000000002,67.80000000000001,False
Stephen Curry,-27.599999999999998,369.0,True
Stephen Curry,-54.0,70.2,True
Stephen Curry,206.39999999999998,273.0,False
Stephen Curry,-60.0,64.19999999999999,False
Stephen Curry,-1.2,106.19999999999999,False
Stephen Curry,-38.4,66.6,True
Stephen Curry,81.60000000000001,309.0,False
Stephen Curry,-56.4,253.79999999999998,True
Stephen Curry,18.0,126.60000000000001,False
Stephen Curry,-21.6,181.79999999999998,False
Stephen Curry,-146.4,289.8,False
Stephen Curry,-145.2,166.2,True
Stephen Curry,27.599999999999998,70.2,False
Stephen Curry,-150.0,359.4,False
Stephen Curry,196.79999999999998,677.4,False
Stephen Curry,163.20000000000002,365.4,False
Stephen Curry,235.2,250.20000000000002,True
Stephen Curry,-123.60000000000001,81.0,False
Stephen Curry,268.79999999999995,125.39999999999998,True
Stephen Curry,81.60000000000001,369.0,True
Stephen Curry,-240.0,251.4,True
Stephen Curry,-195.6,102.60000000000001,True
Stephen Curry,-8.399999999999999,66.6,True
Stephen Curry,-7.2,70.2,False
Stephen Curry,218.4,280.20000000000005,False
Stephen Curry,-135.60000000000002,336.6,False
Stephen Curry,-4.8,139.8,True
Stephen Curry,178.8,255.00000000000003,False
Stephen Curry,188.4,96.60000000000001,False
Stephen Curry,-176.39999999999998,289.8,False
Stephen Curry,-27.599999999999998,76.2,False
Stephen Curry,-182.4,247.79999999999995,False
Stephen Curry,-158.39999999999998,304.2,True
Stephen Curry,-90.0,372.59999999999997,False
Stephen Curry,-73.2,348.6,True
Stephen Curry,-106.8,348.6,True
Stephen Curry,12.0,197.39999999999998,True
Stephen Curry,222.0,96.60000000000001,False
Stephen Curry,-10.8,77.4,False
Stephen Curry,123.60000000000001,348.6,False
Stephen Curry,-14.4,96.60000000000001,True
Stephen Curry,117.6,346.20000000000005,False
Stephen Curry,-146.4,329.40000000000003,False
Stephen Curry,-136.8,345.0,True
Stephen Curry,-250.79999999999995,228.6,True
Stephen Curry,-127.19999999999999,309.0,False
Stephen Curry,51.599999999999994,76.2,True
Stephen Curry,-33.599999999999994,100.19999999999999,True
Stephen Curry,103.19999999999999,348.6,False
Stephen Curry,-250.79999999999995,175.8,True
Stephen Curry,-24.0,67.80000000000001,False
Stephen Curry,-25.200000000000003,77.4,True
Stephen Curry,-15.600000000000001,83.4,True
Stephen Curry,-211.20000000000005,287.4,False
Stephen Curry,126.0,277.79999999999995,False
Stephen Curry,-33.599999999999994,369.0,False
Stephen Curry,-120.0,107.39999999999999,True
Stephen Curry,-158.39999999999998,238.20000000000002,False
Stephen Curry,-0.0,102.60000000000001,False
Stephen Curry,-112.8,231.0,False
Stephen Curry,2.4,187.8,True
Stephen Curry,-241.20000000000002,246.60000000000002,False
Stephen Curry,160.8,313.8,False
Stephen Curry,-10.8,83.4,True
Stephen Curry,160.8,703.8,False
Stephen Curry,6.0,87.0,False
Stephen Curry,156.0,215.39999999999998,False
Stephen Curry,219.6,299.4,False
Stephen Curry,-90.0,371.4,True
Stephen Curry,-73.2,273.0,True
Stephen Curry,-0.0,90.6,True
Stephen Curry,-109.2,100.19999999999999,False
Stephen Curry,94.8,382.2,False
Stephen Curry,176.39999999999998,346.20000000000005,True
Stephen Curry,-1.2,87.0,False
Stephen Curry,34.8,99.0,False
Stephen Curry,-18.0,64.19999999999999,True
Stephen Curry,180.0,187.8,False
Stephen Curry,-168.0,342.6,False
Stephen Curry,-0.0,64.19999999999999,True
Stephen Curry,169.2,227.4,False
Stephen Curry,-12.0,282.6,True
Stephen Curry,-279.6,103.8,False
Stephen Curry,250.79999999999995,119.4,False
Stephen Curry,4.8,257.4,True
Stephen Curry,25.200000000000003,70.2,False
Stephen Curry,62.400000000000006,378.6,True
Stephen Curry,12.0,363.0,False
Stephen Curry,-178.8,109.8,True
Stephen Curry,-194.4,358.20000000000005,False
Stephen Curry,196.79999999999998,63.0,False
Stephen Curry,120.0,143.4,False
Stephen Curry,-136.8,349.79999999999995,False
Stephen Curry,-4.8,372.59999999999997,False
Stephen Curry,-217.20000000000005,282.6,False
Stephen Curry,34.8,378.6,True
Stephen Curry,13.200000000000003,89.4,False
Stephen Curry,136.8,359.4,True
Stephen Curry,-34.8,375.0,False
Stephen Curry,67.19999999999999,363.0,False
Stephen Curry,-8.399999999999999,67.80000000000001,True
Stephen Curry,-24.0,185.4,False
Stephen Curry,-0.0,331.79999999999995,False
Stephen Curry,-135.60000000000002,359.4,True
Stephen Curry,-15.600000000000001,375.0,True
Stephen Curry,98.39999999999999,375.0,False
Stephen Curry,2.4,83.4,False
Stephen Curry,48.0,293.4,True
Stephen Curry,-154.8,353.4,False
Stephen Curry,-15.600000000000001,76.2,True
Stephen Curry,13.200000000000003,60.6,True
Stephen Curry,274.79999999999995,103.8,True
Stephen Curry,93.6,289.8,True
Stephen Curry,-226.8,304.2,False
Stephen Curry,-126.0,87.0,False
Stephen Curry,18.0,67.80000000000001,True
Stephen Curry,-211.20000000000005,322.2,True
Stephen Curry,-18.0,93.0,False
Stephen Curry,139.2,112.2,True
Stephen Curry,-169.2,421.8,False
Stephen Curry,-28.8,83.4,True
Stephen Curry,87.6,214.20000000000005,True
Stephen Curry,42.0,371.4,False
Stephen Curry,152.4,117.0,True
Stephen Curry,250.79999999999995,289.8,True
Stephen Curry,-18.0,79.8,False
Stephen Curry,19.2,63.0,False
Stephen Curry,199.20000000000002,277.79999999999995,True
Stephen Curry,241.20000000000002,240.6,False
Stephen Curry,45.6,289.8,True
Stephen Curry,-10.8,102.60000000000001,True
Stephen Curry,103.19999999999999,102.60000000000001,True
Stephen Curry,94.8,165.0,True
Stephen Curry,-10.8,233.4,False
Stephen Curry,42.0,73.80000000000001,True
Stephen Curry,25.200000000000003,70.2,True
Stephen Curry,159.6,336.6,True
Stephen Curry,-277.20000000000005,49.800000000000004,False
Stephen Curry,-253.20000000000002,217.79999999999998,False
Stephen Curry,-15.600000000000001,355.8,False
Stephen Curry,172.8,318.6,False
Stephen Curry,-198.0,295.8,False
Stephen Curry,-69.6,107.39999999999999,True
Stephen Curry,-226.8,198.6,False
Stephen Curry,12.0,57.0,True
Stephen Curry,246.0,161.39999999999998,False
Stephen Curry,-15.600000000000001,64.19999999999999,True
Stephen Curry,-276.0,107.39999999999999,True
Stephen Curry,51.599999999999994,287.4,False
Stephen Curry,199.20000000000002,276.6,True
Stephen Curry,-92.39999999999999,340.20000000000005,False
Stephen Curry,-33.599999999999994,348.6,False
Stephen Curry,90.0,349.79999999999995,False
Stephen Curry,-0.0,90.6,False
Stephen Curry,-87.6,282.6,True
Stephen Curry,61.19999999999999,125.39999999999998,True
Stephen Curry,-2.4,358.20000000000005,False
Stephen Curry,286.8,81.0,True
Stephen Curry,4.8,159.0,True
Stephen Curry,246.0,241.79999999999995,False
Stephen Curry,-135.60000000000002,202.20000000000002,False
Stephen Curry,288.0,57.0,True
Stephen Curry,12.0,99.0,False
Stephen Curry,121.2,348.6,True
Stephen Curry,-2.4,313.8,False
Stephen Curry,6.0,81.0,True
Stephen Curry,225.6,286.20000000000005,False
Stephen Curry,2.4,241.79999999999995,True
Stephen Curry,21.6,79.8,False
Stephen Curry,-159.6,359.4,True
Stephen Curry,144.0,363.0,True
Stephen Curry,21.6,372.59999999999997,False
Stephen Curry,160.8,405.0,True
Stephen Curry,-276.0,120.60000000000001,True
Stephen Curry,87.6,214.20000000000005,True
Stephen Curry,-8.399999999999999,71.39999999999999,False
Stephen Curry,-56.4,87.0,False
Stephen Curry,-63.599999999999994,123.0,True
Stephen Curry,-76.8,289.8,True
Stephen Curry,-286.8,139.8,False
Stephen Curry,-280.8,165.0,True
Stephen Curry,-37.2,71.39999999999999,True
Stephen Curry,-129.6,323.40000000000003,True
Stephen Curry,224.4,972.6,False
Stephen Curry,94.8,358.20000000000005,False
Stephen Curry,-0.0,371.4,True
Stephen Curry,-31.200000000000003,63.0,True
Stephen Curry,12.0,63.0,True
Stephen Curry,-132.0,329.40000000000003,False
Stephen Curry,-0.0,274.20000000000005,True
Stephen Curry,-203.99999999999997,291.0,False
Stephen Curry,-145.2,331.79999999999995,True
Stephen Curry,-15.600000000000001,99.0,True
Stephen Curry,84.0,358.20000000000005,False
Stephen Curry,129.6,221.4,True
Stephen Curry,-28.8,145.79999999999998,False
Stephen Curry,-132.0,339.0,True
Stephen Curry,98.39999999999999,378.6,False
Stephen Curry,-156.0,345.0,True
Stephen Curry,12.0,107.39999999999999,False
Stephen Curry,182.4,352.20000000000005,False
Stephen Curry,250.79999999999995,250.20000000000002,True
Stephen Curry,-15.600000000000001,385.8,False
Stephen Curry,2.4,85.80000000000001,True
Stephen Curry,-15.600000000000001,79.8,True
Stephen Curry,265.20000000000005,225.0,False
Stephen Curry,129.6,273.0,True
Stephen Curry,-1.2,79.8,True
Stephen Curry,-109.2,381.0,False
Stephen Curry,212.39999999999998,269.4,True
Stephen Curry,61.19999999999999,83.4,False
Stephen Curry,-15.600000000000001,139.8,True
Stephen Curry,225.6,286.20000000000005,False
Stephen Curry,-106.8,282.6,False
Stephen Curry,-188.4,342.6,False
Stephen Curry,-129.6,375.0,True
Stephen Curry,-2.4,63.0,True
Stephen Curry,-139.2,363.0,False
Stephen Curry,-208.79999999999998,371.4,True
Stephen Curry,9.6,178.2,False
Stephen Curry,103.19999999999999,195.0,False
Stephen Curry,176.39999999999998,247.79999999999995,False
Stephen Curry,202.79999999999998,309.0,True
Stephen Curry,-74.4,295.8,True
Stephen Curry,-0.0,89.4,True
Stephen Curry,175.2,395.40000000000003,True
Stephen Curry,-105.60000000000002,365.4,False
Stephen Curry,4.8,208.20000000000005,False
Stephen Curry,-169.2,346.20000000000005,False
Stephen Curry,-214.79999999999998,293.4,False
Stephen Curry,-0.0,77.4,False
Stephen Curry,9.6,63.0,True
Stephen Curry,-7.2,89.4,True
Stephen Curry,12.0,255.00000000000003,False
Stephen Curry,225.6,205.79999999999998,False
Stephen Curry,18.0,76.2,True
Stephen Curry,114.0,99.0,True
Stephen Curry,-14.4,64.19999999999999,True
Stephen Curry,-211.20000000000005,316.2,True
Stephen Curry,280.8,107.39999999999999,True
Stephen Curry,-16.799999999999997,83.4,True
Stephen Curry,-8.399999999999999,73.80000000000001,True
Stephen Curry,156.0,129.0,False
Stephen Curry,-217.20000000000005,333.0,True
Stephen Curry,-148.8,333.0,False
Stephen Curry,40.800000000000004,389.40000000000003,False
Stephen Curry,-0.0,64.19999999999999,True
Stephen Curry,15.600000000000001,376.2,False
Stephen Curry,9.6,67.80000000000001,True
Stephen Curry,-201.60000000000002,303.0,True
Stephen Curry,-276.0,191.4,False
Stephen Curry,182.4,342.6,False
Stephen Curry,144.0,391.8,False
Stephen Curry,-10.8,66.6,True
Stephen Curry,21.6,81.0,False
Stephen Curry,210.0,313.8,True
Stephen Curry,103.19999999999999,359.4,True
Stephen Curry,-0.0,381.0,False
Stephen Curry,-148.8,221.4,True
Stephen Curry,255.60000000000002,240.6,False
Stephen Curry,241.20000000000002,291.0,True
Stephen Curry,188.4,322.2,True
Stephen Curry,241.20000000000002,291.0,False
Stephen Curry,22.8,81.0,False
Stephen Curry,-283.20000000000005,126.60000000000001,True
Stephen Curry,134.39999999999998,346.20000000000005,False
Stephen Curry,140.4,286.20000000000005,True
Stephen Curry,12.0,87.0,True
Stephen Curry,-276.0,46.199999999999996,True
Stephen Curry,-133.2,238.20000000000002,False
Stephen Curry,-248.4,261.0,False
Stephen Curry,-92.39999999999999,365.4,False
Stephen Curry,21.6,70.2,True
Stephen Curry,-8.399999999999999,73.80000000000001,False
Stephen Curry,-229.2,564.5999999999999,False
Stephen Curry,229.2,283.8,True
Stephen Curry,147.60000000000002,217.79999999999998,True
Stephen Curry,18.0,66.6,True
Stephen Curry,-261.6,217.79999999999998,True
Stephen Curry,-28.8,253.79999999999998,False
Stephen Curry,4.8,375.0,False
Stephen Curry,186.0,257.4,False
Stephen Curry,-195.6,304.2,False
Stephen Curry,19.2,247.79999999999995,False
Stephen Curry,8.399999999999999,67.80000000000001,False
Stephen Curry,146.4,336.6,False
Stephen Curry,123.60000000000001,270.6,True
Stephen Curry,27.599999999999998,59.4,True
Stephen Curry,208.79999999999998,205.79999999999998,True
Stephen Curry,210.0,280.20000000000005,False
Stephen Curry,-169.2,318.6,False
Stephen Curry,-182.4,329.40000000000003,True
Stephen Curry,-1.2,261.0,True
Stephen Curry,-99.60000000000001,228.6,True
Stephen Curry,163.20000000000002,358.20000000000005,False
Stephen Curry,4.8,371.4,True
Stephen Curry,-118.8,223.79999999999998,True
Stephen Curry,97.2,267.0,True
Stephen Curry,121.2,149.4,False
Stephen Curry,-1.2,191.4,True
Stephen Curry,-123.60000000000001,345.0,False
Stephen Curry,36.0,83.4,True
Stephen Curry,12.0,64.19999999999999,True
Stephen Curry,-2.4,64.19999999999999,True
Stephen Curry,-133.2,340.20000000000005,False
Stephen Curry,140.4,331.79999999999995,True
Stephen Curry,-51.599999999999994,67.80000000000001,True
Stephen Curry,277.20000000000005,67.80000000000001,False
Stephen Curry,-254.39999999999998,247.79999999999995,False
Stephen Curry,147.60000000000002,234.6,False
Stephen Curry,84.0,189.0,True
Stephen Curry,147.60000000000002,369.0,False
Stephen Curry,8.399999999999999,83.4,False
Stephen Curry,152.4,369.0,True
Stephen Curry,-10.8,73.80000000000001,True
Stephen Curry,72.0,117.0,True
Stephen Curry,-15.600000000000001,87.0,True
Stephen Curry,-114.0,125.39999999999998,False
Stephen Curry,201.60000000000002,353.4,False
Stephen Curry,-234.0,304.2,False
Stephen Curry,-18.0,94.2,True
Stephen Curry,106.8,132.60000000000002,True
Stephen Curry,-51.599999999999994,246.60000000000002,True
Stephen Curry,273.6,93.0,False
Stephen Curry,106.8,358.20000000000005,False
Stephen Curry,15.600000000000001,67.80000000000001,True
Stephen Curry,-195.6,299.4,True
Stephen Curry,159.6,223.79999999999998,False
Stephen Curry,8.399999999999999,241.79999999999995,True
Stephen Curry,2.4,81.0,True
Stephen Curry,-74.4,112.2,False
Stephen Curry,-27.599999999999998,67.80000000000001,True
Stephen Curry,48.0,397.79999999999995,False
Stephen Curry,-15.600000000000001,81.0,True
Stephen Curry,246.0,289.8,True
Stephen Curry,49.199999999999996,408.5999999999999,False
Stephen Curry,-244.79999999999995,280.20000000000005,True
Stephen Curry,-7.2,71.39999999999999,True
Stephen Curry,-208.79999999999998,297.0,False
Stephen Curry,206.39999999999998,318.6,True
Stephen Curry,-0.0,214.20000000000005,False
Stephen Curry,84.0,355.8,False
Stephen Curry,-76.8,348.6,True
Stephen Curry,153.6,323.40000000000003,False
Stephen Curry,142.79999999999998,335.4,False
Stephen Curry,-8.399999999999999,67.80000000000001,True
Stephen Curry,13.200000000000003,59.4,False
Stephen Curry,248.4,46.199999999999996,False
Stephen Curry,-261.6,228.6,False
Stephen Curry,146.4,153.0,True
Stephen Curry,-14.4,71.39999999999999,False
Stephen Curry,-76.8,358.20000000000005,False
Stephen Curry,106.8,353.4,True
Stephen Curry,13.200000000000003,67.80000000000001,False
Stephen Curry,-243.6,112.2,False
Stephen Curry,93.6,358.20000000000005,False
Stephen Curry,2.4,73.80000000000001,False
Stephen Curry,-31.200000000000003,192.6,True
Stephen Curry,219.6,253.79999999999998,False
Stephen Curry,-264.0,211.79999999999998,False
Stephen Curry,-10.8,66.6,True
Stephen Curry,2.4,59.4,True
Stephen Curry,-135.60000000000002,342.6,False
Stephen Curry,-10.8,66.6,True
Stephen Curry,-181.2,172.2,False
Stephen Curry,13.200000000000003,77.4,True
Stephen Curry,-92.39999999999999,405.0,False
Stephen Curry,180.0,228.6,True
Stephen Curry,28.8,73.80000000000001,False
Stephen Curry,195.6,310.2,True
Stephen Curry,-105.60000000000002,353.4,True
Stephen Curry,-56.4,106.19999999999999,True
Stephen Curry,106.8,71.39999999999999,False
Stephen Curry,38.4,371.4,False
Stephen Curry,-127.19999999999999,333.0,False
Stephen Curry,81.60000000000001,289.8,False
Stephen Curry,21.6,64.19999999999999,True
Stephen Curry,8.399999999999999,388.2,False
Stephen Curry,100.80000000000001,352.20000000000005,True
Stephen Curry,32.4,282.6,False
Stephen Curry,-28.8,107.39999999999999,False
Stephen Curry,90.0,309.0,True
Stephen Curry,-38.4,371.4,True
Stephen Curry,-175.2,303.0,True
Stephen Curry,32.4,76.2,True
Stephen Curry,-205.20000000000002,282.6,False
Stephen Curry,186.0,300.6,True
Stephen Curry,-99.60000000000001,234.6,True
Stephen Curry,13.200000000000003,76.2,False
Stephen Curry,-78.0,107.39999999999999,False
Stephen Curry,80.4,253.79999999999998,False
Stephen Curry,4.8,355.8,False
Stephen Curry,-60.0,77.4,True
Stephen Curry,126.0,253.79999999999998,False
Stephen Curry,-0.0,79.8,True
Stephen Curry,178.8,312.6,False
Stephen Curry,252.0,113.4,False
Stephen Curry,-201.60000000000002,280.20000000000005,False
Stephen Curry,67.19999999999999,125.39999999999998,True
Stephen Curry,-231.6,231.0,False
Stephen Curry,4.8,50.99999999999999,True
Stephen Curry,278.4,66.6,False
Stephen Curry,201.60000000000002,293.4,False
Stephen Curry,-271.20000000000005,90.6,True
Stephen Curry,6.0,60.6,True
Stephen Curry,-120.0,94.2,False
Stephen Curry,178.8,299.4,False
Stephen Curry,-243.6,313.8,True
Stephen Curry,-244.79999999999995,227.4,True
Stephen Curry,-129.6,339.0,False
Stephen Curry,-31.200000000000003,215.39999999999998,True
Stephen Curry,-21.6,81.0,False
Stephen Curry,62.400000000000006,384.59999999999997,True
Stephen Curry,9.6,71.39999999999999,True
Stephen Curry,104.39999999999999,123.0,True
Stephen Curry,-24.0,85.80000000000001,True
Stephen Curry,192.0,264.6,False
Stephen Curry,48.0,397.79999999999995,True
Stephen Curry,45.6,126.60000000000001,True
Stephen Curry,280.8,85.80000000000001,True
Stephen Curry,133.2,244.20000000000002,False
Stephen Curry,-24.0,269.4,False
Stephen Curry,-27.599999999999998,70.2,False
Stephen Curry,-150.0,346.20000000000005,False
Stephen Curry,210.0,93.0,True
Stephen Curry,235.2,306.6,False
Stephen Curry,-28.8,322.2,False
Stephen Curry,-90.0,280.20000000000005,True
Stephen Curry,-18.0,352.20000000000005,False
Stephen Curry,188.4,297.0,True
Stephen Curry,-176.39999999999998,289.8,False
Stephen Curry,-10.8,64.19999999999999,False
Stephen Curry,-78.0,211.79999999999998,True
Stephen Curry,-7.2,66.6,True
Stephen Curry,159.6,227.4,True
Stephen Curry,85.19999999999999,345.0,False
Stephen Curry,-152.4,319.79999999999995,False
Stephen Curry,116.4,228.6,True
Stephen Curry,-14.4,359.4,False
Stephen Curry,12.0,60.6,False
Stephen Curry,4.8,66.6,True
Stephen Curry,15.600000000000001,211.79999999999998,True
Stephen Curry,160.8,247.79999999999995,True
Stephen Curry,-195.6,169.8,False
Stephen Curry,-1.2,365.4,False
Stephen Curry,-0.0,64.19999999999999,True
Stephen Curry,142.79999999999998,329.40000000000003,False
Stephen Curry,282.0,93.0,False
Stephen Curry,202.79999999999998,228.6,False
Stephen Curry,-103.19999999999999,352.20000000000005,False
Stephen Curry,104.39999999999999,349.79999999999995,True
Stephen Curry,182.4,112.2,True
Stephen Curry,-122.39999999999998,126.60000000000001,False
Stephen Curry,-7.2,83.4,False
Stephen Curry,-21.6,66.6,True
Stephen Curry,-18.0,87.0,True
Stephen Curry,12.0,181.79999999999998,False
Stephen Curry,130.8,267.0,False
Stephen Curry,235.2,135.0,True
Stephen Curry,94.8,335.4,False
Stephen Curry,-188.4,339.0,False
Stephen Curry,277.20000000000005,123.0,True
Stephen Curry,-12.0,79.8,True
Stephen Curry,-76.8,215.39999999999998,True
Stephen Curry,-4.8,100.19999999999999,False
Stephen Curry,21.6,81.0,False
Stephen Curry,152.4,365.4,False
Stephen Curry,-250.79999999999995,261.0,False
Stephen Curry,-224.4,310.2,True
Stephen Curry,19.2,67.80000000000001,True
Stephen Curry,-142.79999999999998,100.19999999999999,False
Stephen Curry,-123.60000000000001,96.60000000000001,False
Stephen Curry,13.200000000000003,79.8,True
Stephen Curry,2.4,102.60000000000001,False
Stephen Curry,45.6,382.2,True
Stephen Curry,2.4,178.2,False
Stephen Curry,18.0,71.39999999999999,True
Stephen Curry,-208.79999999999998,313.8,True
Stephen Curry,-226.8,286.20000000000005,False
Stephen Curry,-286.8,149.4,False
Stephen Curry,205.20000000000002,327.0,True
Stephen Curry,-240.0,263.4,False
Stephen Curry,232.8,283.8,False
Stephen Curry,123.60000000000001,155.4,True
Stephen Curry,-14.4,66.6,True
Stephen Curry,55.199999999999996,96.60000000000001,False
Stephen Curry,210.0,168.60000000000002,False
Stephen Curry,72.0,99.0,True
Stephen Curry,-28.8,73.80000000000001,True
Stephen Curry,114.0,399.0,True
Stephen Curry,-10.8,93.0,False
Stephen Curry,-10.8,389.40000000000003,False
Stephen Curry,-21.6,89.4,True
Stephen Curry,-276.0,106.19999999999999,False
Stephen Curry,-240.0,259.79999999999995,False
Stephen Curry,-15.600000000000001,273.0,True
Stephen Curry,22.8,384.59999999999997,True
Stephen Curry,94.8,90.6,True
Stephen Curry,21.6,323.40000000000003,False
Stephen Curry,-1.2,76.2,True
Stephen Curry,-7.2,71.39999999999999,True
Stephen Curry,34.8,85.80000000000001,False
Stephen Curry,-141.60000000000002,352.20000000000005,False
Stephen Curry,9.6,67.80000000000001,True
Stephen Curry,-8.399999999999999,76.2,True
Stephen Curry,-0.0,77.4,True
Stephen Curry,12.0,359.4,False
Stephen Curry,-207.6,300.6,False
Stephen Curry,-176.39999999999998,306.6,False
Stephen Curry,-286.8,94.2,False
Stephen Curry,-0.0,168.60000000000002,False
Stephen Curry,-63.599999999999994,195.0,True
Stephen Curry,-175.2,329.40000000000003,False
Stephen Curry,18.0,64.19999999999999,True
Stephen Curry,152.4,325.79999999999995,False
Stephen Curry,76.8,89.4,True
Stephen Curry,-208.79999999999998,289.8,False
Stephen Curry,31.200000000000003,99.0,False
Stephen Curry,-129.6,225.0,True
Stephen Curry,121.2,353.4,False
Stephen Curry,-1.2,96.60000000000001,True
Stephen Curry,-188.4,355.8,False
Stephen Curry,-247.20000000000002,261.0,True
Stephen Curry,142.79999999999998,342.6,False
Stephen Curry,-181.2,313.8,False
Stephen Curry,-21.6,395.40000000000003,True
Stephen Curry,-28.8,225.0,False
Stephen Curry,98.39999999999999,273.0,True
Stephen Curry,36.0,411.0,True
Stephen Curry,-123.60000000000001,282.6,True
Stephen Curry,-86.4,372.59999999999997,True
Stephen Curry,-279.6,119.4,True
Stephen Curry,210.0,274.20000000000005,True
Stephen Curry,-1.2,94.2,False
Stephen Curry,85.19999999999999,389.40000000000003,True
Stephen Curry,76.8,153.0,True
Stephen Curry,-10.8,67.80000000000001,True
Stephen Curry,12.0,71.39999999999999,False
Stephen Curry,208.79999999999998,269.4,True
Stephen Curry,-283.20000000000005,115.8,False
Stephen Curry,-61.19999999999999,359.4,True
Stephen Curry,-27.599999999999998,59.4,True
Stephen Curry,201.60000000000002,277.79999999999995,False
Stephen Curry,-4.8,70.2,False
Stephen Curry,-290.4,100.19999999999999,True
Stephen Curry,-192.0,295.8,True
Stephen Curry,18.0,358.20000000000005,True
Stephen Curry,152.4,267.0,False
Stephen Curry,-10.8,94.2,True
Stephen Curry,241.20000000000002,228.6,True
Stephen Curry,34.8,81.0,True
Stephen Curry,-74.4,208.20000000000005,False
Stephen Curry,-169.2,313.8,False
Stephen Curry,70.80000000000001,352.20000000000005,True
Stephen Curry,163.20000000000002,306.6,True
Stephen Curry,-168.0,269.4,False
Stephen Curry,165.6,309.0,False
Stephen Curry,-38.4,202.20000000000002,False
Stephen Curry,210.0,270.6,False
Stephen Curry,-20.400000000000002,89.4,False
Stephen Curry,13.200000000000003,241.79999999999995,False
Stephen Curry,6.0,70.2,False
Stephen Curry,-0.0,99.0,True
Stephen Curry,-21.6,63.0,False
Stephen Curry,-207.6,269.4,False
Stephen Curry,189.6,287.4,True
Stephen Curry,-10.8,73.80000000000001,True
Stephen Curry,244.79999999999995,238.20000000000002,False
Stephen Curry,188.4,204.60000000000002,True
Stephen Curry,-4.8,355.8,True
Stephen Curry,250.79999999999995,250.20000000000002,False
Stephen Curry,127.19999999999999,361.8,False
Stephen Curry,248.4,100.19999999999999,False
Stephen Curry,130.8,336.6,True
Stephen Curry,-112.8,372.59999999999997,False
Stephen Curry,-12.0,73.80000000000001,True
Stephen Curry,129.6,231.0,False
Stephen Curry,-188.4,323.40000000000003,False
Stephen Curry,-145.2,372.59999999999997,True
Stephen Curry,-48.0,684.6,False
Stephen Curry,-175.2,329.40000000000003,False
Stephen Curry,-208.79999999999998,304.2,False
Stephen Curry,-8.399999999999999,79.8,True
Stephen Curry,-150.0,327.0,True
Stephen Curry,-20.400000000000002,85.80000000000001,True
Stephen Curry,-18.0,102.60000000000001,True
Stephen Curry,25.200000000000003,94.2,True
Stephen Curry,-70.80000000000001,142.2,False
Stephen Curry,205.20000000000002,331.79999999999995,True
Stephen Curry,-86.4,306.6,False
Stephen Curry,225.6,319.79999999999995,True
Stephen Curry,-15.600000000000001,81.0,True
Stephen Curry,-165.6,316.2,True
Stephen Curry,-18.0,83.4,False
Stephen Curry,-283.20000000000005,70.2,False
Stephen Curry,133.2,49.800000000000004,False
Stephen Curry,-18.0,375.0,True
Stephen Curry,142.79999999999998,291.0,False
Stephen Curry,38.4,382.2,True
Stephen Curry,252.0,100.19999999999999,False
Stephen Curry,-15.600000000000001,83.4,True
Stephen Curry,-169.2,231.0,False
Stephen Curry,-162.0,217.79999999999998,False
Stephen Curry,199.20000000000002,339.0,True
Stephen Curry,268.79999999999995,217.79999999999998,True
Stephen Curry,12.0,67.80000000000001,True
Stephen Curry,-0.0,191.4,False
Stephen Curry,219.6,309.0,False
Stephen Curry,163.20000000000002,233.4,True
Stephen Curry,199.20000000000002,162.6,True
Stephen Curry,189.6,166.2,True
Stephen Curry,199.20000000000002,310.2,False
Stephen Curry,-106.8,358.20000000000005,False
Stephen Curry,-195.6,323.40000000000003,True
Stephen Curry,76.8,369.0,False
Stephen Curry,-231.6,189.0,False
Stephen Curry,-12.0,83.4,True
Stephen Curry,-212.39999999999998,323.40000000000003,False
Stephen Curry,-284.4,81.0,True
Stephen Curry,-2.4,73.80000000000001,True
Stephen Curry,199.20000000000002,310.2,False
Stephen Curry,-266.4,192.6,True
Stephen Curry,-184.79999999999998,148.2,False
Stephen Curry,278.4,94.2,False
Stephen Curry,-112.8,287.4,True
Stephen Curry,218.4,365.4,False
Stephen Curry,129.6,247.79999999999995,False
Stephen Curry,-40.800000000000004,367.8,False
Stephen Curry,-109.2,113.4,False
Stephen Curry,-0.0,107.39999999999999,False
Stephen Curry,18.0,389.40000000000003,False
Stephen Curry,110.39999999999999,106.19999999999999,True
Stephen Curry,-7.2,67.80000000000001,True
Stephen Curry,-218.4,325.79999999999995,False
Stephen Curry,130.8,234.6,True
Stephen Curry,12.0,87.0,True
Stephen Curry,284.4,70.2,False
Stephen Curry,-182.4,353.4,False
Stephen Curry,-12.0,109.8,True
Stephen Curry,9.6,71.39999999999999,True
Stephen Curry,-31.200000000000003,89.4,False
Stephen Curry,-105.60000000000002,159.0,True
Stephen Curry,-20.400000000000002,375.0,False
Stephen Curry,-148.8,251.4,False
Stephen Curry,-50.400000000000006,353.4,False
Stephen Curry,-34.8,77.4,True
Stephen Curry,-64.8,352.20000000000005,False
Stephen Curry,36.0,197.39999999999998,True
Stephen Curry,87.6,251.4,False
Stephen Curry,-7.2,364.20000000000005,False
Stephen Curry,8.399999999999999,66.6,True
Stephen Curry,-20.400000000000002,353.4,False
Stephen Curry,-1.2,66.6,True
Stephen Curry,100.80000000000001,339.0,True
Stephen Curry,-33.599999999999994,79.8,True
Stephen Curry,277.20000000000005,89.4,True
Stephen Curry,103.19999999999999,67.80000000000001,False
Stephen Curry,153.6,323.40000000000003,False
Stephen Curry,-279.6,50.99999999999999,True
Stephen Curry,121.2,289.8,False
Stephen Curry,126.0,348.6,False
Stephen Curry,-34.8,81.0,True
Stephen Curry,-25.200000000000003,389.40000000000003,True
Stephen Curry,-0.0,365.4,True
Stephen Curry,-7.2,99.0,True
Stephen Curry,-283.20000000000005,172.2,True
Stephen Curry,2.4,66.6,True
Stephen Curry,104.39999999999999,132.60000000000002,True
Stephen Curry,-120.0,333.0,False
Stephen Curry,-146.4,316.2,True
Stephen Curry,-271.20000000000005,113.4,True
Stephen Curry,157.2,309.0,False
Stephen Curry,186.0,289.8,True
Stephen Curry,-12.0,297.0,False
Stephen Curry,-7.2,70.2,False
Stephen Curry,-126.0,358.20000000000005,False
Stephen Curry,2.4,50.99999999999999,True
Stephen Curry,-175.2,267.0,True
Stephen Curry,152.4,126.60000000000001,False
Stephen Curry,9.6,369.0,True
Stephen Curry,-24.0,60.6,True
Stephen Curry,12.0,70.2,True
Stephen Curry,-146.4,187.8,True
Stephen Curry,-198.0,327.0,True
Stephen Curry,-230.4,299.4,False
Stephen Curry,-211.20000000000005,103.8,True
Stephen Curry,4.8,103.8,False
Stephen Curry,-44.400000000000006,96.60000000000001,False
Stephen Curry,121.2,238.20000000000002,False
Stephen Curry,-271.20000000000005,73.80000000000001,False
Stephen Curry,277.20000000000005,151.8,True
Stephen Curry,-37.2,372.59999999999997,False
Stephen Curry,-199.20000000000002,306.6,True
Stephen Curry,114.0,244.20000000000002,True
Stephen Curry,-15.600000000000001,143.4,False
Stephen Curry,2.4,67.80000000000001,True
Stephen Curry,-21.6,77.4,True
Stephen Curry,238.8,240.6,True
Stephen Curry,22.8,102.60000000000001,False
Stephen Curry,-70.80000000000001,352.20000000000005,False
Stephen Curry,-228.0,162.6,False
Stephen Curry,-57.6,64.19999999999999,False
Stephen Curry,278.4,70.2,False
Stephen Curry,130.8,325.79999999999995,False
Stephen Curry,-99.60000000000001,293.4,True
Stephen Curry,130.8,327.0,False
Stephen Curry,170.39999999999998,208.20000000000005,True
Stephen Curry,-10.8,63.0,False
Stephen Curry,232.8,112.2,False
Stephen Curry,18.0,60.6,False
Stephen Curry,98.39999999999999,277.79999999999995,False
Stephen Curry,19.2,316.2,True
Stephen Curry,123.60000000000001,270.6,False
Stephen Curry,-148.8,345.0,False
Stephen Curry,-25.200000000000003,240.6,True
Stephen Curry,18.0,66.6,True
Stephen Curry,61.19999999999999,353.4,True
Stephen Curry,-188.4,174.60000000000002,False
Stephen Curry,-145.2,79.8,True
Stephen Curry,-172.8,336.6,False
Stephen Curry,-0.0,107.39999999999999,True
Stephen Curry,-109.2,365.4,False
Stephen Curry,-190.8,331.79999999999995,True
Stephen Curry,-18.0,73.80000000000001,True
Stephen Curry,-21.6,89.4,False
Stephen Curry,-212.39999999999998,270.6,False
Stephen Curry,-168.0,94.2,False
Stephen Curry,-57.6,117.0,True
Stephen Curry,91.2,371.4,False
Stephen Curry,147.60000000000002,339.0,True
Stephen Curry,44.400000000000006,192.6,True
Stephen Curry,183.60000000000002,192.6,True
Stephen Curry,147.60000000000002,339.0,True
Stephen Curry,-74.4,107.39999999999999,False
Stephen Curry,-0.0,367.8,False
Stephen Curry,165.6,221.4,True
Stephen Curry,27.599999999999998,106.19999999999999,False
Stephen Curry,-250.79999999999995,214.20000000000005,False
Stephen Curry,-270.0,181.79999999999998,True
Stephen Curry,196.79999999999998,303.0,False
Stephen Curry,31.200000000000003,83.4,True
Stephen Curry,-40.800000000000004,89.4,True
Stephen Curry,-44.400000000000006,359.4,False
Stephen Curry,-21.6,85.80000000000001,False
Stephen Curry,21.6,358.20000000000005,True
Stephen Curry,64.8,358.20000000000005,False
Stephen Curry,274.79999999999995,94.2,False
Stephen Curry,93.6,103.8,False
Stephen Curry,4.8,185.4,False
Stephen Curry,196.79999999999998,287.4,False
Stephen Curry,13.200000000000003,71.39999999999999,True
Stephen Curry,-27.599999999999998,81.0,True
Stephen Curry,-78.0,358.20000000000005,False
Stephen Curry,97.2,149.4,True
